mous_uid,spw_id,resolution_bucket,line_fraction_percent
uid___A001_X3788_X52a5,7,CONT,37.49159120000153
uid___A001_X3788_X52a5,19,CONT,14.05073715
uid___A001_X3788_X52a5,21,CONT,18.738841840000916
uid___A001_X3788_X52a5,23,COARSE,23.94813474666504
uid___A001_X3788_X52a9,7,CONT,14.050996745000457
uid___A001_X3788_X52a9,9,CONT,14.05079765
uid___A001_X3788_X52a9,11,CONT,14.05075915
uid___A001_X3788_X52a9,17,COARSE,20.197688997332357
uid___A001_X3788_X52ad,7,CONT,14.059372699999237
uid___A001_X3788_X52ad,19,CONT,14.840446755000306
uid___A001_X3788_X52ad,21,CONT,36.7162657300003
uid___A001_X3788_X52ad,23,COARSE,41.03954756266845
uid___A001_X3788_X52bb,7,CONT,14.830227459999085
uid___A001_X3788_X52bb,9,CONT,14.0486565
uid___A001_X3788_X52bb,15,CONT,23.425372989997864
uid___A001_X3788_X52bb,19,CONT,14.048621850001524
uid___A001_X3788_X52bf,17,CONT,14.837325540000151
uid___A001_X3788_X52bf,19,CONT,14.837299925
uid___A001_X3788_X52bf,21,CONT,14.837153319998169
uid___A001_X3788_X52bf,23,CONT,37.4951396
uid___A001_X3788_X52c3,17,CONT,28.1200849
uid___A001_X3788_X52c3,19,CONT,14.837901604999542
uid___A001_X3788_X52c3,21,CONT,59.37214338000031
uid___A001_X3788_X52c3,23,CONT,14.056431850000001
uid___A001_X3788_X52ca,7,CONT,14.058917849998473
uid___A001_X3788_X52ca,11,CONT,14.058674750001526
uid___A001_X3788_X52ca,15,CONT,14.058948644999694
uid___A001_X3788_X52ca,18,CONT,16.40255903500061
uid___A001_X3788_X52ce,17,CONT,14.822442679992676
uid___A001_X3788_X52ce,19,CONT,14.82219361500244
uid___A001_X3788_X52ce,21,CONT,14.822492275006102
uid___A001_X3788_X52ce,23,CONT,14.822144019995118
uid___A001_X3788_X52ce,25,CONT,16.385429940002442
uid___A001_X3788_X52ce,27,CONT,14.822095515002442
uid___A001_X3788_X52ce,29,CONT,24.981364
uid___A001_X3788_X52ce,31,CONT,14.822045920007323
uid___A001_X3788_X5344,21,CONT,14.838483665000915
uid___A001_X3788_X5344,23,CONT,14.838464045000457
uid___A001_X3788_X5344,25,COARSE,21.245249296000974
uid___A001_X3788_X5344,27,COARSE,13.744779184000652
uid___A001_X3788_X5348,21,CONT,14.841702435000611
uid___A001_X3788_X5348,23,CONT,14.84168608500061
uid___A001_X3788_X5348,25,COARSE,14.58138501333252
uid___A001_X3788_X5348,27,COARSE,4.16446848
uid___A001_X3788_X534c,11,CONT,14.8447092
uid___A001_X3788_X534c,20,CONT,14.84472991000061
uid___A001_X3788_X534c,23,COARSE,12.084508181333007
uid___A001_X3788_X534c,25,COARSE,32.50088819199951
uid___A001_X3788_X5354,19,CONT,26.560520830000307
uid___A001_X3788_X5354,21,CONT,14.841437019999695
uid___A001_X3788_X5354,23,COARSE,5.830920256000162
uid___A001_X3788_X5354,25,COARSE,28.748160495999347
uid___A001_X3788_X5360,21,CONT,39.83464975499954
uid___A001_X3788_X5360,23,CONT,26.551370870000458
uid___A001_X3788_X5360,25,COARSE,36.24047646399984
uid___A001_X3788_X5360,27,COARSE,4.152322026666667
uid___A001_X3788_X5364,21,CONT,14.843683509999847
uid___A001_X3788_X5364,23,CONT,14.843664980000304
uid___A001_X3788_X5364,25,COARSE,35.00004576
uid___A001_X3788_X5364,27,COARSE,35.41669890666667
uid___A001_X3788_X5368,9,CONT,14.063363500000001
uid___A001_X3788_X5368,19,CONT,14.844593115000151
uid___A001_X3788_X5368,21,COARSE,7.91768385599935
uid___A001_X3788_X5368,23,COARSE,45.000599808000494
uid___A001_X3788_X536c,21,CONT,14.841452279999542
uid___A001_X3788_X536c,23,CONT,14.841434294999695
uid___A001_X3788_X536c,25,COARSE,14.997822911999512
uid___A001_X3788_X536c,27,COARSE,10.414356133334147
uid___A001_X3788_X5379,25,COARSE,41.668798026660156
uid___A001_X3788_X5379,27,COARSE,24.170745408004557
uid___A001_X3788_X5379,29,COARSE,18.336227861334635
uid___A001_X3788_X5379,31,COARSE,18.336220543997396
uid___A001_X3788_X537d,25,COARSE,18.316658688001304
uid___A001_X3788_X537d,27,COARSE,18.31662420266276
uid___A001_X3788_X537d,29,COARSE,23.317296383997395
uid___A001_X3788_X537d,31,COARSE,18.316216522669272
uid___A001_X3788_X5381,25,COARSE,42.489990399999996
uid___A001_X3788_X5381,27,COARSE,54.15867392
uid___A001_X3788_X5381,29,COARSE,59.15935037866862
uid___A001_X3788_X5381,31,COARSE,18.31867566933268
uid___A001_X3788_X5385,25,COARSE,18.320153247998046
uid___A001_X3788_X5385,27,COARSE,18.32011822933268
uid___A001_X3788_X5385,29,COARSE,18.319612288001302
uid___A001_X3788_X5385,31,COARSE,54.99536607466634
uid___A001_X3788_X5389,25,COARSE,18.33551233067057
uid___A001_X3788_X5389,27,COARSE,18.335507104003906
uid___A001_X3788_X5389,29,COARSE,18.33544072533203
uid___A001_X3788_X5389,31,COARSE,10.00353894400065
uid___A001_X3788_X538d,25,COARSE,18.327919029335938
uid___A001_X3788_X538d,27,COARSE,32.079819488001306
uid___A001_X3788_X538d,29,COARSE,18.327839583997395
uid___A001_X3788_X538d,31,COARSE,19.99461222400391
uid___A001_X3788_X5391,25,COARSE,18.335775765332034
uid___A001_X3788_X5391,27,COARSE,65.0010415999935
uid___A001_X3788_X5391,29,COARSE,18.335617386666666
uid___A001_X3788_X5391,31,COARSE,69.16848489599285
uid___A001_X3788_X5395,25,COARSE,18.33569892266276
uid___A001_X3788_X5395,27,COARSE,18.335688991998698
uid___A001_X3788_X5395,29,COARSE,18.3355713919987
uid___A001_X3788_X5395,31,COARSE,35.00339289599935
uid___A001_X3788_X53e6,25,FINE,24.33583843341787
uid___A001_X3788_X53e6,27,FINE,55.79761271671423
uid___A001_X3788_X53e6,29,FINE,32.65520870403646
uid___A001_X3788_X53e6,31,MEDIUM,33.95320686399577
uid___A001_X3788_X53e6,33,MEDIUM,35.41380480533366
uid___A001_X3788_X53e6,35,FINE,26.242976901930543
uid___A001_X3788_X53e6,37,FINE,48.19216999059827
uid___A001_X3788_X53e8,24,FINE,33.44245636905182
uid___A001_X3788_X53e8,26,FINE,25.132542009501652
uid___A001_X3788_X53e8,28,FINE,19.593801471953125
uid___A001_X3788_X53e8,30,MEDIUM,10.177651002664389
uid___A001_X3788_X53e8,32,MEDIUM,16.948677232000325
uid___A001_X3788_X53e8,34,FINE,45.1455916837826
uid___A001_X3788_X53e8,36,FINE,45.564276254473846
uid___A001_X3788_X53ed,25,FINE,41.09371721069204
uid___A001_X3788_X53ed,27,FINE,47.43320916636984
uid___A001_X3788_X53ed,29,FINE,48.3349164053418
uid___A001_X3788_X53ed,31,MEDIUM,48.448905047997435
uid___A001_X3788_X53ed,33,MEDIUM,71.20577415666402
uid___A001_X3788_X53ed,35,FINE,45.35953594918558
uid___A001_X3788_X53ed,37,FINE,31.186350262322254
uid___A001_X3788_X53ef,24,FINE,63.722823276524146
uid___A001_X3788_X53ef,26,FINE,56.50604174416729
uid___A001_X3788_X53ef,28,FINE,59.14997172266602
uid___A001_X3788_X53ef,30,MEDIUM,45.66845374733216
uid___A001_X3788_X53ef,32,MEDIUM,56.014807868668825
uid___A001_X3788_X53ef,34,FINE,62.80556818723676
uid___A001_X3788_X53ef,36,FINE,52.66206896036651
uid___A001_X3788_X53f4,25,FINE,52.57288320182977
uid___A001_X3788_X53f4,27,FINE,57.65284411490506
uid___A001_X3788_X53f4,29,FINE,52.44353113598633
uid___A001_X3788_X53f4,31,MEDIUM,54.371120242002156
uid___A001_X3788_X53f4,33,MEDIUM,70.93715042866761
uid___A001_X3788_X53f4,35,FINE,57.387770655769046
uid___A001_X3788_X53f4,37,FINE,45.420239641428054
uid___A001_X3788_X53f6,24,FINE,49.256550181064156
uid___A001_X3788_X53f6,26,FINE,52.086714101980526
uid___A001_X3788_X53f6,28,FINE,55.325063541318364
uid___A001_X3788_X53f6,30,MEDIUM,56.77474813933452
uid___A001_X3788_X53f6,32,MEDIUM,64.41171154133097
uid___A001_X3788_X53f6,34,FINE,52.83917812123207
uid___A001_X3788_X53f6,36,FINE,48.01765579290898
uid___A001_X3788_X53fb,25,FINE,50.655176400955206
uid___A001_X3788_X53fb,27,FINE,48.695572953111075
uid___A001_X3788_X53fb,29,FINE,54.34193723734375
uid___A001_X3788_X53fb,31,MEDIUM,63.78775795999634
uid___A001_X3788_X53fb,33,MEDIUM,66.35991547999511
uid___A001_X3788_X53fb,35,FINE,46.0418199109543
uid___A001_X3788_X53fb,37,FINE,48.12779428031086
uid___A001_X3788_X53fd,24,FINE,47.757435385660344
uid___A001_X3788_X53fd,26,FINE,50.064951880577
uid___A001_X3788_X53fd,28,FINE,57.936956224010416
uid___A001_X3788_X53fd,30,MEDIUM,60.63637664399618
uid___A001_X3788_X53fd,32,MEDIUM,54.04459576533325
uid___A001_X3788_X53fd,34,FINE,44.68335553416161
uid___A001_X3788_X53fd,36,FINE,52.328386919789516
uid___A001_X3788_X5402,25,FINE,40.595339011938314
uid___A001_X3788_X5402,27,FINE,45.141851228276536
uid___A001_X3788_X5402,29,FINE,56.4230666453125
uid___A001_X3788_X5402,31,MEDIUM,48.67676607333497
uid___A001_X3788_X5402,33,MEDIUM,66.44556549599771
uid___A001_X3788_X5402,35,FINE,41.0119593711228
uid___A001_X3788_X5402,37,FINE,34.05108898042751
uid___A001_X3788_X5404,24,FINE,32.538872244172765
uid___A001_X3788_X5404,26,FINE,38.00870911255521
uid___A001_X3788_X5404,28,FINE,45.05970056533204
uid___A001_X3788_X5404,30,MEDIUM,39.45275308533325
uid___A001_X3788_X5404,32,MEDIUM,62.96195511333211
uid___A001_X3788_X5404,34,FINE,35.33987426994791
uid___A001_X3788_X5404,36,FINE,32.97281772988825
uid___A001_X3788_X5409,25,FINE,39.01260753418949
uid___A001_X3788_X5409,27,FINE,34.05409542758857
uid___A001_X3788_X5409,29,FINE,58.47101485514757
uid___A001_X3788_X5409,31,MEDIUM,35.93977768533312
uid___A001_X3788_X5409,33,MEDIUM,45.13714287822157
uid___A001_X3788_X5409,35,FINE,48.627952900605194
uid___A001_X3788_X5409,37,FINE,46.877146159991526
uid___A001_X3788_X5410,25,FINE,46.44625267516994
uid___A001_X3788_X5410,27,FINE,45.89665448110484
uid___A001_X3788_X5410,29,FINE,43.26134144
uid___A001_X3788_X5410,31,MEDIUM,62.1696282488878
uid___A001_X3788_X5410,33,MEDIUM,66.08460257421983
uid___A001_X3788_X5410,35,FINE,28.845866399912758
uid___A001_X3788_X5410,37,FINE,37.48481187426262
uid___A001_X3788_X5412,24,FINE,38.92282101518232
uid___A001_X3788_X5412,26,FINE,38.64897190485648
uid___A001_X3788_X5412,28,FINE,36.23220989154514
uid___A001_X3788_X5412,30,MEDIUM,57.146819832887374
uid___A001_X3788_X5412,32,MEDIUM,55.287880104889865
uid___A001_X3788_X5412,34,FINE,37.97773296832412
uid___A001_X3788_X5412,36,FINE,32.91024539570518
uid___A001_X3788_X5417,25,FINE,40.31019408191563
uid___A001_X3788_X5417,27,FINE,44.893594928116705
uid___A001_X3788_X5417,29,FINE,54.699456000000005
uid___A001_X3788_X5417,31,MEDIUM,65.85926746799805
uid___A001_X3788_X5417,33,MEDIUM,72.47385479066284
uid___A001_X3788_X5417,35,FINE,41.32720232346964
uid___A001_X3788_X5417,37,FINE,44.54576960363858
uid___A001_X3788_X5419,24,FINE,54.56375230825428
uid___A001_X3788_X5419,26,FINE,41.23041388336713
uid___A001_X3788_X5419,28,FINE,50.754616127988285
uid___A001_X3788_X5419,30,MEDIUM,57.42003057066487
uid___A001_X3788_X5419,32,MEDIUM,49.89931563733276
uid___A001_X3788_X5419,34,FINE,56.06172585668925
uid___A001_X3788_X5419,36,FINE,54.391022684973144
uid___A001_X3788_X541e,25,FINE,47.41198195031707
uid___A001_X3788_X541e,27,FINE,40.94103785728311
uid___A001_X3788_X541e,29,FINE,50.55906278398958
uid___A001_X3788_X541e,31,MEDIUM,57.421179571201165
uid___A001_X3788_X541e,33,MEDIUM,69.87155879573372
uid___A001_X3788_X541e,35,FINE,38.74793845083211
uid___A001_X3788_X541e,37,FINE,31.169917670472337
uid___A001_X3788_X5420,24,FINE,37.2491778652328
uid___A001_X3788_X5420,26,FINE,36.666982957247455
uid___A001_X3788_X5420,28,FINE,45.62538369707813
uid___A001_X3788_X5420,30,MEDIUM,48.0629476928024
uid___A001_X3788_X5420,32,MEDIUM,54.16286848533268
uid___A001_X3788_X5420,34,FINE,28.593690253936398
uid___A001_X3788_X5420,36,FINE,34.970860603001036
uid___A001_X3788_X5433,25,FINE,48.85354499963639
uid___A001_X3788_X5433,27,FINE,27.699307691278275
uid___A001_X3788_X5433,29,FINE,46.3800114516871
uid___A001_X3788_X5433,31,FINE,52.77053433979507
uid___A001_X3788_X5433,33,MEDIUM,11.288985930666504
uid___A001_X3788_X54c4,22,COARSE,13.490447040001627
uid___A001_X3788_X54c4,24,COARSE,0.7890933066666667
uid___A001_X3788_X54c4,26,COARSE,7.904215594667968
uid___A001_X3788_X54c4,28,COARSE,39.412309162669274
uid___A001_X3788_X54ca,22,COARSE,14.63561022400065
uid___A001_X3788_X54ca,24,COARSE,7.343926512000326
uid___A001_X3788_X54ca,26,COARSE,4.992925184000651
uid___A001_X3788_X54ca,28,COARSE,6.451126869335938
uid___A001_X3788_X54d0,22,COARSE,19.57350758400065
uid___A001_X3788_X54d0,24,COARSE,12.541564127999674
uid___A001_X3788_X54d0,26,COARSE,8.717035413333333
uid___A001_X3788_X54d0,28,COARSE,7.065594368001301
uid___A001_X3788_X54d6,22,COARSE,8.950395157334798
uid___A001_X3788_X54d6,24,COARSE,5.3562950666658535
uid___A001_X3788_X54d6,26,COARSE,16.861525376002604
uid___A001_X3788_X54d6,28,COARSE,14.152534954667969
uid___A001_X3788_X54dc,22,COARSE,7.539647653332519
uid___A001_X3788_X54dc,24,COARSE,3.1717094720011394
uid___A001_X3788_X54dc,26,COARSE,19.480024149332685
uid___A001_X3788_X54dc,28,COARSE,12.648383722666015
uid___A001_X3788_X54e2,22,COARSE,6.32197020799886
uid___A001_X3788_X54e2,24,COARSE,27.03592110399984
uid___A001_X3788_X54e2,26,COARSE,6.667456511998698
uid___A001_X3788_X54e2,28,COARSE,6.569134442666015
uid___A001_X3788_X553c,23,CONT,15.618291580000305
uid___A001_X3788_X553c,25,MEDIUM,20.081550549332682
uid___A001_X3788_X553c,27,MEDIUM,12.692550474667968
uid___A001_X3788_X553c,29,MEDIUM,65.51594867200521
uid___A001_X3788_X553e,22,CONT,15.6178396
uid___A001_X3788_X553e,24,MEDIUM,2.072383135999349
uid___A001_X3788_X553e,26,MEDIUM,38.795207733326826
uid___A001_X3788_X553e,28,MEDIUM,16.819832703990887
uid___A001_X3788_X55f2,9,CONT,14.064763799999236
uid___A001_X3788_X55f2,16,CONT,14.0648672
uid___A001_X3788_X55f2,18,CONT,14.846079329999542
uid___A001_X3788_X55f2,21,CONT,14.064747299999999
uid___A001_X3788_X55fa,9,CONT,13.283656480000305
uid___A001_X3788_X55fa,16,CONT,13.28375416000061
uid___A001_X3788_X55fa,18,CONT,13.283738065000152
uid___A001_X3788_X55fa,21,CONT,13.283641494999696
uid___A001_X3788_X5615,16,CONT,14.056587500001527
uid___A001_X3788_X5615,20,CONT,14.056396100001525
uid___A001_X3788_X5615,22,CONT,14.056368599998473
uid___A001_X3788_X5615,24,MEDIUM,41.92303002666504
uid___A001_X3788_X5619,6,CONT,14.05484785
uid___A001_X3788_X5619,15,CONT,14.054867649999236
uid___A001_X3788_X5619,18,CONT,14.836062775
uid___A001_X3788_X5619,22,COARSE,35.4132106026652
uid___A001_X3788_X561d,4,CONT,14.0522073
uid___A001_X3788_X561d,6,CONT,20.302935459999848
uid___A001_X3788_X561d,8,CONT,14.833416254999543
uid___A001_X3788_X561d,15,CONT,nan
uid___A001_X3788_X561d,18,COARSE,91.00969419999923
uid___A001_X3788_X561d,22,COARSE,nan
uid___A001_X3788_X5625,7,CONT,14.846861404999542
uid___A001_X3788_X5625,16,CONT,14.065649299999999
uid___A001_X3788_X5625,19,CONT,14.8468129
uid___A001_X3788_X5625,23,COARSE,51.66835268266683
uid___A001_X3788_X5629,5,CONT,14.833086530000305
uid___A001_X3788_X5629,7,CONT,14.833064184999085
uid___A001_X3788_X5629,9,CONT,14.832948100000001
uid___A001_X3788_X5629,19,COARSE,33.22063033600261
uid___A001_X3788_X563d,16,CONT,28.125856980001828
uid___A001_X3788_X563d,18,CONT,28.125856980001828
uid___A001_X3788_X563d,20,CONT,28.125856980001828
uid___A001_X3788_X563d,24,FINE,12.94290696533854
uid___A001_X3788_X5641,16,CONT,28.903878995004273
uid___A001_X3788_X5641,18,CONT,28.903878995004273
uid___A001_X3788_X5641,20,CONT,28.903878995004273
uid___A001_X3788_X5641,24,FINE,16.77168693333333
uid___A001_X3788_X5645,16,CONT,40.46635589999695
uid___A001_X3788_X5645,18,CONT,46.87317079999695
uid___A001_X3788_X5645,20,CONT,38.279124899996944
uid___A001_X3788_X5645,24,FINE,42.23511923200521
uid___A001_X3788_X5649,4,CONT,17.18687618999634
uid___A001_X3788_X5649,6,CONT,55.468408000000004
uid___A001_X3788_X5649,8,CONT,19.53057174500122
uid___A001_X3788_X5649,10,CONT,39.84323410000305
uid___A001_X3788_X5655,5,CONT,15.6271951
uid___A001_X3788_X5655,7,CONT,53.126219500000005
uid___A001_X3788_X5655,9,CONT,14.845965420004273
uid___A001_X3788_X5655,11,CONT,36.72039632500305
uid___A001_X3788_X5657,4,CONT,16.40251035
uid___A001_X3788_X5657,6,CONT,53.90418795000001
uid___A001_X3788_X5657,8,CONT,16.402509814999387
uid___A001_X3788_X5657,10,CONT,36.715918645001224
uid___A001_X3788_X572d,25,MEDIUM,32.95293974400553
uid___A001_X3788_X572d,27,MEDIUM,33.90706510400065
uid___A001_X3788_X572d,29,MEDIUM,67.86488752533691
uid___A001_X3788_X572d,31,MEDIUM,29.06175298133464
uid___A001_X3788_X5731,25,MEDIUM,34.273245557329105
uid___A001_X3788_X5731,27,MEDIUM,24.310135786660155
uid___A001_X3788_X5731,29,MEDIUM,22.429681994666343
uid___A001_X3788_X5731,31,MEDIUM,16.083845445333658
uid___A001_X3788_X5735,25,MEDIUM,22.81820291199707
uid___A001_X3788_X5735,27,MEDIUM,24.078527893331707
uid___A001_X3788_X5735,29,MEDIUM,24.973374240003253
uid___A001_X3788_X5735,31,MEDIUM,25.760670677330726
uid___A001_X3788_X5739,25,MEDIUM,30.917868976004232
uid___A001_X3788_X5739,27,MEDIUM,61.04282423466147
uid___A001_X3788_X5739,29,MEDIUM,43.02537985066569
uid___A001_X3788_X5739,31,MEDIUM,36.264428064000654
uid___A001_X3788_X5741,25,MEDIUM,23.596578031995445
uid___A001_X3788_X5741,27,MEDIUM,21.95147720533854
uid___A001_X3788_X5741,29,MEDIUM,55.169334362666014
uid___A001_X3788_X5741,31,MEDIUM,38.127141055999346
uid___A001_X3788_X5745,25,MEDIUM,24.635257423999025
uid___A001_X3788_X5745,27,MEDIUM,18.32636620799479
uid___A001_X3788_X5745,29,MEDIUM,54.583137962666015
uid___A001_X3788_X5745,31,MEDIUM,29.081875738660486
uid___A001_X3788_X5749,25,MEDIUM,29.570769472003583
uid___A001_X3788_X5749,27,MEDIUM,12.085469781334636
uid___A001_X3788_X5749,29,MEDIUM,16.30878574933594
uid___A001_X3788_X5749,31,MEDIUM,15.059365109332681
uid___A001_X3788_X574d,25,MEDIUM,28.41863316266927
uid___A001_X3788_X574d,27,MEDIUM,16.450592874661456
uid___A001_X3788_X574d,29,MEDIUM,14.08819710933431
uid___A001_X3788_X574d,31,MEDIUM,26.44371616
uid___A001_X3788_X57a8,25,COARSE,69.05935366400065
uid___A001_X3788_X57a8,27,COARSE,65.20479071999512
uid___A001_X3788_X57a8,29,COARSE,59.31871262933268
uid___A001_X3788_X57a8,31,COARSE,30.73888168533366
uid___A001_X3788_X57aa,24,COARSE,59.734976586663414
uid___A001_X3788_X57aa,26,COARSE,59.943321189332686
uid___A001_X3788_X57aa,28,COARSE,57.13040990933431
uid___A001_X3788_X57aa,30,COARSE,63.27693871999838
uid___A001_X3788_X57ae,23,COARSE,62.079411114664715
uid___A001_X3788_X57ae,25,COARSE,63.01699546666667
uid___A001_X3788_X57ae,27,COARSE,27.12778475199707
uid___A001_X3788_X57ae,29,COARSE,46.869410880001624
uid___A001_X3788_X57b0,22,COARSE,15.4579826719987
uid___A001_X3788_X57b0,24,COARSE,63.63974029866699
uid___A001_X3788_X57b0,26,COARSE,52.7542559146696
uid___A001_X3788_X57b0,28,COARSE,67.33946529599773
uid___A001_X3788_X57b4,23,COARSE,66.26970386133138
uid___A001_X3788_X57b4,25,COARSE,60.985761168001304
uid___A001_X3788_X57b4,27,COARSE,61.15324345066732
uid___A001_X3788_X57b4,29,MEDIUM,68.12180556799805
uid___A001_X3788_X57b6,22,COARSE,69.63222814932942
uid___A001_X3788_X57b6,24,COARSE,64.31916463999838
uid___A001_X3788_X57b6,26,COARSE,61.61047961600749
uid___A001_X3788_X57b6,28,COARSE,11.500986986666668
uid___A001_X3788_X57ba,25,COARSE,36.76421682133301
uid___A001_X3788_X57ba,27,COARSE,54.734818677332356
uid___A001_X3788_X57ba,29,COARSE,44.67629762133464
uid___A001_X3788_X57ba,31,COARSE,63.48565887467122
uid___A001_X3788_X57bc,24,COARSE,60.2035799680013
uid___A001_X3788_X57bc,26,COARSE,49.525219423999026
uid___A001_X3788_X57bc,28,COARSE,61.87035769600098
uid___A001_X3788_X57bc,30,COARSE,66.80565113600912
uid___A001_X3788_X57c0,25,COARSE,59.42828684266439
uid___A001_X3788_X57c0,27,COARSE,32.56617212799968
uid___A001_X3788_X57c0,29,COARSE,70.46955156799642
uid___A001_X3788_X57c0,31,COARSE,64.84470319999838
uid___A001_X3788_X57c2,24,COARSE,59.58262822399902
uid___A001_X3788_X57c2,26,COARSE,56.92632201599772
uid___A001_X3788_X57c2,28,COARSE,53.36253842133789
uid___A001_X3788_X57c2,30,COARSE,53.905316160000005
uid___A001_X3788_X57c6,23,COARSE,71.172363541333
uid___A001_X3788_X57c6,25,COARSE,73.4909247573291
uid___A001_X3788_X57c6,27,COARSE,58.64787405866374
uid___A001_X3788_X57c6,29,COARSE,21.077145269332682
uid___A001_X3788_X57c8,22,COARSE,61.043310933328456
uid___A001_X3788_X57c8,24,COARSE,63.52187490666178
uid___A001_X3788_X57c8,26,COARSE,54.8455576480013
uid___A001_X3788_X57c8,28,COARSE,50.10614898133626
uid___A001_X3788_X586d,21,CONT,13.28076104500122
uid___A001_X3788_X586d,23,CONT,13.28074828000183
uid___A001_X3788_X586d,25,COARSE,4.582880218665364
uid___A001_X3788_X586d,27,COARSE,9.166222527998046
uid___A001_X3788_X5871,21,CONT,13.283469999996948
uid___A001_X3788_X5871,23,CONT,13.283463894998167
uid___A001_X3788_X5871,25,COARSE,54.58451634666667
uid___A001_X3788_X5871,27,COARSE,57.91775962133138
uid___A001_X3788_X5875,9,CONT,13.28049131499939
uid___A001_X3788_X5875,21,CONT,24.999327519998168
uid___A001_X3788_X5875,23,COARSE,39.58288789333659
uid___A001_X3788_X5875,25,COARSE,49.99962112
uid___A001_X3788_X5879,21,CONT,13.282050865002443
uid___A001_X3788_X5879,23,CONT,13.282030885000609
uid___A001_X3788_X5879,25,COARSE,20.41751725333008
uid___A001_X3788_X5879,27,COARSE,56.25045752
uid___A001_X3788_X587d,17,CONT,14.0625319
uid___A001_X3788_X587d,19,CONT,14.062522
uid___A001_X3788_X587d,25,COARSE,59.166652032001956
uid___A001_X3788_X587d,27,COARSE,63.333316437333984
uid___A001_X3788_X5881,5,CONT,13.27903943500061
uid___A001_X3788_X5881,16,CONT,13.279020009997557
uid___A001_X3788_X5881,21,COARSE,16.247745584003905
uid___A001_X3788_X5881,23,COARSE,69.58250794666667
uid___A001_X3788_X5885,17,CONT,13.27622836000061
uid___A001_X3788_X5885,19,CONT,13.276198945001221
uid___A001_X3788_X5885,25,COARSE,32.07925355199544
uid___A001_X3788_X5885,27,COARSE,37.91291663466471
uid___A001_X3788_X5889,11,CONT,13.277283970001221
uid___A001_X3788_X5889,20,CONT,13.27730894500122
uid___A001_X3788_X5889,23,COARSE,33.74710832000326
uid___A001_X3788_X5889,25,COARSE,43.74752968
uid___A001_X3788_X588d,21,CONT,58.590922980004876
uid___A001_X3788_X588d,23,CONT,13.27530706000061
uid___A001_X3788_X588d,25,COARSE,60.41402845333334
uid___A001_X3788_X588d,27,COARSE,25.411676624003903
uid___A001_X3788_X58a5,25,MEDIUM,17.59978087466797
uid___A001_X3788_X58a5,27,MEDIUM,40.63016593066406
uid___A001_X3788_X58a5,29,MEDIUM,30.30916392
uid___A001_X3788_X58a5,31,MEDIUM,34.78850494932943
uid___A001_X3788_X58a7,25,MEDIUM,2.531936768001302
uid___A001_X3788_X58a7,27,MEDIUM,44.416778591995445
uid___A001_X3788_X58a7,29,MEDIUM,14.548742959996744
uid___A001_X3788_X58a7,31,MEDIUM,49.47436322666992
uid___A001_X3788_X58ed,23,MEDIUM,14.92182866133789
uid___A001_X3788_X58ed,25,MEDIUM,23.325714090670573
uid___A001_X3788_X58ed,27,MEDIUM,72.65346320001302
uid___A001_X3788_X58ed,29,MEDIUM,31.631288543997393
uid___A001_X3788_X59b0,22,CONT,64.84129479999848
uid___A001_X3788_X59b0,24,FINE,68.41581585067709
uid___A001_X3788_X59b0,26,FINE,47.43386365117593
uid___A001_X3788_X59b0,28,FINE,36.015302813608265
uid___A001_X3788_X59b0,30,FINE,80.29900492802084
uid___A001_X3788_X59b6,18,CONT,50.77975091499939
uid___A001_X3788_X59b6,20,CONT,15.622429600000002
uid___A001_X3788_X59b6,24,FINE,15.062803498645833
uid___A001_X3788_X59b6,26,FINE,15.778637226692707
uid___A001_X3788_X59bc,18,CONT,15.622487919998168
uid___A001_X3788_X59bc,20,CONT,15.622487380001832
uid___A001_X3788_X59bc,24,FINE,6.785898154661458
uid___A001_X3788_X59bc,26,FINE,34.890708565390625
uid___A001_X3788_X59c2,18,CONT,53.1236116
uid___A001_X3788_X59c2,20,CONT,22.65395864500122
uid___A001_X3788_X59c2,24,FINE,4.50851643734375
uid___A001_X3788_X59c2,26,FINE,26.468892672005207
uid___A001_X3788_X5a3a,25,MEDIUM,15.621605125335286
uid___A001_X3788_X5a3a,27,MEDIUM,26.1949256639974
uid___A001_X3788_X5a3a,29,MEDIUM,37.4973696
uid___A001_X3788_X5a3a,31,MEDIUM,50.57081562667318
uid___A001_X3788_X5a52,25,MEDIUM,80.0000757759912
uid___A001_X3788_X5a52,27,MEDIUM,33.22949835733399
uid___A001_X3788_X5a52,29,MEDIUM,68.59380171200196
uid___A001_X3788_X5a52,31,MEDIUM,51.30216677333333
uid___A001_X3788_X5a54,25,MEDIUM,57.11839063466472
uid___A001_X3788_X5a54,27,MEDIUM,12.662607205333659
uid___A001_X3788_X5a54,29,MEDIUM,28.094511482666018
uid___A001_X3788_X5a54,31,MEDIUM,16.96404951466797
uid___A001_X3788_X5a62,25,MEDIUM,3.37551264
uid___A001_X3788_X5a62,27,MEDIUM,3.7956085493326825
uid___A001_X3788_X5a62,29,MEDIUM,7.7275313280013025
uid___A001_X3788_X5a62,31,MEDIUM,14.479238069334311
uid___A001_X3788_X5a6e,25,MEDIUM,15.727424117333985
uid___A001_X3788_X5a6e,27,MEDIUM,4.633431930668945
uid___A001_X3788_X5a6e,29,MEDIUM,8.175019962666015
uid___A001_X3788_X5a6e,31,MEDIUM,61.09283825599772
uid___A001_X3788_X5af3,17,COARSE,41.54561431644396
uid___A001_X3788_X5af3,19,COARSE,56.40657293866591
uid___A001_X3788_X5af3,21,COARSE,70.59043211910998
uid___A001_X3788_X5af3,23,COARSE,39.51424049066705
uid___A001_X3788_X5af6,17,COARSE,18.57732123200141
uid___A001_X3788_X5af6,19,COARSE,11.112110671999513
uid___A001_X3788_X5af6,21,COARSE,38.854790563556854
uid___A001_X3788_X5af6,23,COARSE,20.920935852444387
uid___A001_X3788_X5aff,17,COARSE,56.27735834133383
uid___A001_X3788_X5aff,19,COARSE,29.194868586666665
uid___A001_X3788_X5aff,21,COARSE,42.44963483733317
uid___A001_X3788_X5aff,23,COARSE,38.23100851466634
uid___A001_X3788_X5b1f,17,COARSE,1.0173221813334146
uid___A001_X3788_X5b1f,19,COARSE,0.5225189626660156
uid___A001_X3788_X5b1f,21,COARSE,8.673310445333659
uid___A001_X3788_X5b1f,23,COARSE,0.9390707519991048
uid___A001_X3788_X5b3b,17,COARSE,50.00141312
uid___A001_X3788_X5b3b,19,COARSE,47.7618900266683
uid___A001_X3788_X5b3b,21,COARSE,74.37568876800049
uid___A001_X3788_X5b3b,23,COARSE,11.981648213334147
uid___A001_X3788_X5b7e,25,MEDIUM,60.93702079999349
uid___A001_X3788_X5b7e,27,MEDIUM,22.342839983999024
uid___A001_X3788_X5b7e,29,MEDIUM,33.17627944
uid___A001_X3788_X5b7e,31,MEDIUM,70.78086968533691
uid___A001_X3788_X5b7e,45,MEDIUM,56.71822457599936
uid___A001_X3788_X5b7e,47,MEDIUM,62.759953626671546
uid___A001_X3788_X5b7e,49,MEDIUM,20.83239040000163
uid___A001_X3788_X5b7e,51,MEDIUM,64.68705104000163
uid___A001_X3788_X5b7e,65,MEDIUM,20.20739970133138
uid___A001_X3788_X5b7e,67,MEDIUM,39.42636224533203
uid___A001_X3788_X5b7e,69,MEDIUM,5.1030368426660155
uid___A001_X3788_X5b7e,71,MEDIUM,20.780298362667644
uid___A001_X3788_X5b7e,85,MEDIUM,63.176632442667646
uid___A001_X3788_X5b7e,87,MEDIUM,69.53086496
uid___A001_X3788_X5b7e,89,MEDIUM,21.353237658666995
uid___A001_X3788_X5b7e,91,MEDIUM,23.853265557333984
uid___A001_X3788_X5b7e,105,MEDIUM,65.52040788266602
uid___A001_X3788_X5b7e,107,MEDIUM,27.082490666666665
uid___A001_X3788_X5b7e,109,MEDIUM,22.447007802666015
uid___A001_X3788_X5b7e,111,MEDIUM,11.301051205333659
uid___A001_X3788_X5b8a,25,MEDIUM,66.040631381333
uid___A001_X3788_X5b8a,27,MEDIUM,63.33221580799967
uid___A001_X3788_X5b8a,29,MEDIUM,30.362449978665364
uid___A001_X3788_X5b8a,31,MEDIUM,53.019372608001305
uid___A001_X3788_X5b8c,25,MEDIUM,67.1838032
uid___A001_X3788_X5b8c,27,MEDIUM,58.53700928
uid___A001_X3788_X5b8c,29,MEDIUM,23.728010570668946
uid___A001_X3788_X5b8c,31,MEDIUM,33.32388562132975
uid___A001_X3788_X5b90,25,MEDIUM,77.13358370666667
uid___A001_X3788_X5b90,27,MEDIUM,64.99314425599934
uid___A001_X3788_X5b90,29,MEDIUM,83.85283909333658
uid___A001_X3788_X5b90,31,MEDIUM,66.14309893333008
uid___A001_X3788_X5b94,21,COARSE,43.8553975680013
uid___A001_X3788_X5b94,23,COARSE,66.04238743466634
uid___A001_X3788_X5b94,25,COARSE,32.501434880000815
uid___A001_X3788_X5b94,27,COARSE,34.53263345600098
uid___A001_X3788_X5b96,19,COARSE,50.72455448533041
uid___A001_X3788_X5b96,21,COARSE,42.077920810665695
uid___A001_X3788_X5b96,23,COARSE,57.830427418664556
uid___A001_X3788_X5b96,25,COARSE,37.57732819200032
uid___A001_X3788_X5ba0,19,MEDIUM,71.40410527999674
uid___A001_X3788_X5ba0,21,MEDIUM,72.5333120159961
uid___A001_X3788_X5ba0,23,MEDIUM,41.775609898665365
uid___A001_X3788_X5ba0,25,MEDIUM,54.37156160000326
uid___A001_X3788_X5ba8,21,COARSE,60.570301759998365
uid___A001_X3788_X5ba8,23,COARSE,44.631759770667315
uid___A001_X3788_X5ba8,25,COARSE,71.50847795200033
uid___A001_X3788_X5ba8,27,COARSE,71.855
uid___A001_X3788_X5baa,23,COARSE,24.521925210667316
uid___A001_X3788_X5baa,25,COARSE,44.65819498666829
uid___A001_X3788_X5baa,27,COARSE,37.74297062933431
uid___A001_X3788_X5baa,29,COARSE,30.564320047999676
uid___A001_X3788_X5bae,25,MEDIUM,52.08007807999837
uid___A001_X3788_X5bae,27,MEDIUM,58.27840491199869
uid___A001_X3788_X5bae,29,MEDIUM,54.86979008000162
uid___A001_X3788_X5bae,31,MEDIUM,79.37355699200033
uid___A001_X3788_X5bb0,25,MEDIUM,40.56642109866862
uid___A001_X3788_X5bb0,27,MEDIUM,58.48503067733398
uid___A001_X3788_X5bb0,29,MEDIUM,70.46884649066732
uid___A001_X3788_X5bb0,31,MEDIUM,80.47336312533366
uid___A001_X3788_X5bb8,25,MEDIUM,46.295065322664385
uid___A001_X3788_X5bb8,27,MEDIUM,35.09567589333171
uid___A001_X3788_X5bb8,29,MEDIUM,79.55053245866863
uid___A001_X3788_X5bb8,31,MEDIUM,76.42860677866537
uid___A001_X3788_X5bba,23,MEDIUM,45.074858287999675
uid___A001_X3788_X5bba,25,MEDIUM,56.930194581333005
uid___A001_X3788_X5bba,27,MEDIUM,67.2591030933317
uid___A001_X3788_X5bba,29,MEDIUM,74.53306091200196
uid___A001_X3788_X5bbe,25,MEDIUM,94.27008986666667
uid___A001_X3788_X5bbe,27,MEDIUM,84.26887510400391
uid___A001_X3788_X5bbe,29,MEDIUM,66.76668872533203
uid___A001_X3788_X5bbe,31,MEDIUM,78.64314501333334
uid___A001_X3788_X5bc8,25,MEDIUM,54.11995785067383
uid___A001_X3788_X5bc8,27,MEDIUM,43.6923134560026
uid___A001_X3788_X5bc8,29,MEDIUM,75.72667238400065
uid___A001_X3788_X5bc8,31,MEDIUM,84.06084127999675
uid___A001_X3788_X5bcc,25,COARSE,47.70555125333333
uid___A001_X3788_X5bcc,27,COARSE,51.82033960000081
uid___A001_X3788_X5bcc,29,COARSE,53.27867284800131
uid___A001_X3788_X5bcc,31,COARSE,58.01849954133138
uid___A001_X3788_X5bd0,25,MEDIUM,44.686502911997074
uid___A001_X3788_X5bd0,27,MEDIUM,57.81171872
uid___A001_X3788_X5bd0,29,MEDIUM,61.665928533333336
uid___A001_X3788_X5bd0,31,MEDIUM,56.09290750399739
uid___A001_X3788_X5bd4,25,MEDIUM,82.51464340799805
uid___A001_X3788_X5bd4,27,MEDIUM,78.66377298133138
uid___A001_X3788_X5bd4,29,MEDIUM,61.35202599466797
uid___A001_X3788_X5bd4,31,MEDIUM,51.61189625066732
uid___A001_X3788_X5bda,21,COARSE,60.52440436266764
uid___A001_X3788_X5bda,23,COARSE,58.54541504
uid___A001_X3788_X5bda,25,COARSE,60.78479312
uid___A001_X3788_X5bda,27,COARSE,52.57657769600098
uid___A001_X3788_X5bde,25,MEDIUM,42.448885013331704
uid___A001_X3788_X5bde,27,MEDIUM,24.53252028799642
uid___A001_X3788_X5bde,29,MEDIUM,49.42785554133301
uid___A001_X3788_X5bde,31,MEDIUM,56.82355961599935
uid___A001_X3788_X5be0,25,MEDIUM,38.15593306666666
uid___A001_X3788_X5be0,27,MEDIUM,79.01267385066569
uid___A001_X3788_X5be0,29,MEDIUM,41.10017113600098
uid___A001_X3788_X5be0,31,MEDIUM,61.202128853333335
uid___A001_X3788_X5be4,25,MEDIUM,67.56774860266276
uid___A001_X3788_X5be4,27,MEDIUM,64.01138998400717
uid___A001_X3788_X5be4,29,MEDIUM,23.85614277333333
uid___A001_X3788_X5be4,31,MEDIUM,73.28190468799805
uid___A001_X3788_X5be8,45,MEDIUM,19.726057583997395
uid___A001_X3788_X5be8,47,MEDIUM,60.46236811200521
uid___A001_X3788_X5be8,49,MEDIUM,80.93770646400064
uid___A001_X3788_X5be8,51,MEDIUM,71.82324056533204
uid___A001_X3788_X5c08,25,MEDIUM,56.61037824000326
uid___A001_X3788_X5c08,27,MEDIUM,4.952269082669271
uid___A001_X3788_X5c08,29,MEDIUM,12.377701226666666
uid___A001_X3788_X5c08,31,MEDIUM,11.862179365335287
uid___A001_X3788_X5c0f,25,MEDIUM,1.338870911998698
uid___A001_X3788_X5c0f,27,MEDIUM,11.033881648001302
uid___A001_X3788_X5c0f,29,MEDIUM,5.901089551998698
uid___A001_X3788_X5c0f,31,MEDIUM,43.09633666666504
uid___A001_X3788_X5c12,25,MEDIUM,33.11814873599935
uid___A001_X3788_X5c12,27,MEDIUM,1.0507271520003256
uid___A001_X3788_X5c12,29,MEDIUM,30.364708479996743
uid___A001_X3788_X5c12,31,MEDIUM,18.741504
uid___A001_X3788_X5c18,25,MEDIUM,50.72465539200033
uid___A001_X3788_X5c18,27,MEDIUM,0.8118960853336589
uid___A001_X3788_X5c18,29,MEDIUM,26.988217136000976
uid___A001_X3788_X5c18,31,MEDIUM,38.74422246400228
uid___A001_X3788_X5c22,25,MEDIUM,59.110638565335286
uid___A001_X3788_X5c22,27,MEDIUM,46.71360835200195
uid___A001_X3788_X5c22,29,MEDIUM,11.984609690668947
uid___A001_X3788_X5c22,31,MEDIUM,71.19506065066406
uid___A001_X3788_X5c2f,25,MEDIUM,48.95252234666504
uid___A001_X3788_X5c2f,27,MEDIUM,1.19070726933431
uid___A001_X3788_X5c2f,29,MEDIUM,2.1944804480013023
uid___A001_X3788_X5c2f,31,MEDIUM,31.45035104
uid___A001_X3788_X5c65,13,CONT,17.18973315
uid___A001_X3788_X5c65,15,CONT,17.18970956999817
uid___A001_X3788_X5c65,17,CONT,17.18958766999817
uid___A001_X3788_X5c65,19,CONT,17.189564084997556
uid___A001_X3788_X5cda,15,CONT,24.987598719999696
uid___A001_X3788_X5cda,19,CONT,14.829341290000917
uid___A001_X3788_X5cda,21,COARSE,28.318267050667316
uid___A001_X3788_X5cda,23,COARSE,42.48756601599935
uid___A001_X3788_X5ce4,25,COARSE,68.74519040000325
uid___A001_X3788_X5ce4,27,COARSE,19.987664895996094
uid___A001_X3788_X5ce4,29,COARSE,29.989089408001302
uid___A001_X3788_X5ce4,31,COARSE,23.321362047994793
uid___A001_X3788_X5cea,25,COARSE,65.8310539519987
uid___A001_X3788_X5cea,27,COARSE,53.33020987733236
uid___A001_X3788_X5cea,29,COARSE,19.161127061331378
uid___A001_X3788_X5cea,31,COARSE,75.83166881066569
uid___A001_X3788_X5cee,25,COARSE,12.48779872
uid___A001_X3788_X5cee,27,COARSE,7.07033629866862
uid___A001_X3788_X5cee,29,COARSE,17.488278400000002
uid___A001_X3788_X5cee,31,COARSE,7.070091295999349
uid___A001_X3788_X5cf0,25,COARSE,6.670773930664063
uid___A001_X3788_X5cf0,27,COARSE,7.087397285335287
uid___A001_X3788_X5cf0,29,COARSE,17.503498528001302
uid___A001_X3788_X5cf0,31,COARSE,7.503897727998046
uid___A001_X3788_X5d18,22,COARSE,27.491936607999673
uid___A001_X3788_X5d18,24,COARSE,4.572695519999186
uid___A001_X3788_X5d18,26,COARSE,8.322983359998371
uid___A001_X3788_X5d18,28,COARSE,14.99037881599935
uid___A001_X3788_X5d1c,16,COARSE,4.1606326933333335
uid___A001_X3788_X5d1c,18,COARSE,7.0774699199999995
uid___A001_X3788_X5d1c,20,COARSE,39.162781898665365
uid___A001_X3788_X5d1c,22,COARSE,11.661013333333333
uid___A001_X3788_X5d20,24,COARSE,18.73770095999837
uid___A001_X3788_X5d20,26,COARSE,11.236536127998047
uid___A001_X3788_X5d20,28,COARSE,5.818880181334635
uid___A001_X3788_X5d20,30,COARSE,23.738270432000323
uid___A001_X3788_X5d24,24,COARSE,23.740727024000652
uid___A001_X3788_X5d24,26,COARSE,46.24344748799805
uid___A001_X3788_X5d24,28,COARSE,26.240900783997397
uid___A001_X3788_X5d24,30,COARSE,10.405588719998372
uid___A001_X3788_X5d28,16,COARSE,7.902910447999674
uid___A001_X3788_X5d28,18,COARSE,7.069421701333008
uid___A001_X3788_X5d28,20,COARSE,6.652534954664715
uid___A001_X3788_X5d28,22,COARSE,39.57416624000163
uid___A001_X3788_X5d2c,16,COARSE,nan
uid___A001_X3788_X5d2c,18,COARSE,nan
uid___A001_X3788_X5d2c,20,COARSE,14.994098687999674
uid___A001_X3788_X5d2c,22,COARSE,4.159976426666667
uid___A001_X3788_X5d2c,24,COARSE,9.160144106666666
uid___A001_X3788_X5d2c,26,COARSE,32.07842942399902
uid___A001_X3788_X5d30,24,COARSE,24.57230536533203
uid___A001_X3788_X5d30,26,COARSE,9.9868096
uid___A001_X3788_X5d30,28,COARSE,32.07326471466634
uid___A001_X3788_X5d30,30,COARSE,8.736443023999023
uid___A001_X3788_X5d34,20,COARSE,4.1523306133333335
uid___A001_X3788_X5d34,22,COARSE,8.31959712
uid___A001_X3788_X5d34,24,COARSE,23.73846856
uid___A001_X3788_X5d34,26,COARSE,7.902717146666667
uid___A001_X3788_X5d38,22,COARSE,24.15593594666504
uid___A001_X3788_X5d38,24,COARSE,7.486878912000325
uid___A001_X3788_X5d38,26,COARSE,9.570341109332682
uid___A001_X3788_X5d38,28,COARSE,10.40376208
uid___A001_X3788_X5d3c,20,COARSE,4.577615050667318
uid___A001_X3788_X5d3c,22,COARSE,29.995779840001628
uid___A001_X3788_X5d3c,24,COARSE,5.4107900906656905
uid___A001_X3788_X5d3c,26,COARSE,25.82869773866862
uid___A001_X3788_X5d40,24,COARSE,23.330207786668293
uid___A001_X3788_X5d40,26,COARSE,12.079710885333657
uid___A001_X3788_X5d40,28,COARSE,31.663702421333006
uid___A001_X3788_X5d40,30,COARSE,nan
uid___A001_X3788_X5d44,20,COARSE,33.32888319999837
uid___A001_X3788_X5d44,22,COARSE,14.994294528001303
uid___A001_X3788_X5d44,24,COARSE,16.244210127999676
uid___A001_X3788_X5d44,26,COARSE,7.076874064000652
uid___A001_X3788_X5d44,28,COARSE,nan
uid___A001_X3788_X5d48,22,COARSE,5.4170625546671545
uid___A001_X3788_X5d48,24,COARSE,9.167018954666341
uid___A001_X3788_X5d48,26,COARSE,27.083495733333336
uid___A001_X3788_X5d48,28,COARSE,17.500157343999025
uid___A001_X3788_X5d4c,24,COARSE,6.658946730667317
uid___A001_X3788_X5d4c,26,COARSE,34.994599488001306
uid___A001_X3788_X5d4c,28,COARSE,7.908839141334635
uid___A001_X3788_X5d4c,30,COARSE,37.49466319999837
uid___A001_X3788_X5d50,16,COARSE,37.07822510400065
uid___A001_X3788_X5d50,18,COARSE,12.909556207999676
uid___A001_X3788_X5d50,20,COARSE,4.575315274666341
uid___A001_X3788_X5d50,22,COARSE,11.242501263999022
uid___A001_X3788_X5d54,24,COARSE,7.087333061333008
uid___A001_X3788_X5d54,26,COARSE,35.41942855999919
uid___A001_X3788_X5d54,28,COARSE,6.670517077332357
uid___A001_X3788_X5d54,30,COARSE,7.087138010667318
uid___A001_X3788_X5d58,22,COARSE,59.168570741333006
uid___A001_X3788_X5d58,24,COARSE,10.004159871998699
uid___A001_X3788_X5d58,26,COARSE,15.003751424000649
uid___A001_X3788_X5d58,28,COARSE,13.337125034666341
uid___A001_X3788_X5d5c,20,COARSE,9.574456586666667
uid___A001_X3788_X5d5c,22,COARSE,6.240759999999186
uid___A001_X3788_X5d5c,24,COARSE,29.992957440003252
uid___A001_X3788_X5d5c,26,COARSE,13.741289440000001
uid___A001_X3788_X5d60,24,COARSE,12.4959568
uid___A001_X3788_X5d60,26,COARSE,32.91354197866862
uid___A001_X3788_X5d60,28,COARSE,6.66213768533366
uid___A001_X3788_X5d60,30,COARSE,7.078788890667317
uid___A001_X3788_X5d64,16,COARSE,nan
uid___A001_X3788_X5d64,18,COARSE,nan
uid___A001_X3788_X5d64,20,COARSE,nan
uid___A001_X3788_X5d64,22,COARSE,39.57906685333333
uid___A001_X3788_X5d64,24,COARSE,9.993614463999839
uid___A001_X3788_X5d64,26,COARSE,15.82721838933431
uid___A001_X3788_X5d64,28,COARSE,43.329197482669265
uid___A001_X3788_X5d68,22,COARSE,5.423889503999837
uid___A001_X3788_X5d68,24,COARSE,9.173575232000324
uid___A001_X3788_X5d68,26,COARSE,22.505765503999022
uid___A001_X3788_X5d68,28,COARSE,26.255463872001954
uid___A001_X3788_X5d6c,22,COARSE,7.914131354667969
uid___A001_X3788_X5d6c,24,COARSE,41.24836289599935
uid___A001_X3788_X5d6c,26,COARSE,6.6639022079996755
uid___A001_X3788_X5d6c,28,COARSE,53.33193497599772
uid___A001_X3788_X5d70,16,COARSE,nan
uid___A001_X3788_X5d70,18,COARSE,nan
uid___A001_X3788_X5d70,20,COARSE,7.499224485333659
uid___A001_X3788_X5d70,22,COARSE,53.7495998080013
uid___A001_X3788_X5d70,24,COARSE,39.582724719998374
uid___A001_X3788_X5d70,26,COARSE,30.415947008001304
uid___A001_X3788_X5d74,22,COARSE,15.006838080000001
uid___A001_X3788_X5d74,24,COARSE,9.590579397333984
uid___A001_X3788_X5d74,26,COARSE,7.090633461334635
uid___A001_X3788_X5d74,28,COARSE,40.83796442666829
uid___A001_X3788_X5d78,22,COARSE,14.582481626666667
uid___A001_X3788_X5d78,24,COARSE,8.332388794667969
uid___A001_X3788_X5d78,26,COARSE,4.165512373333334
uid___A001_X3788_X5d78,28,COARSE,35.41586728
uid___A001_X3788_X5d7c,18,COARSE,35.417699999999186
uid___A001_X3788_X5d7c,20,COARSE,8.751428463999837
uid___A001_X3788_X5d7c,22,COARSE,10.417913093333334
uid___A001_X3788_X5d7c,24,COARSE,24.584355621333007
uid___A001_X3788_X5d80,18,COARSE,3.75361592
uid___A001_X3788_X5d80,20,COARSE,45.00204513066732
uid___A001_X3788_X5d80,22,COARSE,6.669951999999999
uid___A001_X3788_X5d80,24,COARSE,17.08622016
uid___A001_X3788_X5d84,22,COARSE,27.091325466666667
uid___A001_X3788_X5d84,24,COARSE,6.676867925332031
uid___A001_X3788_X5d84,26,COARSE,10.009690624000651
uid___A001_X3788_X5d84,28,COARSE,5.426821738665365
uid___A001_X3788_X5d88,22,COARSE,14.164143029334312
uid___A001_X3788_X5d88,24,COARSE,9.99734118400065
uid___A001_X3788_X5d88,26,COARSE,7.49719510400065
uid___A001_X3788_X5d88,28,COARSE,12.4973344
uid___A001_X3788_X5d8c,22,COARSE,12.506826399998372
uid___A001_X3788_X5d8c,24,COARSE,49.17062076799642
uid___A001_X3788_X5d8c,26,COARSE,12.090067327998048
uid___A001_X3788_X5d8c,28,COARSE,5.423888293333333
uid___A001_X3788_X5d90,16,COARSE,43.32956232533366
uid___A001_X3788_X5d90,18,COARSE,5.8270451093326825
uid___A001_X3788_X5d90,20,COARSE,8.743796752001954
uid___A001_X3788_X5d90,22,COARSE,31.24531048
uid___A001_X3788_X5d94,24,COARSE,4.575910069332682
uid___A001_X3788_X5d94,26,COARSE,18.32695889066569
uid___A001_X3788_X5d94,28,COARSE,17.07675094400065
uid___A001_X3788_X5d94,30,COARSE,4.5757341973339845
uid___A001_X3788_X5d98,18,COARSE,47.91854266666667
uid___A001_X3788_X5d98,20,COARSE,10.003211776000978
uid___A001_X3788_X5d98,22,COARSE,9.586408368001303
uid___A001_X3788_X5d98,24,COARSE,50.8349891093343
uid___A001_X3788_X5d9c,18,COARSE,11.250394192000325
uid___A001_X3788_X5d9c,20,COARSE,5.833732298666992
uid___A001_X3788_X5d9c,22,COARSE,6.666962943999024
uid___A001_X3788_X5d9c,24,COARSE,43.33350161066732
uid___A001_X3788_X5da0,22,COARSE,6.2398096
uid___A001_X3788_X5da0,24,COARSE,4.989649407999675
uid___A001_X3788_X5da0,26,COARSE,8.32322037333496
uid___A001_X3788_X5da0,28,COARSE,11.24018496
uid___A001_X3788_X5dc0,24,COARSE,32.40174947200195
uid___A001_X3788_X5dc0,26,COARSE,22.14222253333333
uid___A001_X3788_X5dc0,28,COARSE,19.850650975999347
uid___A001_X3788_X5dc0,30,COARSE,29.953926933330894
uid___A001_X3788_X5dd4,22,COARSE,13.013273813332518
uid___A001_X3788_X5dd4,24,COARSE,60.569449882666824
uid___A001_X3788_X5dd4,26,COARSE,28.326978218667808
uid___A001_X3788_X5dd4,28,COARSE,14.575751253334147
uid___A001_X3788_X5df0,24,COARSE,28.427307882666014
uid___A001_X3788_X5df0,26,COARSE,19.43439997866618
uid___A001_X3788_X5df0,28,COARSE,20.11131505066569
uid___A001_X3788_X5df0,30,COARSE,40.5782083893335
uid___A001_X3788_X5dfc,24,COARSE,35.46762176000081
uid___A001_X3788_X5dfc,26,COARSE,25.21481127466471
uid___A001_X3788_X5dfc,28,COARSE,26.710977184001468
uid___A001_X3788_X5dfc,30,COARSE,15.738064810665689
uid___A001_X3788_X5e08,24,COARSE,69.53372912000081
uid___A001_X3788_X5e08,26,COARSE,12.871741648000487
uid___A001_X3788_X5e08,28,COARSE,33.18247205333252
uid___A001_X3788_X5e08,30,COARSE,24.74564352000163
uid___A001_X3788_X5e10,24,COARSE,24.126536682668455
uid___A001_X3788_X5e10,26,COARSE,11.204840053334147
uid___A001_X3788_X5e10,28,COARSE,13.808705093334147
uid___A001_X3788_X5e10,30,COARSE,26.30772986666911
uid___A001_X3788_X5e14,24,COARSE,16.205459946666668
uid___A001_X3788_X5e14,26,COARSE,31.724872736002602
uid___A001_X3788_X5e14,28,COARSE,17.247567360000815
uid___A001_X3788_X5e14,30,COARSE,16.309462901334634
uid___A001_X3788_X5e1c,24,COARSE,30.318050560000813
uid___A001_X3788_X5e1c,26,COARSE,19.589721642666017
uid___A001_X3788_X5e1c,28,COARSE,16.412755759999186
uid___A001_X3788_X5e1c,30,COARSE,31.845109583999026
uid___A001_X3788_X5e20,24,COARSE,30.209375573334146
uid___A001_X3788_X5e20,26,COARSE,18.386627423999837
uid___A001_X3788_X5e20,28,COARSE,10.782459568000489
uid___A001_X3788_X5e20,30,COARSE,25.36556389333333
uid___A001_X3788_X5e24,24,COARSE,35.75447953066651
uid___A001_X3788_X5e24,26,COARSE,22.847971898666177
uid___A001_X3788_X5e24,28,COARSE,28.62621242133301
uid___A001_X3788_X5e24,30,COARSE,16.725060688001303
uid___A001_X3788_X5e2f,25,MEDIUM,69.7384692906836
uid___A001_X3788_X5e2f,27,MEDIUM,81.30137540267577
uid___A001_X3788_X5e2f,29,MEDIUM,90.05167458134765
uid___A001_X3788_X5e2f,31,MEDIUM,65.3111949440039
uid___A001_X3788_X5e32,25,MEDIUM,81.99787688000326
uid___A001_X3788_X5e32,27,MEDIUM,81.1888171733431
uid___A001_X3788_X5e32,29,MEDIUM,74.71601006933268
uid___A001_X3788_X5e32,31,MEDIUM,64.63881175467124
uid___A001_X3788_X5e3b,33,MEDIUM,59.2119391039974
uid___A001_X3788_X5e3b,35,MEDIUM,66.97637413867838
uid___A001_X3788_X5e3b,37,MEDIUM,67.80997029866211
uid___A001_X3788_X5e3b,39,MEDIUM,67.34106576000977
uid___A001_X3788_X5e3b,41,MEDIUM,67.65358122400065
uid___A001_X3788_X5e3b,43,MEDIUM,68.5389477653353
uid___A001_X3788_X5e3b,45,MEDIUM,63.069973770664056
uid___A001_X3788_X5e3b,47,MEDIUM,54.638807042666016
uid___A001_X3788_X5e52,25,COARSE,35.67320256
uid___A001_X3788_X5e52,27,COARSE,21.665054378665364
uid___A001_X3788_X5e52,29,COARSE,8.435460725333659
uid___A001_X3788_X5e52,31,COARSE,18.956507626666667
uid___A001_X3788_X5e54,25,COARSE,34.377812320001624
uid___A001_X3788_X5e54,27,COARSE,15.211954005336914
uid___A001_X3788_X5e54,29,COARSE,16.253499007996417
uid___A001_X3788_X5e54,31,COARSE,63.0223726133317
uid___A001_X3788_X5e58,25,MEDIUM,61.92712179732748
uid___A001_X3788_X5e58,27,MEDIUM,43.821249557340494
uid___A001_X3788_X5e58,29,MEDIUM,32.116231471998695
uid___A001_X3788_X5e58,31,MEDIUM,53.89878588266927
uid___A001_X3788_X5e64,17,CONT,21.081268419999695
uid___A001_X3788_X5e64,19,CONT,25.769488050001527
uid___A001_X3788_X5e64,21,CONT,17.17419063999939
uid___A001_X3788_X5e64,23,CONT,46.8664466199997
uid___A001_X3788_X5e68,17,CONT,66.40741788000031
uid___A001_X3788_X5e68,19,CONT,53.1266155
uid___A001_X3788_X5e68,21,CONT,32.03342238999939
uid___A001_X3788_X5e68,23,CONT,52.345258834999086
uid___A001_X3788_X5e6c,17,CONT,25.785075650001527
uid___A001_X3788_X5e6c,19,CONT,31.253529239999388
uid___A001_X3788_X5e6c,21,CONT,28.90977761499939
uid___A001_X3788_X5e6c,23,CONT,67.97033219000092
uid___A001_X3788_X5e70,17,CONT,53.90659692000427
uid___A001_X3788_X5e70,19,CONT,14.063124799999999
uid___A001_X3788_X5e70,21,CONT,32.81288442000122
uid___A001_X3788_X5e70,23,CONT,56.25024275999451
uid___A001_X3788_X5e74,17,CONT,73.4356487
uid___A001_X3788_X5e74,19,CONT,51.559117900001525
uid___A001_X3788_X5e74,21,CONT,15.619025980000306
uid___A001_X3788_X5e74,23,CONT,82.02997327000122
uid___A001_X3788_X5ea8,16,CONT,14.692840742499696
uid___A001_X3788_X5ea8,20,CONT,27.113770619499967
uid___A001_X3788_X5ea8,22,CONT,24.69200969899994
uid___A001_X3788_X5ea8,24,MEDIUM,23.69296120586572
uid___A001_X3788_X5eb0,16,CONT,14.089707389999962
uid___A001_X3788_X5eb0,20,CONT,16.92174439145864
uid___A001_X3788_X5eb0,22,CONT,16.36835717979158
uid___A001_X3788_X5eb0,24,MEDIUM,26.670696007556288
uid___A001_X3788_X5eb4,24,MEDIUM,25.34024837622247
uid___A001_X3788_X5eb4,26,MEDIUM,25.601255756332975
uid___A001_X3788_X5eb4,28,MEDIUM,22.571242653444724
uid___A001_X3788_X5eb4,30,MEDIUM,18.97770510888882
uid___A001_X3788_X5ebc,16,CONT,21.673455536249925
uid___A001_X3788_X5ebc,20,CONT,20.110634258750153
uid___A001_X3788_X5ebc,22,CONT,14.250746710000229
uid___A001_X3788_X5ebc,24,MEDIUM,32.21125864933227
uid___A001_X3788_X5ec0,16,CONT,14.447499410000356
uid___A001_X3788_X5ec0,20,CONT,16.856270523750048
uid___A001_X3788_X5ec0,22,CONT,16.270259967917124
uid___A001_X3788_X5ec0,24,MEDIUM,28.75138161199992
uid___A001_X3788_X5eda,24,COARSE,75.20997796266846
uid___A001_X3788_X5eda,26,COARSE,73.96005813333171
uid___A001_X3788_X5eda,28,COARSE,69.26256272000082
uid___A001_X3788_X5eda,30,COARSE,40.418455690666505
uid___A001_X3788_X5ede,24,COARSE,28.27781321599854
uid___A001_X3788_X5ede,26,COARSE,42.23679364266846
uid___A001_X3788_X5ede,28,COARSE,34.21549246399903
uid___A001_X3788_X5ede,30,COARSE,54.94565568
uid___A001_X3788_X5ee2,24,COARSE,72.553024298667
uid___A001_X3788_X5ee2,26,COARSE,61.11909626666585
uid___A001_X3788_X5ee2,28,COARSE,73.12661679466716
uid___A001_X3788_X5ee2,30,COARSE,35.57504258666748
uid___A001_X3788_X5ee6,24,COARSE,75.93580038400066
uid___A001_X3788_X5ee6,26,COARSE,75.66537681600016
uid___A001_X3788_X5ee6,28,COARSE,76.84176918399984
uid___A001_X3788_X5ee6,30,COARSE,63.330713941333
uid___A001_X3788_X5eea,24,COARSE,78.43910700800049
uid___A001_X3788_X5eea,26,COARSE,72.91869269333252
uid___A001_X3788_X5eea,28,COARSE,75.31430182400065
uid___A001_X3788_X5eea,30,COARSE,84.68859500800049
uid___A001_X3788_X5eee,24,COARSE,72.54955875199951
uid___A001_X3788_X5eee,26,COARSE,37.28595185066569
uid___A001_X3788_X5eee,28,COARSE,79.33675867733074
uid___A001_X3788_X5eee,30,COARSE,21.99445091199951
uid___A001_X3788_X5ef2,24,COARSE,75.83302229333333
uid___A001_X3788_X5ef2,26,COARSE,72.70798310399901
uid___A001_X3788_X5ef2,28,COARSE,75.67674072533366
uid___A001_X3788_X5ef2,30,COARSE,77.18717081600097
uid___A001_X3788_X5efa,24,COARSE,70.98906870933268
uid___A001_X3788_X5efa,26,COARSE,26.717505663999024
uid___A001_X3788_X5efa,28,COARSE,76.04118858666749
uid___A001_X3788_X5efa,30,COARSE,60.20756499200114
uid___A001_X3788_X5efe,24,COARSE,76.77068936533203
uid___A001_X3788_X5efe,26,COARSE,72.76025389333496
uid___A001_X3788_X5efe,28,COARSE,65.83310020266683
uid___A001_X3788_X5efe,30,COARSE,32.759993658665366
uid___A001_X3788_X5f02,24,MEDIUM,71.72691524266764
uid___A001_X3788_X5f02,26,MEDIUM,75.90103042133138
uid___A001_X3788_X5f02,28,MEDIUM,53.69219009066569
uid___A001_X3788_X5f02,30,MEDIUM,79.18245039999837
uid___A001_X3788_X5f06,24,MEDIUM,34.73304325866536
uid___A001_X3788_X5f06,26,MEDIUM,35.097642912000325
uid___A001_X3788_X5f06,28,MEDIUM,40.931424991997076
uid___A001_X3788_X5f06,30,MEDIUM,75.24790885333333
uid___A001_X3788_X5f0a,24,MEDIUM,16.5696855680013
uid___A001_X3788_X5f0a,26,MEDIUM,37.7568925119987
uid___A001_X3788_X5f0a,28,MEDIUM,71.10893753066406
uid___A001_X3788_X5f0a,30,MEDIUM,39.407252106668295
uid___A001_X3788_X5f0e,24,MEDIUM,76.40523239999675
uid___A001_X3788_X5f0e,26,MEDIUM,29.7366254880013
uid___A001_X3788_X5f0e,28,MEDIUM,79.26987363200195
uid___A001_X3788_X5f0e,30,MEDIUM,76.04055808000489
uid___A001_X3788_X5f12,24,MEDIUM,29.006861648001305
uid___A001_X3788_X5f12,26,MEDIUM,37.28851396266927
uid___A001_X3788_X5f12,28,MEDIUM,65.89014229866699
uid___A001_X3788_X5f12,30,MEDIUM,58.695780405333664
uid___A001_X3788_X5f16,24,MEDIUM,78.75175705600098
uid___A001_X3788_X5f16,26,MEDIUM,48.65014156799642
uid___A001_X3788_X5f16,28,MEDIUM,74.27291622400065
uid___A001_X3788_X5f16,30,MEDIUM,61.14899689600261
uid___A001_X3788_X5f1a,24,MEDIUM,72.98839489599771
uid___A001_X3788_X5f1a,26,MEDIUM,52.27001110933593
uid___A001_X3788_X5f1a,28,MEDIUM,71.09256216000162
uid___A001_X3788_X5f1a,30,MEDIUM,75.67607073599935
uid___A001_X3788_X5f1e,24,MEDIUM,21.71099542400065
uid___A001_X3788_X5f1e,26,MEDIUM,29.279992650665694
uid___A001_X3788_X5f1e,28,MEDIUM,74.78910382933431
uid___A001_X3788_X5f1e,30,MEDIUM,21.353787002666017
uid___A001_X3788_X5f22,24,MEDIUM,71.40624564799805
uid___A001_X3788_X5f22,26,MEDIUM,43.73147724799804
uid___A001_X3788_X5f22,28,MEDIUM,67.71801716266602
uid___A001_X3788_X5f22,30,MEDIUM,41.97904417066894
uid___A001_X3788_X5f26,24,MEDIUM,71.66869572266276
uid___A001_X3788_X5f26,26,MEDIUM,40.761453125330405
uid___A001_X3788_X5f26,28,MEDIUM,28.852189050667317
uid___A001_X3788_X5f26,30,MEDIUM,24.536710981333005
uid___A001_X3788_X5f2a,24,COARSE,76.82090746666503
uid___A001_X3788_X5f2a,26,COARSE,31.47164731199951
uid___A001_X3788_X5f2a,28,COARSE,75.10197147733236
uid___A001_X3788_X5f2a,30,COARSE,22.909961386668297
uid___A001_X3788_X6029,11,CONT,14.058567499999999
uid___A001_X3788_X6029,16,CONT,16.402487344999695
uid___A001_X3788_X6029,18,CONT,14.058609849999618
uid___A001_X3788_X6029,23,COARSE,11.870988831999512
uid___A001_X3788_X6036,20,FINE,12.492645979608765
uid___A001_X3788_X6036,22,FINE,70.90185497445354
uid___A001_X3788_X6036,24,FINE,39.7627027091864
uid___A001_X3788_X6036,26,FINE,75.03963115547829
uid___A001_X3788_X6036,28,FINE,39.735952097352126
uid___A001_X3788_X6036,30,COARSE,11.138721568000488
uid___A001_X3788_X603c,20,FINE,26.414640286147577
uid___A001_X3788_X603c,22,FINE,56.577415528626254
uid___A001_X3788_X603c,24,FINE,60.43340626489957
uid___A001_X3788_X603c,26,FINE,53.016726855049335
uid___A001_X3788_X603c,28,FINE,37.92405937146934
uid___A001_X3788_X603c,30,COARSE,11.711719919999187
uid___A001_X3788_X6063,25,FINE,44.96232468282669
uid___A001_X3788_X6063,27,FINE,44.246798637419325
uid___A001_X3788_X6063,29,FINE,45.9344785625783
uid___A001_X3788_X6063,31,FINE,31.57656219596901
uid___A001_X3788_X6063,33,FINE,62.496284589837146
uid___A001_X3788_X6063,35,FINE,80.62291539375803
uid___A001_X3788_X6063,37,FINE,37.13095446955427
uid___A001_X3788_X6063,39,MEDIUM,25.89668981866699
uid___A001_X3788_X6065,25,FINE,17.274061931394236
uid___A001_X3788_X6065,27,FINE,8.124219627332586
uid___A001_X3788_X6065,29,FINE,3.935311244523988
uid___A001_X3788_X6065,31,FINE,10.186742624604626
uid___A001_X3788_X6065,33,FINE,18.536028385245363
uid___A001_X3788_X6065,35,FINE,42.61230232552285
uid___A001_X3788_X6065,37,FINE,24.47997911031366
uid___A001_X3788_X6065,39,MEDIUM,77.29153408
uid___A001_X3788_X6067,24,FINE,21.642929456679365
uid___A001_X3788_X6067,26,FINE,7.484584546487853
uid___A001_X3788_X6067,28,FINE,20.205611173920133
uid___A001_X3788_X6067,30,FINE,8.951989118313037
uid___A001_X3788_X6067,32,FINE,70.003851260724
uid___A001_X3788_X6067,34,FINE,33.12725612614769
uid___A001_X3788_X6067,36,FINE,39.307809017336304
uid___A001_X3788_X6067,38,MEDIUM,70.88506733865886
uid___A001_X3788_X606d,25,FINE,70.83070222446743
uid___A001_X3788_X606d,27,FINE,62.93688786198069
uid___A001_X3788_X606d,29,FINE,56.28933334247721
uid___A001_X3788_X606d,31,FINE,64.6392510811724
uid___A001_X3788_X606d,33,FINE,37.715144605784936
uid___A001_X3788_X606d,35,FINE,54.68866688962925
uid___A001_X3788_X606d,37,FINE,46.43433537332548
uid___A001_X3788_X606d,39,MEDIUM,53.06695451733724
uid___A001_X3788_X606f,25,FINE,66.64286460345346
uid___A001_X3788_X606f,27,FINE,62.512033867022765
uid___A001_X3788_X606f,29,FINE,71.45848690474742
uid___A001_X3788_X606f,31,FINE,56.69057596539601
uid___A001_X3788_X606f,33,FINE,24.286327904989772
uid___A001_X3788_X606f,35,FINE,70.7293089029689
uid___A001_X3788_X606f,37,FINE,75.03368854713786
uid___A001_X3788_X606f,39,MEDIUM,48.80323795199707
uid___A001_X3788_X6071,24,FINE,55.34624072855166
uid___A001_X3788_X6071,26,FINE,63.93360440868883
uid___A001_X3788_X6071,28,FINE,46.847311490294196
uid___A001_X3788_X6071,30,FINE,67.493248432428
uid___A001_X3788_X6071,32,FINE,36.668351088319575
uid___A001_X3788_X6071,34,FINE,44.00601957887371
uid___A001_X3788_X6071,36,FINE,51.21504186457052
uid___A001_X3788_X6071,38,MEDIUM,12.500343039998372
uid___A001_X3788_X6077,25,FINE,46.34448354604071
uid___A001_X3788_X6077,27,FINE,29.362793674374398
uid___A001_X3788_X6077,29,FINE,40.00868061129046
uid___A001_X3788_X6077,31,FINE,27.940678706662503
uid___A001_X3788_X6077,33,FINE,47.9012975775594
uid___A001_X3788_X6077,35,FINE,75.9247937494885
uid___A001_X3788_X6077,37,FINE,39.68406213626698
uid___A001_X3788_X6077,39,MEDIUM,72.19245378667317
uid___A001_X3788_X6079,25,FINE,22.110728438845065
uid___A001_X3788_X6079,27,FINE,15.208350883561414
uid___A001_X3788_X6079,29,FINE,16.458345592888843
uid___A001_X3788_X6079,31,FINE,15.45933153334959
uid___A001_X3788_X6079,33,FINE,22.586762421952315
uid___A001_X3788_X6079,35,FINE,64.79144551135191
uid___A001_X3788_X6079,37,FINE,33.81618993810125
uid___A001_X3788_X6079,39,MEDIUM,18.073310101334634
uid___A001_X3788_X607b,24,FINE,29.810081442063836
uid___A001_X3788_X607b,26,FINE,24.011916277800193
uid___A001_X3788_X607b,28,FINE,12.137756725103845
uid___A001_X3788_X607b,30,FINE,30.698257153528896
uid___A001_X3788_X607b,32,FINE,43.10662476234687
uid___A001_X3788_X607b,34,FINE,73.27121692054072
uid___A001_X3788_X607b,36,FINE,44.20962030101984
uid___A001_X3788_X607b,38,MEDIUM,17.291801792000324
uid___A001_X3788_X60ae,25,COARSE,54.1640853333317
uid___A001_X3788_X60ae,27,COARSE,45.72609901866699
uid___A001_X3788_X60ae,29,COARSE,61.45611925333333
uid___A001_X3788_X60ae,31,COARSE,51.55971
uid___A001_X3788_X60b2,25,MEDIUM,56.03582618666341
uid___A001_X3788_X60b2,27,MEDIUM,63.84934938133463
uid___A001_X3788_X60b2,29,MEDIUM,58.74441164799479
uid___A001_X3788_X60b2,31,MEDIUM,78.3303902719987
uid___A001_X3788_X60b6,25,COARSE,36.4547384
uid___A001_X3788_X60b6,27,COARSE,19.57876926933431
uid___A001_X3788_X60b6,29,COARSE,34.16285781333334
uid___A001_X3788_X60b6,31,COARSE,47.49695315199707
uid___A001_X3788_X60ba,25,COARSE,23.95167184
uid___A001_X3788_X60ba,27,COARSE,42.9116484480013
uid___A001_X3788_X60ba,29,COARSE,54.579265162669266
uid___A001_X3788_X60ba,31,COARSE,62.913333557333985
uid___A001_X3788_X60be,25,COARSE,56.142959306668295
uid___A001_X3788_X60be,27,COARSE,53.74695712533041
uid___A001_X3788_X60be,29,COARSE,42.3919667573291
uid___A001_X3788_X60be,31,COARSE,59.05974166399414
uid___A001_X3788_X60c2,25,COARSE,24.783443568004557
uid___A001_X3788_X60c2,27,COARSE,58.745473984000654
uid___A001_X3788_X60c2,29,COARSE,46.035630239999996
uid___A001_X3788_X60c2,31,COARSE,31.867352549339195
uid___A001_X3788_X60c6,21,COARSE,49.78936592
uid___A001_X3788_X60c6,23,COARSE,33.12191839999837
uid___A001_X3788_X60c6,25,COARSE,59.58141713066569
uid___A001_X3788_X60c6,27,MEDIUM,24.579691093331707
uid___A001_X3788_X60ca,25,COARSE,42.18048184000325
uid___A001_X3788_X60ca,27,COARSE,76.76800509866862
uid___A001_X3788_X60ca,29,COARSE,26.760745311998697
uid___A001_X3788_X60ca,31,COARSE,71.03806230400065
uid___A001_X3788_X60ce,23,COARSE,43.95208679466796
uid___A001_X3788_X60ce,25,COARSE,41.13926125333333
uid___A001_X3788_X60ce,27,COARSE,49.7859880640039
uid___A001_X3788_X60ce,29,COARSE,29.992065024000652
uid___A001_X3788_X60d2,25,COARSE,41.870824672000325
uid___A001_X3788_X60d2,27,COARSE,37.70384594133138
uid___A001_X3788_X60d2,29,COARSE,33.432606111998695
uid___A001_X3788_X60d2,31,COARSE,40.933145440000004
uid___A001_X3788_X60d6,25,COARSE,48.74516396800131
uid___A001_X3788_X60d6,27,COARSE,55.41244373333334
uid___A001_X3788_X60d6,29,COARSE,80.93566023999674
uid___A001_X3788_X60d6,31,COARSE,22.179966256002604
uid___A001_X3788_X60da,21,COARSE,59.79000120533365
uid___A001_X3788_X60da,23,COARSE,59.26913795733398
uid___A001_X3788_X60da,25,COARSE,34.05968441600586
uid___A001_X3788_X60da,27,COARSE,59.6857703680013
uid___A001_X3788_X60de,25,COARSE,75.83072750933269
uid___A001_X3788_X60de,27,COARSE,66.0379937386556
uid___A001_X3788_X60de,29,COARSE,59.586341178668626
uid___A001_X3788_X60de,31,COARSE,34.7844668319987
uid___A001_X3788_X60e2,25,COARSE,23.016840762666018
uid___A001_X3788_X60e2,27,COARSE,22.91265685333333
uid___A001_X3788_X60e2,29,COARSE,53.64337930666504
uid___A001_X3788_X60e2,31,COARSE,21.766679802667642
uid___A001_X3788_X60e6,25,COARSE,54.371320800003254
uid___A001_X3788_X60e6,27,COARSE,58.538310730664065
uid___A001_X3788_X60e6,29,COARSE,72.49772608
uid___A001_X3788_X60e6,31,COARSE,24.368723487998047
uid___A001_X3788_X60ea,21,COARSE,28.95428134399902
uid___A001_X3788_X60ea,23,COARSE,48.22620322133301
uid___A001_X3788_X60ea,25,COARSE,61.143561514667965
uid___A001_X3788_X60ea,27,COARSE,27.70408790400065
uid___A001_X3788_X60ee,25,COARSE,65.31102414399902
uid___A001_X3788_X60ee,27,COARSE,38.12235471999838
uid___A001_X3788_X60ee,29,COARSE,72.70713442133301
uid___A001_X3788_X60ee,31,COARSE,55.102185216000976
uid___A001_X3788_X60f2,25,COARSE,47.49360524799805
uid___A001_X3788_X60f2,27,COARSE,66.24587526400066
uid___A001_X3788_X60f2,29,COARSE,64.37056038399413
uid___A001_X3788_X60f2,31,COARSE,9.3636668
uid___A001_X3788_X60f6,25,COARSE,58.53799551467122
uid___A001_X3788_X60f6,27,COARSE,50.62061392000325
uid___A001_X3788_X60f6,29,COARSE,37.077641237333985
uid___A001_X3788_X60f6,31,COARSE,49.99546239466471
uid___A001_X3788_X60fa,21,COARSE,48.01871491200033
uid___A001_X3788_X60fa,23,COARSE,57.49825919999837
uid___A001_X3788_X60fa,25,COARSE,40.51831788800049
uid___A001_X3788_X60fa,27,COARSE,41.97669804266439
uid___A001_X3788_X60fe,25,COARSE,27.70582568
uid___A001_X3788_X60fe,27,COARSE,39.581229866668295
uid___A001_X3788_X60fe,29,COARSE,51.87328998399903
uid___A001_X3788_X60fe,31,COARSE,46.87310552000326
uid___A001_X3788_X6102,23,COARSE,57.6012210719987
uid___A001_X3788_X6102,25,COARSE,35.72468148800293
uid___A001_X3788_X6102,27,COARSE,53.955042496002605
uid___A001_X3788_X6102,29,COARSE,57.80947167999837
uid___A001_X3788_X6106,23,COARSE,18.017114495999348
uid___A001_X3788_X6106,25,COARSE,46.56006222400391
uid___A001_X3788_X6106,27,COARSE,67.91514884266927
uid___A001_X3788_X6106,29,COARSE,46.35161501333334
uid___A001_X3788_X610a,25,COARSE,57.49685568000162
uid___A001_X3788_X610a,27,COARSE,41.34980979733561
uid___A001_X3788_X610a,29,COARSE,40.41214252799642
uid___A001_X3788_X610a,31,COARSE,45.9333784480013
uid___A001_X3788_X6110,25,FINE,40.704655468665365
uid___A001_X3788_X6110,27,MEDIUM,35.49417068433329
uid___A001_X3788_X6110,29,FINE,21.295883607999674
uid___A001_X3788_X6110,31,FINE,41.1712231026652
uid___A001_X3788_X61b7,25,MEDIUM,65.57557644801759
uid___A001_X3788_X61b7,27,MEDIUM,54.83416423466634
uid___A001_X3788_X61b7,29,MEDIUM,55.21181386133138
uid___A001_X3788_X61b7,31,MEDIUM,27.972408192000326
uid___A001_X3788_X61b9,25,MEDIUM,34.84052678400065
uid___A001_X3788_X61b9,27,MEDIUM,54.246642970668944
uid___A001_X3788_X61b9,29,MEDIUM,5.521125466669922
uid___A001_X3788_X61b9,31,MEDIUM,8.902728783999024
uid___A001_X3788_X61bd,25,MEDIUM,48.8319866240039
uid___A001_X3788_X61bd,27,MEDIUM,85.05258314666504
uid___A001_X3788_X61bd,29,MEDIUM,37.5022528160026
uid___A001_X3788_X61bd,31,MEDIUM,17.398827253331707
uid___A001_X3788_X61c0,24,MEDIUM,54.94859898666667
uid___A001_X3788_X61c0,26,MEDIUM,82.04754562133789
uid___A001_X3788_X61c0,28,MEDIUM,10.054371642670898
uid___A001_X3788_X61c0,30,MEDIUM,44.0572670080013
uid___A001_X3788_X61c7,24,MEDIUM,64.73732601599609
uid___A001_X3788_X61c7,26,MEDIUM,72.08180706133301
uid___A001_X3788_X61c7,28,MEDIUM,12.40704265599935
uid___A001_X3788_X61c7,30,MEDIUM,6.036583509329427
uid___A001_X3788_X61dd,25,MEDIUM,68.48534372265624
uid___A001_X3788_X61dd,27,MEDIUM,13.586692565332031
uid___A001_X3788_X61dd,29,MEDIUM,7.8889296106640625
uid___A001_X3788_X61dd,31,MEDIUM,12.234429391998699
uid___A001_X3788_X61dd,33,MEDIUM,51.92876117866211
uid___A001_X3788_X61e0,25,MEDIUM,6.759840064003907
uid___A001_X3788_X61e0,27,MEDIUM,15.301062464010418
uid___A001_X3788_X61e0,29,MEDIUM,12.189023962669271
uid___A001_X3788_X61e0,31,MEDIUM,26.50308847467448
uid___A001_X3788_X61e0,33,MEDIUM,52.54732894932291
uid___A001_X3788_X61ee,5,CONT,46.8786849199997
uid___A001_X3788_X61ee,7,CONT,14.849640904999543
uid___A001_X3788_X61ee,9,CONT,14.849559155000305
uid___A001_X3788_X61ee,11,CONT,15.630740200000762
uid___A001_X3788_X61f6,7,CONT,14.84395601000061
uid___A001_X3788_X61f6,11,CONT,14.843767984999085
uid___A001_X3788_X61f6,15,CONT,14.843979444999695
uid___A001_X3788_X61f6,18,CONT,14.843791419999693
uid___A001_X3788_X6221,24,MEDIUM,46.90143009600016
uid___A001_X3788_X6221,26,COARSE,68.5809662786664
uid___A001_X3788_X6221,28,COARSE,59.60962357333334
uid___A001_X3788_X6221,30,MEDIUM,34.10204803199463
uid___A001_X3788_X6224,24,MEDIUM,17.723081921777343
uid___A001_X3788_X6224,26,COARSE,27.720905422666014
uid___A001_X3788_X6224,28,COARSE,26.433129539110784
uid___A001_X3788_X6224,30,MEDIUM,21.90007073244439
uid___A001_X3788_X6227,24,MEDIUM,21.705099183316097
uid___A001_X3788_X6227,26,COARSE,33.939310577982965
uid___A001_X3788_X6227,28,COARSE,27.20534782160683
uid___A001_X3788_X6227,30,MEDIUM,23.513665188649753
uid___A001_X3788_X622a,24,MEDIUM,19.077965955161314
uid___A001_X3788_X622a,26,COARSE,35.662191643654694
uid___A001_X3788_X622a,28,COARSE,18.721162727308908
uid___A001_X3788_X622a,30,MEDIUM,23.02216584770399
uid___A001_X3788_X622d,24,MEDIUM,31.046891368204875
uid___A001_X3788_X622d,26,COARSE,45.00214441107725
uid___A001_X3788_X622d,28,COARSE,26.73856495405142
uid___A001_X3788_X622d,30,MEDIUM,29.843155069538764
uid___A001_X3788_X6230,24,MEDIUM,8.73613835733317
uid___A001_X3788_X6230,26,COARSE,28.9436114586674
uid___A001_X3788_X6230,28,COARSE,3.348665586667073
uid___A001_X3788_X6230,30,MEDIUM,7.5713687093334965
uid___A001_X3788_X6233,24,MEDIUM,11.317142741333102
uid___A001_X3788_X6233,26,COARSE,20.77756863372549
uid___A001_X3788_X6233,28,COARSE,9.600802214588168
uid___A001_X3788_X6233,30,MEDIUM,10.340269131294425
uid___A001_X3788_X6236,24,MEDIUM,24.410319805630067
uid___A001_X3788_X6236,26,COARSE,41.45147550992585
uid___A001_X3788_X6236,28,COARSE,29.074975383703794
uid___A001_X3788_X6236,30,MEDIUM,33.64976816355541
uid___A001_X3788_X6239,24,MEDIUM,35.155764882961336
uid___A001_X3788_X6239,26,COARSE,48.65049257244434
uid___A001_X3788_X6239,28,COARSE,32.20934111229601
uid___A001_X3788_X6239,30,MEDIUM,34.33736575881619
uid___A001_X3788_X623f,24,MEDIUM,23.989596032000325
uid___A001_X3788_X623f,26,COARSE,0.8248461360001628
uid___A001_X3788_X623f,28,COARSE,4.582420441333211
uid___A001_X3788_X623f,30,MEDIUM,10.848515765332847
uid___A001_X3788_X6242,24,MEDIUM,12.500162559996744
uid___A001_X3788_X6242,26,COARSE,37.50027519999918
uid___A001_X3788_X6242,28,COARSE,11.823307903999837
uid___A001_X3788_X6242,30,MEDIUM,19.947980096002603
uid___A001_X3788_X6245,24,MEDIUM,18.49546561066569
uid___A001_X3788_X6245,26,COARSE,40.61249315599894
uid___A001_X3788_X6245,28,COARSE,3.295136331999715
uid___A001_X3788_X6245,30,MEDIUM,24.49256536
uid___A001_X3788_X6248,24,MEDIUM,22.876022016948134
uid___A001_X3788_X6248,26,COARSE,42.07469382696305
uid___A001_X3788_X6248,28,COARSE,13.798885660562771
uid___A001_X3788_X6248,30,MEDIUM,28.853891442725764
uid___A001_X3788_X624b,24,MEDIUM,13.367745086294141
uid___A001_X3788_X624b,26,COARSE,22.716146566613315
uid___A001_X3788_X624b,28,COARSE,6.9109461565864905
uid___A001_X3788_X624b,30,MEDIUM,21.374469312853385
uid___A001_X3788_X624e,24,MEDIUM,11.249871872001952
uid___A001_X3788_X624e,26,COARSE,12.135491429332683
uid___A001_X3788_X624e,28,COARSE,10.833391701333822
uid___A001_X3788_X624e,30,MEDIUM,24.531102207998046
uid___A001_X3788_X6251,24,MEDIUM,14.478223185332844
uid___A001_X3788_X6251,26,COARSE,13.877940086999818
uid___A001_X3788_X6251,28,COARSE,4.564519333333231
uid___A001_X3788_X6251,30,MEDIUM,11.073166644000244
uid___A001_X3788_X6254,24,MEDIUM,11.171419167996419
uid___A001_X3788_X6254,26,COARSE,61.19761911999999
uid___A001_X3788_X6254,28,COARSE,22.29112211199992
uid___A001_X3788_X6254,30,MEDIUM,24.45272934399577
uid___A001_X3788_X6257,24,MEDIUM,57.56925479822917
uid___A001_X3788_X6257,26,COARSE,72.13516288000082
uid___A001_X3788_X6257,28,COARSE,73.03794551822293
uid___A001_X3788_X6257,30,MEDIUM,44.14900734577257
uid___A001_X3788_X625a,24,MEDIUM,12.054128138666991
uid___A001_X3788_X625a,26,COARSE,25.762543946666938
uid___A001_X3788_X625a,28,COARSE,30.337269331555717
uid___A001_X3788_X625a,30,MEDIUM,31.513484835557726
uid___A001_X3788_X62c0,16,CONT,15.619706919998169
uid___A001_X3788_X62c0,22,CONT,26.557837130000305
uid___A001_X3788_X62c0,24,MEDIUM,20.476461653333335
uid___A001_X3788_X62c0,26,MEDIUM,12.786202112005206
uid___A001_X3788_X62c6,16,CONT,15.623093260000612
uid___A001_X3788_X62c6,22,CONT,27.34205786499939
uid___A001_X3788_X62c6,24,MEDIUM,3.456481962682292
uid___A001_X3788_X62c6,26,MEDIUM,4.396583082682292
uid___A001_X3788_X62cc,16,CONT,17.185360920001223
uid___A001_X3788_X62cc,22,CONT,26.560550909999087
uid___A001_X3788_X62cc,24,MEDIUM,5.78589508265625
uid___A001_X3788_X62cc,26,MEDIUM,42.58409642669271
uid___A001_X3788_X62d8,16,CONT,27.340179264997865
uid___A001_X3788_X62d8,22,CONT,26.558835410002136
uid___A001_X3788_X62d8,24,MEDIUM,8.290398464010416
uid___A001_X3788_X62d8,26,MEDIUM,46.654002517317714
uid___A001_X3788_X62e4,16,CONT,57.81163087000122
uid___A001_X3788_X62e4,22,CONT,26.560937719999693
uid___A001_X3788_X62e4,24,MEDIUM,25.194954069348956
uid___A001_X3788_X62e4,26,MEDIUM,63.5349397333073
uid___A001_X3788_X62ea,16,CONT,22.652772130000308
uid___A001_X3788_X62ea,22,CONT,26.559141380000305
uid___A001_X3788_X62ea,24,MEDIUM,7.430403669322917
uid___A001_X3788_X62ea,26,MEDIUM,25.221082623984376
uid___A001_X3788_X62f0,16,CONT,24.99845247999878
uid___A001_X3788_X62f0,22,CONT,27.342203875001523
uid___A001_X3788_X62f0,24,MEDIUM,3.9947130026822917
uid___A001_X3788_X62f0,26,MEDIUM,15.609506560026043
uid___A001_X3788_X62f6,16,CONT,26.559485890000918
uid___A001_X3788_X62f6,22,CONT,28.121995280000306
uid___A001_X3788_X62f6,24,MEDIUM,6.796019626666666
uid___A001_X3788_X62f6,26,MEDIUM,8.708361471979167
uid___A001_X3788_X62fc,16,CONT,27.34054568500061
uid___A001_X3788_X62fc,22,CONT,27.340490350000003
uid___A001_X3788_X62fc,24,MEDIUM,8.115124223984376
uid___A001_X3788_X62fc,26,MEDIUM,9.020173226666667
uid___A001_X3788_X6302,16,CONT,15.621220539999388
uid___A001_X3788_X6302,22,CONT,26.55915406999817
uid___A001_X3788_X6302,24,MEDIUM,20.297082026640627
uid___A001_X3788_X6302,26,MEDIUM,23.915146496015623
uid___A001_X3788_X6308,16,CONT,16.402624840000914
uid___A001_X3788_X6308,22,CONT,25.77797488500061
uid___A001_X3788_X6308,24,MEDIUM,8.767057920000001
uid___A001_X3788_X6308,26,MEDIUM,9.453786709322918
uid___A001_X3788_X630e,16,CONT,16.40302983500061
uid___A001_X3788_X630e,22,CONT,46.87291647999878
uid___A001_X3788_X630e,24,MEDIUM,5.6256730453125
uid___A001_X3788_X630e,26,MEDIUM,5.8223200426562505
uid___A001_X3788_X6314,16,CONT,35.15510086000061
uid___A001_X3788_X6314,22,CONT,27.342415914997865
uid___A001_X3788_X6314,24,MEDIUM,5.13344256
uid___A001_X3788_X6314,26,MEDIUM,16.652049066640625
uid___A001_X3788_X631a,16,CONT,15.61979386000061
uid___A001_X3788_X631a,22,CONT,24.995314719999694
uid___A001_X3788_X631a,24,MEDIUM,13.989901738671875
uid___A001_X3788_X631a,26,MEDIUM,23.772631978671875
uid___A001_X3788_X6320,16,CONT,15.620425659999086
uid___A001_X3788_X6320,22,CONT,24.995877759999086
uid___A001_X3788_X6320,24,MEDIUM,8.773005823984375
uid___A001_X3788_X6320,26,MEDIUM,22.664379647994792
uid___A001_X3788_X6326,16,CONT,15.621483519999696
uid___A001_X3788_X6326,22,CONT,26.559379200001526
uid___A001_X3788_X6326,24,MEDIUM,8.420974847994792
uid___A001_X3788_X6326,26,MEDIUM,7.01522944
uid___A001_X3788_X632c,16,CONT,21.873690500000002
uid___A001_X3788_X632c,22,CONT,24.9986992
uid___A001_X3788_X632c,24,MEDIUM,4.568801621354167
uid___A001_X3788_X632c,26,MEDIUM,5.401604607994791
uid___A001_X3788_X6332,16,CONT,15.61975822000122
uid___A001_X3788_X6332,22,CONT,26.557882719999693
uid___A001_X3788_X6332,24,MEDIUM,11.908191573333333
uid___A001_X3788_X6332,26,MEDIUM,13.599972693333335
uid___A001_X3788_X6338,16,CONT,15.623149960002136
uid___A001_X3788_X6338,22,CONT,27.34210715499878
uid___A001_X3788_X6338,24,MEDIUM,14.796965205338541
uid___A001_X3788_X6338,26,MEDIUM,24.985753514661457
uid___A001_X3788_X633e,16,CONT,15.622194159999085
uid___A001_X3788_X633e,22,CONT,27.341288290000914
uid___A001_X3788_X633e,24,MEDIUM,4.531564544010417
uid___A001_X3788_X633e,26,MEDIUM,4.679066538671875
uid___A001_X3788_X635d,23,CONT,13.283073174998474
uid___A001_X3788_X635d,25,FINE,20.635931617338354
uid___A001_X3788_X635d,27,FINE,20.47990350516984
uid___A001_X3788_X635d,29,FINE,26.699932586734608
uid___A001_X3788_X635d,31,FINE,35.325304895739826
uid___A001_X3788_X635d,33,FINE,62.17175654403646
uid___A001_X3788_X635f,23,CONT,14.83258186000061
uid___A001_X3788_X635f,25,FINE,64.72551822891195
uid___A001_X3788_X635f,27,FINE,58.228828306087344
uid___A001_X3788_X635f,29,FINE,56.2320928152808
uid___A001_X3788_X635f,31,FINE,73.53134973324823
uid___A001_X3788_X635f,33,FINE,50.07453900799479
uid___A001_X3788_X6362,23,CONT,47.65703858999786
uid___A001_X3788_X6362,25,FINE,21.781849956779702
uid___A001_X3788_X6362,27,FINE,23.199023787510118
uid___A001_X3788_X6362,29,FINE,21.59629653652487
uid___A001_X3788_X6362,31,FINE,22.51198949377938
uid___A001_X3788_X6362,33,FINE,11.327187370677084
uid___A001_X3788_X6367,23,CONT,14.839533880000305
uid___A001_X3788_X6367,25,FINE,15.956910458123911
uid___A001_X3788_X6367,27,FINE,3.2385010017916454
uid___A001_X3788_X6367,29,FINE,42.853196242616285
uid___A001_X3788_X6367,31,FINE,50.788826121503796
uid___A001_X3788_X6367,33,FINE,15.737641215989584
uid___A001_X3788_X6369,23,CONT,13.28929083999939
uid___A001_X3788_X6369,25,FINE,60.6733604921178
uid___A001_X3788_X6369,27,FINE,39.72920530842189
uid___A001_X3788_X6369,29,FINE,74.8418356549669
uid___A001_X3788_X6369,31,FINE,65.74711795438643
uid___A001_X3788_X6369,33,FINE,54.7660857173698
uid___A001_X3788_X636c,23,CONT,14.842147972499086
uid___A001_X3788_X636c,25,FINE,44.389163870543705
uid___A001_X3788_X636c,27,FINE,49.84914154737838
uid___A001_X3788_X636c,29,FINE,44.176259092222445
uid___A001_X3788_X636c,31,FINE,38.266589041859646
uid___A001_X3788_X636c,33,FINE,21.448001663984375
uid___A001_X3788_X636e,23,CONT,13.682208037499999
uid___A001_X3788_X636e,25,FINE,66.90055697019659
uid___A001_X3788_X636e,27,FINE,64.3688424372857
uid___A001_X3788_X636e,29,FINE,65.52176390674063
uid___A001_X3788_X636e,31,FINE,59.384486157243686
uid___A001_X3788_X636e,33,FINE,47.422407722682294
uid___A001_X3788_X6371,23,CONT,13.277989374999999
uid___A001_X3788_X6371,25,FINE,65.56119589449825
uid___A001_X3788_X6371,27,FINE,70.66130256105306
uid___A001_X3788_X6371,29,FINE,24.201753086483198
uid___A001_X3788_X6371,31,FINE,52.31298430890964
uid___A001_X3788_X6371,33,FINE,42.526514944010415
uid___A001_X3788_X6373,23,CONT,13.291368205000307
uid___A001_X3788_X6373,25,FINE,83.64445316730621
uid___A001_X3788_X6373,27,FINE,67.18331803023528
uid___A001_X3788_X6373,29,FINE,62.8596795223443
uid___A001_X3788_X6373,31,FINE,64.5266244892596
uid___A001_X3788_X6373,33,FINE,55.201332309322915
uid___A001_X3788_X6376,23,CONT,13.27882687000122
uid___A001_X3788_X6376,25,FINE,69.21544429620629
uid___A001_X3788_X6376,27,FINE,15.453155794609138
uid___A001_X3788_X6376,29,FINE,13.656572879724477
uid___A001_X3788_X6376,31,FINE,57.85142301725445
uid___A001_X3788_X6376,33,FINE,7.152377002682292
uid___A001_X3788_X6378,23,CONT,13.291942630001833
uid___A001_X3788_X6378,25,FINE,59.93733210680994
uid___A001_X3788_X6378,27,FINE,52.040970205090844
uid___A001_X3788_X6378,29,FINE,80.28985404593914
uid___A001_X3788_X6378,31,FINE,58.27845147441933
uid___A001_X3788_X6378,33,FINE,36.73835050666667
uid___A001_X3788_X63d2,25,MEDIUM,11.675412890667317
uid___A001_X3788_X63d2,27,COARSE,12.41464989333496
uid___A001_X3788_X63d2,29,COARSE,1.6402853226660157
uid___A001_X3788_X63d2,31,COARSE,12.589126618666993
uid___A001_X3788_X63da,25,MEDIUM,21.1392874880013
uid___A001_X3788_X63da,27,COARSE,18.38538255466797
uid___A001_X3788_X63da,29,COARSE,16.44638406933268
uid___A001_X3788_X63da,31,COARSE,12.806985221333008
uid___A001_X3788_X63de,25,MEDIUM,49.00407376
uid___A001_X3788_X63de,27,COARSE,2.0489933813330077
uid___A001_X3788_X63de,29,COARSE,35.55896832533203
uid___A001_X3788_X63de,31,COARSE,3.633874933333334
uid___A001_X3788_X63e2,25,MEDIUM,14.160788138666991
uid___A001_X3788_X63e2,27,COARSE,32.912105429331056
uid___A001_X3788_X63e2,29,COARSE,8.01453224533366
uid___A001_X3788_X63e2,31,COARSE,29.682676
uid___A001_X3788_X63f2,25,MEDIUM,40.66920943466634
uid___A001_X3788_X63f2,27,COARSE,1.6125757226676432
uid___A001_X3788_X63f2,29,COARSE,8.654376826666667
uid___A001_X3788_X63f2,31,COARSE,12.623417866666667
uid___A001_X3788_X643a,25,MEDIUM,48.79441824533203
uid___A001_X3788_X643a,27,COARSE,1.9254019839990235
uid___A001_X3788_X643a,29,COARSE,10.228358133333334
uid___A001_X3788_X643a,31,COARSE,2.0101795946663414
uid___A001_X3788_X652c,17,CONT,13.283205820001221
uid___A001_X3788_X652c,19,CONT,13.283192499999998
uid___A001_X3788_X652c,25,MEDIUM,40.93872492799479
uid___A001_X3788_X652c,27,MEDIUM,75.26089493334635
uid___A001_X3788_X6531,17,CONT,13.283345119998168
uid___A001_X3788_X6531,19,CONT,13.283332914999392
uid___A001_X3788_X6531,25,MEDIUM,51.98023170666342
uid___A001_X3788_X6531,27,MEDIUM,70.78187200000976
uid___A001_X3788_X6536,17,CONT,13.283418385000612
uid___A001_X3788_X6536,19,CONT,13.283406175000001
uid___A001_X3788_X6536,25,MEDIUM,42.91798912
uid___A001_X3788_X6536,27,MEDIUM,65.37527385066731
uid___A001_X3788_X653b,17,CONT,13.28338619500122
uid___A001_X3788_X653b,19,CONT,13.283373429998779
uid___A001_X3788_X653b,25,MEDIUM,45.00124979733073
uid___A001_X3788_X653b,27,MEDIUM,67.6048784533366
uid___A001_X3788_X6545,17,CONT,13.283785239999391
uid___A001_X3788_X6545,19,CONT,14.065003599996947
uid___A001_X3788_X6545,25,MEDIUM,50.99093234133464
uid___A001_X3788_X6545,27,MEDIUM,70.00080281599935
uid___A001_X3788_X654a,17,CONT,13.28358155499878
uid___A001_X3788_X654a,19,CONT,14.064801199996948
uid___A001_X3788_X654a,25,MEDIUM,31.251751039996744
uid___A001_X3788_X654a,27,MEDIUM,65.93833475199544
uid___A001_X3788_X655a,21,CONT,44.53347904500122
uid___A001_X3788_X655a,23,CONT,14.065943
uid___A001_X3788_X655a,25,MEDIUM,70.05325880533285
uid___A001_X3788_X655a,27,MEDIUM,70.62614899199951
uid___A001_X3788_X655f,21,CONT,14.0659584
uid___A001_X3788_X655f,23,CONT,21.878135
uid___A001_X3788_X655f,25,MEDIUM,82.18818022399984
uid___A001_X3788_X655f,27,MEDIUM,80.46949679999919
uid___A001_X3788_X6564,21,CONT,17.19125876000061
uid___A001_X3788_X6564,23,CONT,19.5348962
uid___A001_X3788_X6564,25,MEDIUM,65.10571632
uid___A001_X3788_X6564,27,MEDIUM,68.12641107199951
uid___A001_X3788_X6578,21,CONT,14.847129
uid___A001_X3788_X6578,23,CONT,81.2507416
uid___A001_X3788_X6578,25,MEDIUM,81.3548715626652
uid___A001_X3788_X6578,27,MEDIUM,81.19862597333251
uid___A001_X3788_X6582,21,CONT,20.315103040000153
uid___A001_X3788_X6582,23,CONT,55.47020036500015
uid___A001_X3788_X6582,25,MEDIUM,82.29220480000001
uid___A001_X3788_X6582,27,MEDIUM,70.5738417866691
uid___A001_X3788_X6594,5,CONT,13.275711654998778
uid___A001_X3788_X6594,7,CONT,13.275681130001832
uid___A001_X3788_X6594,9,CONT,13.275525175
uid___A001_X3788_X6594,11,CONT,13.27549465
uid___A001_X3788_X6598,5,CONT,14.056566325
uid___A001_X3788_X6598,7,CONT,23.62765889749985
uid___A001_X3788_X6598,9,CONT,14.056380700002288
uid___A001_X3788_X6598,11,CONT,14.251676780000306
uid___A001_X3788_X65a8,5,CONT,14.846347469995116
uid___A001_X3788_X65a8,7,CONT,14.84633657000122
uid___A001_X3788_X65a8,9,CONT,14.846282069998168
uid___A001_X3788_X65a8,11,CONT,14.846271714996337
uid___A001_X3788_X65ac,5,CONT,14.062234212499236
uid___A001_X3788_X65ac,7,CONT,14.06221386250076
uid___A001_X3788_X65ac,9,CONT,14.062109087499236
uid___A001_X3788_X65ac,11,CONT,14.06208873750076
uid___A001_X3788_X65b0,5,CONT,13.276710100001527
uid___A001_X3788_X65b0,7,CONT,13.276682072500613
uid___A001_X3788_X65b0,9,CONT,13.276537494999696
uid___A001_X3788_X65b0,11,CONT,13.276508912503052
uid___A001_X3788_X65b4,5,CONT,13.27964993500061
uid___A001_X3788_X65b4,7,CONT,13.27963273000183
uid___A001_X3788_X65b4,9,CONT,13.27954282000122
uid___A001_X3788_X65b4,11,CONT,13.27952506000061
uid___A001_X3788_X65b8,5,CONT,13.280198280001832
uid___A001_X3788_X65b8,7,CONT,14.061440150003051
uid___A001_X3788_X65b8,9,CONT,13.28008949500122
uid___A001_X3788_X65b8,11,CONT,13.28007173499756
uid___A001_X3788_X65bc,5,CONT,13.281212537498474
uid___A001_X3788_X65bc,7,CONT,13.281201992498778
uid___A001_X3788_X65bc,9,CONT,13.28114676999817
uid___A001_X3788_X65bc,11,CONT,13.281135947499084
uid___A001_X3788_X65d1,25,COARSE,52.73394593066081
uid___A001_X3788_X65d1,27,COARSE,57.948465792001954
uid___A001_X3788_X65d1,29,COARSE,56.87200374400065
uid___A001_X3788_X65d1,31,COARSE,6.035133786666667
uid___A001_X3788_X65f8,22,FINE,35.053602258243785
uid___A001_X3788_X65f8,24,COARSE,5.729289226667481
uid___A001_X3788_X65f8,26,FINE,37.13692830982118
uid___A001_X3788_X65f8,28,FINE,62.188926132116364
uid___A001_X3788_X65fe,22,FINE,23.08957739553979
uid___A001_X3788_X65fe,24,COARSE,5.578928138665364
uid___A001_X3788_X65fe,26,FINE,58.6938464479177
uid___A001_X3788_X65fe,28,FINE,70.92685983837647
uid___A001_X3788_X6604,22,FINE,21.49060207731644
uid___A001_X3788_X6604,24,COARSE,11.30675512
uid___A001_X3788_X6604,26,FINE,40.17487003744423
uid___A001_X3788_X6604,28,FINE,55.52279217252985
uid___A001_X3788_X6679,7,CONT,13.278367330000304
uid___A001_X3788_X6679,11,CONT,13.2783085
uid___A001_X3788_X6679,15,CONT,13.278396190000151
uid___A001_X3788_X6679,18,CONT,13.278337360000227
uid___A001_X3788_X67a2,17,CONT,14.82772155
uid___A001_X3788_X67a2,19,CONT,14.82768176499939
uid___A001_X3788_X67a2,23,CONT,14.82742725
uid___A001_X3788_X67a2,25,COARSE,32.07034636266927
uid___A001_X3788_X6802,25,MEDIUM,13.297988506666666
uid___A001_X3788_X6802,27,MEDIUM,18.086146816002604
uid___A001_X3788_X6802,29,MEDIUM,42.55334392534831
uid___A001_X3788_X6802,31,MEDIUM,27.28633825066732
uid___A001_X3788_X6802,33,MEDIUM,40.63057279999837
uid___A001_X3788_X6805,25,MEDIUM,7.542111349331054
uid___A001_X3788_X6805,27,MEDIUM,13.772815967998048
uid___A001_X3788_X6805,29,MEDIUM,14.179097045335286
uid___A001_X3788_X6805,31,MEDIUM,16.033386357330727
uid___A001_X3788_X6805,33,MEDIUM,17.508684032001952
uid___A001_X3788_X6808,25,MEDIUM,7.006101082664388
uid___A001_X3788_X6808,27,MEDIUM,4.271234432001953
uid___A001_X3788_X6808,29,MEDIUM,42.388461887994794
uid___A001_X3788_X6808,31,MEDIUM,18.924420085335285
uid___A001_X3788_X6808,33,MEDIUM,16.889610746666666
uid___A001_X3788_X680b,25,MEDIUM,5.78230832
uid___A001_X3788_X680b,27,MEDIUM,99.27078497066731
uid___A001_X3788_X680b,29,MEDIUM,2.291995669332682
uid___A001_X3788_X680b,31,MEDIUM,17.08354534400065
uid___A001_X3788_X680b,33,MEDIUM,10.938452005333659
uid___A001_X3788_X680e,25,MEDIUM,5.737446496000977
uid___A001_X3788_X680e,27,MEDIUM,12.599649749332684
uid___A001_X3788_X680e,29,MEDIUM,12.703830677333986
uid___A001_X3788_X680e,31,MEDIUM,15.386639893333335
uid___A001_X3788_X680e,33,MEDIUM,13.121087935999348
uid___A001_X3788_X6811,25,MEDIUM,4.637802240001627
uid___A001_X3788_X6811,27,MEDIUM,13.787108682669272
uid___A001_X3788_X6811,29,MEDIUM,54.26687210666016
uid___A001_X3788_X6811,31,MEDIUM,13.027461066666667
uid___A001_X3788_X6811,33,MEDIUM,42.44341599999837
uid___A001_X3788_X6815,25,MEDIUM,12.007213493331706
uid___A001_X3788_X6815,27,MEDIUM,14.361263605335287
uid___A001_X3788_X6815,29,MEDIUM,14.875413888001301
uid___A001_X3788_X6815,31,MEDIUM,12.358758538665365
uid___A001_X3788_X6815,33,MEDIUM,53.52733055466634
uid___A001_X3788_X681b,25,MEDIUM,50.523761866668295
uid___A001_X3788_X681b,27,MEDIUM,21.101679125335288
uid___A001_X3788_X681b,29,MEDIUM,55.35770728533529
uid___A001_X3788_X681b,31,MEDIUM,32.55962256
uid___A001_X3788_X681b,33,MEDIUM,30.9976164
uid___A001_X3788_X681e,25,MEDIUM,7.8585083786669925
uid___A001_X3788_X681e,27,MEDIUM,17.636168906669923
uid___A001_X3788_X681e,29,MEDIUM,3.356166186666667
uid___A001_X3788_X681e,31,MEDIUM,16.829404917330727
uid___A001_X3788_X681e,33,MEDIUM,28.58040353066732
uid___A001_X3788_X6821,25,MEDIUM,8.206406888000489
uid___A001_X3788_X6821,27,MEDIUM,37.662532965330406
uid___A001_X3788_X6821,29,MEDIUM,26.49139432533529
uid___A001_X3788_X6821,31,MEDIUM,22.249509935999352
uid___A001_X3788_X6821,33,MEDIUM,12.59303816799886
uid___A001_X3788_X6825,25,MEDIUM,1.2442557440022788
uid___A001_X3788_X6825,27,MEDIUM,6.659609941334635
uid___A001_X3788_X6825,29,MEDIUM,13.453833450670574
uid___A001_X3788_X6825,31,MEDIUM,12.407830869335937
uid___A001_X3788_X6825,33,MEDIUM,47.392684800001625
uid___A001_X3788_X6828,25,MEDIUM,1.64556792
uid___A001_X3788_X6828,27,MEDIUM,15.099139296002603
uid___A001_X3788_X6828,29,MEDIUM,25.715072160000002
uid___A001_X3788_X6828,31,MEDIUM,16.82349710933268
uid___A001_X3788_X6828,33,MEDIUM,11.936753818665364
uid___A001_X3788_X69f8,24,FINE,30.74488503903925
uid___A001_X3788_X69f8,26,FINE,43.012520095995875
uid___A001_X3788_X69f8,28,FINE,31.133988920376332
uid___A001_X3788_X69f8,30,FINE,44.2740276274782
uid___A001_X3788_X69f8,32,FINE,52.820389785272596
uid___A001_X3788_X69f8,34,FINE,23.335190668632087
uid___A001_X3788_X69f8,36,FINE,40.19333112036265
uid___A001_X3788_X69f8,38,FINE,36.294105263691634
uid___A001_X3788_X69f8,40,MEDIUM,36.19709427999837
uid___A001_X3788_X6a02,24,FINE,31.476643091893035
uid___A001_X3788_X6a02,26,FINE,47.67467314519037
uid___A001_X3788_X6a02,28,FINE,43.29844972221527
uid___A001_X3788_X6a02,30,FINE,43.92214762199826
uid___A001_X3788_X6a02,32,FINE,38.66630212298469
uid___A001_X3788_X6a02,34,FINE,45.29042532372421
uid___A001_X3788_X6a02,36,FINE,38.35591188827637
uid___A001_X3788_X6a02,38,FINE,62.51506894360818
uid___A001_X3788_X6a02,40,MEDIUM,9.523104903110623
uid___A001_X3788_X6a08,25,FINE,34.17176092009735
uid___A001_X3788_X6a08,27,FINE,56.53507751674036
uid___A001_X3788_X6a08,29,FINE,29.00103266045343
uid___A001_X3788_X6a08,31,FINE,48.2937390133401
uid___A001_X3788_X6a08,33,FINE,44.64266215026033
uid___A001_X3788_X6a08,35,FINE,35.09461120459063
uid___A001_X3788_X6a08,37,FINE,58.01010286072135
uid___A001_X3788_X6a08,39,FINE,61.91503725653149
uid___A001_X3788_X6a08,41,MEDIUM,46.922607738667196
uid___A001_X3788_X6a0a,25,FINE,26.27500913065106
uid___A001_X3788_X6a0a,27,FINE,22.851370068172024
uid___A001_X3788_X6a0a,29,FINE,36.40622932803196
uid___A001_X3788_X6a0a,31,FINE,47.316701511089185
uid___A001_X3788_X6a0a,33,FINE,53.46269605318036
uid___A001_X3788_X6a0a,35,FINE,35.266794055005015
uid___A001_X3788_X6a0a,37,FINE,48.62768330434436
uid___A001_X3788_X6a0a,39,FINE,42.74526323605375
uid___A001_X3788_X6a0a,41,MEDIUM,13.515079781333009
uid___A001_X3788_X6a0c,24,FINE,38.15152976933392
uid___A001_X3788_X6a0c,26,FINE,47.359390754661035
uid___A001_X3788_X6a0c,28,FINE,55.670060270884505
uid___A001_X3788_X6a0c,30,FINE,54.02663114527606
uid___A001_X3788_X6a0c,32,FINE,42.909037005623055
uid___A001_X3788_X6a0c,34,FINE,40.120866200838705
uid___A001_X3788_X6a0c,36,FINE,58.69686319201007
uid___A001_X3788_X6a0c,38,FINE,43.20328161853823
uid___A001_X3788_X6a0c,40,MEDIUM,12.943943681334433
uid___A001_X3788_X6a12,25,FINE,50.97057982250105
uid___A001_X3788_X6a12,27,FINE,75.55005324793895
uid___A001_X3788_X6a12,29,FINE,43.951939625047984
uid___A001_X3788_X6a12,31,FINE,20.40773051076788
uid___A001_X3788_X6a12,33,FINE,24.99155883384375
uid___A001_X3788_X6a12,35,FINE,21.449574187014402
uid___A001_X3788_X6a12,37,FINE,38.53622567575409
uid___A001_X3788_X6a12,39,FINE,57.34941973385974
uid___A001_X3788_X6a12,41,MEDIUM,10.67721507199951
uid___A001_X3788_X6a16,24,FINE,42.6438379146281
uid___A001_X3788_X6a16,26,FINE,27.760386935120856
uid___A001_X3788_X6a16,28,FINE,46.966062791616004
uid___A001_X3788_X6a16,30,FINE,26.826148671035426
uid___A001_X3788_X6a16,32,FINE,28.62831647716994
uid___A001_X3788_X6a16,34,FINE,38.214057801373805
uid___A001_X3788_X6a16,36,FINE,45.92569521004738
uid___A001_X3788_X6a16,38,FINE,26.545759107644933
uid___A001_X3788_X6a16,40,MEDIUM,5.8023411200016275
uid___A001_X3788_X6a1c,25,FINE,28.480526608622505
uid___A001_X3788_X6a1c,27,FINE,47.18887049487218
uid___A001_X3788_X6a1c,29,FINE,31.902165587495784
uid___A001_X3788_X6a1c,31,FINE,62.90560673651247
uid___A001_X3788_X6a1c,33,FINE,67.2819252207259
uid___A001_X3788_X6a1c,35,FINE,36.97496612266433
uid___A001_X3788_X6a1c,37,FINE,53.72445395247638
uid___A001_X3788_X6a1c,39,FINE,55.09208243879278
uid___A001_X3788_X6a1c,41,MEDIUM,53.389737839999995
uid___A001_X3788_X6a20,24,FINE,31.3796444333805
uid___A001_X3788_X6a20,26,FINE,41.62589523121524
uid___A001_X3788_X6a20,28,FINE,30.981527226414475
uid___A001_X3788_X6a20,30,FINE,54.679270844365966
uid___A001_X3788_X6a20,32,FINE,31.555842768363128
uid___A001_X3788_X6a20,34,FINE,37.70207684089443
uid___A001_X3788_X6a20,36,FINE,39.32483385614178
uid___A001_X3788_X6a20,38,FINE,44.493682608021054
uid___A001_X3788_X6a20,40,MEDIUM,27.273937903999023
uid___A001_X3788_X6a26,25,FINE,33.606845604814666
uid___A001_X3788_X6a26,27,FINE,32.77403155282641
uid___A001_X3788_X6a26,29,FINE,46.78854008445621
uid___A001_X3788_X6a26,31,FINE,56.0475611754301
uid___A001_X3788_X6a26,33,FINE,42.97785823754014
uid___A001_X3788_X6a26,35,FINE,55.55722158317612
uid___A001_X3788_X6a26,37,FINE,58.45035515702506
uid___A001_X3788_X6a26,39,FINE,62.44324860311535
uid___A001_X3788_X6a26,41,MEDIUM,9.018922597333983
uid___A001_X3788_X6a2a,24,FINE,54.108166108583674
uid___A001_X3788_X6a2a,26,FINE,46.92329603701655
uid___A001_X3788_X6a2a,28,FINE,35.54426708401361
uid___A001_X3788_X6a2a,30,FINE,53.29926072952668
uid___A001_X3788_X6a2a,32,FINE,52.56839147942573
uid___A001_X3788_X6a2a,34,FINE,30.036244335295457
uid___A001_X3788_X6a2a,36,FINE,46.207758727608386
uid___A001_X3788_X6a2a,38,FINE,51.193906636321195
uid___A001_X3788_X6a2a,40,MEDIUM,28.56110800355523
uid___A001_X3788_X6a30,25,FINE,38.91528668564807
uid___A001_X3788_X6a30,27,FINE,42.38838349792837
uid___A001_X3788_X6a30,29,FINE,43.32243385820279
uid___A001_X3788_X6a30,31,FINE,46.08912401993709
uid___A001_X3788_X6a30,33,FINE,48.3650192511992
uid___A001_X3788_X6a30,35,FINE,36.04950557909638
uid___A001_X3788_X6a30,37,FINE,76.03879898553735
uid___A001_X3788_X6a30,39,FINE,48.009899596877865
uid___A001_X3788_X6a30,41,MEDIUM,35.48067843200073
uid___A001_X3788_X6a32,25,FINE,49.59283712614357
uid___A001_X3788_X6a32,27,FINE,39.74069116527427
uid___A001_X3788_X6a32,29,FINE,57.55153898536902
uid___A001_X3788_X6a32,31,FINE,59.84321651779899
uid___A001_X3788_X6a32,33,FINE,38.95770013211151
uid___A001_X3788_X6a32,35,FINE,52.91610033826104
uid___A001_X3788_X6a32,37,FINE,40.10527564348509
uid___A001_X3788_X6a32,39,FINE,33.80491502515741
uid___A001_X3788_X6a32,41,MEDIUM,5.728893821333415
uid___A001_X3788_X6a34,24,FINE,30.27318274288666
uid___A001_X3788_X6a34,26,FINE,53.74481182307308
uid___A001_X3788_X6a34,28,FINE,53.50820829165445
uid___A001_X3788_X6a34,30,FINE,52.21339493257747
uid___A001_X3788_X6a34,32,FINE,45.53237774304807
uid___A001_X3788_X6a34,34,FINE,63.95025745045479
uid___A001_X3788_X6a34,36,FINE,61.94451870334665
uid___A001_X3788_X6a34,38,FINE,58.01532184291494
uid___A001_X3788_X6a34,40,MEDIUM,8.505187418666178
uid___A001_X3788_X6a3c,25,FINE,39.75552558462077
uid___A001_X3788_X6a3c,27,FINE,36.92187176798453
uid___A001_X3788_X6a3c,29,MEDIUM,45.43165514097719
uid___A001_X3788_X6a3c,31,FINE,57.58761976523113
uid___A001_X3788_X6a3c,33,FINE,45.634155746848556
uid___A001_X3788_X6a3c,35,FINE,59.1155799760332
uid___A001_X3788_X6a3c,37,FINE,53.778384829111616
uid___A001_X3788_X6a3c,39,FINE,51.58677300328443
uid___A001_X3788_X6a3c,41,MEDIUM,24.116119122666422
uid___A001_X3788_X6a3e,24,FINE,55.59008615246241
uid___A001_X3788_X6a3e,26,FINE,54.43682616588751
uid___A001_X3788_X6a3e,28,MEDIUM,55.04957529636763
uid___A001_X3788_X6a3e,30,FINE,85.25926864278087
uid___A001_X3788_X6a3e,32,FINE,64.06907889571414
uid___A001_X3788_X6a3e,34,FINE,54.07717591281509
uid___A001_X3788_X6a3e,36,FINE,72.74015015241562
uid___A001_X3788_X6a3e,38,FINE,64.22815733067033
uid___A001_X3788_X6a3e,40,MEDIUM,40.49433552266765
uid___A001_X3788_X6a46,24,MEDIUM,52.31067706822223
uid___A001_X3788_X6a46,26,MEDIUM,48.16044206042017
uid___A001_X3788_X6a46,28,MEDIUM,93.17603872000325
uid___A001_X3788_X6a46,30,MEDIUM,66.63437849600912
uid___A001_X3788_X6a46,32,MEDIUM,49.968075093320316
uid___A001_X3788_X6a46,34,MEDIUM,41.21061136160643
uid___A001_X3788_X6a46,36,MEDIUM,53.396926466614936
uid___A001_X3788_X6a62,17,CONT,17.960231874999998
uid___A001_X3788_X6a62,19,CONT,50.77613219500046
uid___A001_X3788_X6a62,25,COARSE,34.15916524799805
uid___A001_X3788_X6a62,27,COARSE,64.99600697599935
uid___A001_X3788_X6a66,7,CONT,14.834714444999694
uid___A001_X3788_X6a66,16,CONT,14.83473025
uid___A001_X3788_X6a66,23,COARSE,21.657347882666013
uid___A001_X3788_X6a66,25,COARSE,32.49195875200033
uid___A001_X3788_X6a6a,17,CONT,14.834714445000458
uid___A001_X3788_X6a6a,19,CONT,14.83470082000122
uid___A001_X3788_X6a6a,25,COARSE,40.82636889600097
uid___A001_X3788_X6a6a,27,COARSE,65.82930636800131
uid___A001_X3788_X6a6e,7,CONT,27.335844069999695
uid___A001_X3788_X6a6e,16,CONT,28.11719057999954
uid___A001_X3788_X6a6e,23,COARSE,33.32532224
uid___A001_X3788_X6a6e,25,COARSE,68.32952360533203
uid___A001_X3788_X6a7a,7,CONT,13.270144449999998
uid___A001_X3788_X6a7a,15,CONT,13.2701611
uid___A001_X3788_X6a7a,21,COARSE,40.82495268266764
uid___A001_X3788_X6a7a,23,COARSE,79.16371173333008
uid___A001_X3788_X6a86,17,CONT,14.840239655000307
uid___A001_X3788_X6a86,19,CONT,14.84022276000061
uid___A001_X3788_X6a86,25,COARSE,44.16359645866862
uid___A001_X3788_X6a86,27,COARSE,70.83172426666667
uid___A001_X3788_X6a8a,7,CONT,35.93552339000015
uid___A001_X3788_X6a8a,16,CONT,14.84113509000015
uid___A001_X3788_X6a8a,23,COARSE,49.99795903999838
uid___A001_X3788_X6a8a,25,COARSE,69.99877158400065
uid___A001_X3788_X6a92,7,CONT,22.65685241499939
uid___A001_X3788_X6a92,15,CONT,17.18816091000061
uid___A001_X3788_X6a92,21,COARSE,31.66630980266764
uid___A001_X3788_X6a92,23,COARSE,43.33302724266602
uid___A001_X3788_X6a9a,17,CONT,15.626902420000457
uid___A001_X3788_X6a9a,19,CONT,14.84565641000061
uid___A001_X3788_X6a9a,25,COARSE,30.000814463999028
uid___A001_X3788_X6a9a,27,COARSE,46.66727901866699
uid___A001_X3788_X6a9e,7,CONT,45.31694325
uid___A001_X3788_X6a9e,15,CONT,48.44169990999985
uid___A001_X3788_X6a9e,21,COARSE,21.19972537599935
uid___A001_X3788_X6a9e,23,COARSE,56.669574783999025
uid___A001_X3788_X6aa2,7,CONT,14.846604164999388
uid___A001_X3788_X6aa2,16,CONT,14.065393
uid___A001_X3788_X6aa2,23,COARSE,31.668258559998375
uid___A001_X3788_X6aa2,25,COARSE,50.83447179733398
uid___A001_X3788_X6aa6,17,CONT,14.836490599999236
uid___A001_X3788_X6aa6,19,CONT,14.836475884999848
uid___A001_X3788_X6aa6,25,COARSE,59.1626959680013
uid___A001_X3788_X6aa6,27,COARSE,42.494399040000005
uid___A001_X3788_X6aaa,17,CONT,14.835955955000305
uid___A001_X3788_X6aaa,19,CONT,14.835941784999848
uid___A001_X3788_X6aaa,25,COARSE,34.9933140480013
uid___A001_X3788_X6aaa,27,COARSE,23.32543458133138
uid___A001_X3788_X6aae,17,CONT,14.835576090000153
uid___A001_X3788_X6aae,19,CONT,14.835557559999849
uid___A001_X3788_X6aae,25,COARSE,28.325371797332355
uid___A001_X3788_X6aae,27,COARSE,50.82786190933432
uid___A001_X3788_X6ab2,7,CONT,33.58778937499924
uid___A001_X3788_X6ab2,16,CONT,14.836122729999543
uid___A001_X3788_X6ab2,23,COARSE,17.491443231998698
uid___A001_X3788_X6ab2,25,COARSE,39.99376460799968
uid___A001_X3788_X6ab6,7,CONT,14.835190230000306
uid___A001_X3788_X6ab6,16,CONT,34.3684123
uid___A001_X3788_X6ab6,23,COARSE,35.826273973333336
uid___A001_X3788_X6ab6,25,COARSE,47.49421744
uid___A001_X3788_X6aba,17,CONT,14.834780934999847
uid___A001_X3788_X6aba,19,CONT,14.834766220000459
uid___A001_X3788_X6aba,25,COARSE,47.49385388799968
uid___A001_X3788_X6aba,27,COARSE,54.99472499200032
uid___A001_X3788_X6adb,25,MEDIUM,52.97461213066976
uid___A001_X3788_X6adb,27,MEDIUM,60.7823546159969
uid___A001_X3788_X6adb,29,MEDIUM,65.55554776267252
uid___A001_X3788_X6adb,31,MEDIUM,32.8328443493278
uid___A001_X3788_X6adf,25,MEDIUM,59.362415463986
uid___A001_X3788_X6adf,27,MEDIUM,48.64474941600586
uid___A001_X3788_X6adf,29,MEDIUM,62.43787002933594
uid___A001_X3788_X6adf,31,MEDIUM,46.38290602399414
uid___A001_X3788_X6aec,5,CONT,14.046204599996948
uid___A001_X3788_X6aec,7,CONT,14.04617105
uid___A001_X3788_X6aec,9,CONT,14.046000000003051
uid___A001_X3788_X6aec,11,CONT,14.04596644999695
uid___A001_X3788_X6af4,25,COARSE,30.410049013333335
uid___A001_X3788_X6af4,27,COARSE,29.99332032
uid___A001_X3788_X6af4,29,COARSE,43.744538079996744
uid___A001_X3788_X6af4,31,COARSE,63.32976123733398
uid___A001_X3788_X6af8,25,COARSE,14.149308831998697
uid___A001_X3788_X6af8,27,COARSE,37.904083119999996
uid___A001_X3788_X6af8,29,COARSE,6.801009871998698
uid___A001_X3788_X6af8,31,COARSE,64.15930047999674
uid___A001_X3788_X6afc,25,COARSE,55.41612053866862
uid___A001_X3788_X6afc,27,COARSE,60.41617013333334
uid___A001_X3788_X6afc,29,COARSE,62.91614453333333
uid___A001_X3788_X6afc,31,COARSE,36.6657562880013
uid___A001_X3788_X6b08,25,COARSE,35.414042000003256
uid___A001_X3788_X6b08,27,COARSE,28.33038410666341
uid___A001_X3788_X6b08,29,COARSE,19.99650303466797
uid___A001_X3788_X6b08,31,COARSE,4.579113626663411
uid___A001_X3788_X6ba3,24,FINE,27.966707200000002
uid___A001_X3788_X6ba3,26,FINE,27.3980672
uid___A001_X3788_X6ba3,28,FINE,83.63688413869792
uid___A001_X3788_X6ba3,30,FINE,49.79573043200521
uid___A001_X3788_X6ba3,32,MEDIUM,1.3801544106673178
uid___A001_X3788_X6ba9,24,FINE,10.847573418645833
uid___A001_X3788_X6ba9,26,FINE,2.2496383999739584
uid___A001_X3788_X6ba9,28,FINE,26.84336179200521
uid___A001_X3788_X6ba9,30,FINE,47.319904
uid___A001_X3788_X6ba9,32,MEDIUM,12.184993984000652
uid___A001_X3788_X6baf,24,FINE,15.028761173333333
uid___A001_X3788_X6baf,26,FINE,23.195146069322917
uid___A001_X3788_X6baf,28,FINE,24.800438186666668
uid___A001_X3788_X6baf,30,FINE,58.15576089601563
uid___A001_X3788_X6baf,32,MEDIUM,1.3562367520003256
uid___A001_X3788_X6bb5,24,FINE,25.848450474661462
uid___A001_X3788_X6bb5,26,FINE,26.211689472005204
uid___A001_X3788_X6bb5,28,FINE,30.181065813333337
uid___A001_X3788_X6bb5,30,FINE,69.30615296
uid___A001_X3788_X6bb5,32,MEDIUM,73.122128
uid___A001_X3788_X6bbb,24,FINE,25.128236970703128
uid___A001_X3788_X6bbb,26,FINE,31.001638229322914
uid___A001_X3788_X6bbb,28,FINE,61.63884305070313
uid___A001_X3788_X6bbb,30,FINE,55.351916544010415
uid___A001_X3788_X6bbb,32,MEDIUM,2.2140229279996744
uid___A001_X3788_X6bc1,24,FINE,33.755643392031246
uid___A001_X3788_X6bc1,26,FINE,35.66071500802083
uid___A001_X3788_X6bc1,28,FINE,56.48114961065104
uid___A001_X3788_X6bc1,30,FINE,65.65650201601562
uid___A001_X3788_X6bc1,32,MEDIUM,12.060419024000652
uid___A001_X3788_X6bc7,24,FINE,14.224730282682291
uid___A001_X3788_X6bc7,26,FINE,14.837760426666666
uid___A001_X3788_X6bc7,28,FINE,15.15230916265625
uid___A001_X3788_X6bc7,30,FINE,43.25391129601562
uid___A001_X3788_X6bc7,32,MEDIUM,58.8002771680013
uid___A001_X3788_X6bcd,24,FINE,31.6908506453125
uid___A001_X3788_X6bcd,26,FINE,35.51976985598959
uid___A001_X3788_X6bcd,28,FINE,45.29023820799479
uid___A001_X3788_X6bcd,30,FINE,67.30478062929689
uid___A001_X3788_X6bcd,32,MEDIUM,13.478051301334634
uid___A001_X3788_X6bd3,24,FINE,27.897796181354167
uid___A001_X3788_X6bd3,26,FINE,14.074952447994793
uid___A001_X3788_X6bd3,28,FINE,32.00988654932292
uid___A001_X3788_X6bd3,30,FINE,60.97050845867188
uid___A001_X3788_X6bd3,32,MEDIUM,43.43207382400065
uid___A001_X3788_X6bd9,24,FINE,12.072336725364584
uid___A001_X3788_X6bd9,26,FINE,20.655507626666665
uid___A001_X3788_X6bd9,28,FINE,21.834807040026043
uid___A001_X3788_X6bd9,30,FINE,61.047336618619795
uid___A001_X3788_X6bd9,32,MEDIUM,71.61494197333333
uid___A001_X3788_X6bdf,24,FINE,28.360061610703124
uid___A001_X3788_X6bdf,26,FINE,17.085756757317707
uid___A001_X3788_X6bdf,28,FINE,36.00826658127605
uid___A001_X3788_X6bdf,30,FINE,55.221435989348954
uid___A001_X3788_X6bdf,32,MEDIUM,12.339060586666667
uid___A001_X3788_X6be5,24,FINE,23.604365141354165
uid___A001_X3788_X6be5,26,FINE,28.94902528
uid___A001_X3788_X6be5,28,FINE,35.38840746666666
uid___A001_X3788_X6be5,30,FINE,60.13344384
uid___A001_X3788_X6be5,32,MEDIUM,12.494915269331054
uid___A001_X3788_X6beb,24,FINE,11.406083413307291
uid___A001_X3788_X6beb,26,FINE,48.301804202734374
uid___A001_X3788_X6beb,28,FINE,18.52044151466146
uid___A001_X3788_X6beb,30,FINE,55.98391526398437
uid___A001_X3788_X6beb,32,MEDIUM,52.603290394666345
uid___A001_X3788_X6bf1,24,FINE,7.094013781302083
uid___A001_X3788_X6bf1,26,FINE,1.4138499413541668
uid___A001_X3788_X6bf1,28,FINE,17.14994048002604
uid___A001_X3788_X6bf1,30,FINE,60.13716480002604
uid___A001_X3788_X6bf1,32,MEDIUM,4.633344042666016
uid___A001_X3788_X6bfd,24,FINE,21.526132309296877
uid___A001_X3788_X6bfd,26,FINE,50.07853260802083
uid___A001_X3788_X6bfd,28,FINE,46.19545309869791
uid___A001_X3788_X6bfd,30,FINE,49.34877892268229
uid___A001_X3788_X6bfd,32,MEDIUM,53.196447178665366
uid___A001_X3788_X6c1a,16,CONT,35.9403577
uid___A001_X3788_X6c1a,24,MEDIUM,16.60265681065755
uid___A001_X3788_X6c1a,26,MEDIUM,16.61280740266276
uid___A001_X3788_X6c1a,28,FINE,15.014266538652343
uid___A001_X3788_X6c1a,30,MEDIUM,11.640270272001953
uid___A001_X3788_X6c1e,24,FINE,63.428675584062496
uid___A001_X3788_X6c1e,26,FINE,39.136432864879374
uid___A001_X3788_X6c1e,28,FINE,75.9273243926936
uid___A001_X3788_X6c1e,30,FINE,80.34032068265626
uid___A001_X3788_X6c1e,32,FINE,78.22407970125
uid___A001_X3788_X6c1e,34,MEDIUM,23.390348117330728
uid___A001_X3788_X6c1e,36,MEDIUM,25.63273131733073
uid___A001_X3788_X6c47,23,COARSE,49.160044832005205
uid___A001_X3788_X6c47,25,COARSE,11.655122559996745
uid___A001_X3788_X6c47,27,COARSE,57.49434457600261
uid___A001_X3788_X6c47,29,COARSE,23.73982129599935
uid___A001_X3788_X6c4b,25,COARSE,16.239731312001954
uid___A001_X3788_X6c4b,27,COARSE,32.491696096002606
uid___A001_X3788_X6c4b,29,COARSE,14.989349567998048
uid___A001_X3788_X6c4b,31,COARSE,40.40917728000651
uid___A001_X3788_X6dab,24,MEDIUM,5.5188568799999995
uid___A001_X3788_X6dab,26,MEDIUM,9.451210127998047
uid___A001_X3788_X6dab,28,FINE,49.13943142408854
uid___A001_X3788_X6dab,30,FINE,54.76752793596354
uid___A001_X3788_X6dab,32,FINE,25.365387605325523
uid___A001_X3788_X6dab,34,MEDIUM,7.159287152000325
uid___A001_X3788_X6dbb,24,FINE,56.69435289606771
uid___A001_X3788_X6dbb,26,FINE,58.89229900807291
uid___A001_X3788_X6dbb,28,FINE,57.547079999986984
uid___A001_X3788_X6dbb,30,FINE,63.88515225596354
uid___A001_X3788_X6dbb,32,FINE,34.649428053385414
uid___A001_X3788_X6dbb,34,FINE,61.131858175989585
uid___A001_X3788_X6dbb,36,FINE,12.253892778665366
uid___A001_X3788_X6e95,25,MEDIUM,21.280926405332032
uid___A001_X3788_X6e95,27,MEDIUM,28.599745823999022
uid___A001_X3788_X6e95,29,MEDIUM,18.490238618666993
uid___A001_X3788_X6e95,31,MEDIUM,14.954980992000324
uid___A001_X3788_X6e97,25,MEDIUM,15.464128432000326
uid___A001_X3788_X6e97,27,MEDIUM,27.183512032000323
uid___A001_X3788_X6e97,29,MEDIUM,24.0718934719987
uid___A001_X3788_X6e97,31,MEDIUM,28.225227674666343
uid___A001_X3788_X6e9b,25,MEDIUM,66.14910666666829
uid___A001_X3788_X6e9b,27,MEDIUM,31.98579522133138
uid___A001_X3788_X6e9b,29,MEDIUM,40.422454442666016
uid___A001_X3788_X6e9b,31,MEDIUM,74.27330350933268
uid___A001_X3788_X6e9d,25,MEDIUM,39.788076565336915
uid___A001_X3788_X6e9d,27,MEDIUM,19.63064182933268
uid___A001_X3788_X6e9d,29,MEDIUM,18.35941481066569
uid___A001_X3788_X6e9d,31,MEDIUM,41.767353599996746
uid___A001_X3788_X6e9f,24,MEDIUM,28.276748341333008
uid___A001_X3788_X6e9f,26,MEDIUM,44.40969229866536
uid___A001_X3788_X6e9f,28,MEDIUM,19.70505103466634
uid___A001_X3788_X6e9f,30,MEDIUM,19.29484722666667
uid___A001_X3788_X6ea3,25,MEDIUM,12.329948122666016
uid___A001_X3788_X6ea3,27,MEDIUM,45.72601390400065
uid___A001_X3788_X6ea3,29,MEDIUM,25.84054925866862
uid___A001_X3788_X6ea3,31,MEDIUM,74.58515605333008
uid___A001_X3788_X6ea5,25,MEDIUM,20.985098448001303
uid___A001_X3788_X6ea5,27,MEDIUM,11.437812064000651
uid___A001_X3788_X6ea5,29,MEDIUM,25.167574352000326
uid___A001_X3788_X6ea5,31,MEDIUM,24.73528576
uid___A001_X3788_X6ea9,25,MEDIUM,13.458780570667317
uid___A001_X3788_X6ea9,27,MEDIUM,69.2728904
uid___A001_X3788_X6ea9,29,MEDIUM,18.375212442666015
uid___A001_X3788_X6ea9,31,MEDIUM,41.926104762670896
uid___A001_X3788_X6eab,25,MEDIUM,12.903113157332358
uid___A001_X3788_X6eab,27,MEDIUM,75.10100491733562
uid___A001_X3788_X6eab,29,MEDIUM,20.285885477332357
uid___A001_X3788_X6eab,31,MEDIUM,47.16809040533203
uid___A001_X3788_X6ead,24,MEDIUM,71.5604336960026
uid___A001_X3788_X6ead,26,MEDIUM,35.25577133866699
uid___A001_X3788_X6ead,28,MEDIUM,33.53686534400065
uid___A001_X3788_X6ead,30,MEDIUM,26.296757018666995
uid___A001_X3788_X6eb1,25,MEDIUM,42.816518720000005
uid___A001_X3788_X6eb1,27,MEDIUM,12.448642506666667
uid___A001_X3788_X6eb1,29,MEDIUM,15.478178965333658
uid___A001_X3788_X6eb1,31,MEDIUM,30.52557030400065
uid___A001_X3788_X6eb3,25,MEDIUM,66.24803071999837
uid___A001_X3788_X6eb3,27,MEDIUM,11.34820616533203
uid___A001_X3788_X6eb3,29,MEDIUM,18.06818421866862
uid___A001_X3788_X6eb3,31,MEDIUM,45.04889245333333
uid___A001_X3788_X6eb7,25,MEDIUM,41.42858178133301
uid___A001_X3788_X6eb7,27,MEDIUM,11.600166453333333
uid___A001_X3788_X6eb7,29,MEDIUM,26.24258278933268
uid___A001_X3788_X6eb7,31,MEDIUM,12.5565016
uid___A001_X3788_X6eb9,25,MEDIUM,12.265454133333334
uid___A001_X3788_X6eb9,27,MEDIUM,11.126263168001302
uid___A001_X3788_X6eb9,29,MEDIUM,25.204177087999675
uid___A001_X3788_X6eb9,31,MEDIUM,15.017299552000326
uid___A001_X3788_X6ebb,24,MEDIUM,13.140442527999674
uid___A001_X3788_X6ebb,26,MEDIUM,58.27880220799967
uid___A001_X3788_X6ebb,28,MEDIUM,23.438619973334962
uid___A001_X3788_X6ebb,30,MEDIUM,11.86985024
uid___A001_X3788_X6ebf,25,MEDIUM,66.61765337599608
uid___A001_X3788_X6ebf,27,MEDIUM,12.34900992
uid___A001_X3788_X6ebf,29,MEDIUM,26.158979215999352
uid___A001_X3788_X6ebf,31,MEDIUM,31.377783429331053
uid___A001_X3788_X6ec1,25,MEDIUM,55.67468110399739
uid___A001_X3788_X6ec1,27,MEDIUM,11.12444744533203
uid___A001_X3788_X6ec1,29,MEDIUM,26.10416232
uid___A001_X3788_X6ec1,31,MEDIUM,57.13308740266439
uid___A001_X3788_X6ed3,19,MEDIUM,nan
uid___A001_X3788_X6ed3,21,MEDIUM,52.468494144003905
uid___A001_X3788_X6ed3,23,MEDIUM,29.138998277330728
uid___A001_X3788_X6ed3,25,MEDIUM,30.72836822399414
uid___A001_X3788_X6ed3,27,MEDIUM,63.01892287999999
uid___A001_X3788_X6ed5,19,MEDIUM,47.096112693336586
uid___A001_X3788_X6ed5,21,MEDIUM,31.95356166399414
uid___A001_X3788_X6ed5,23,MEDIUM,23.78669669866862
uid___A001_X3788_X6ed5,25,MEDIUM,19.21547416
uid___A001_X3788_X6ed7,18,MEDIUM,38.479375221344405
uid___A001_X3788_X6ed7,20,MEDIUM,30.725391871998696
uid___A001_X3788_X6ed7,22,MEDIUM,25.10647761599935
uid___A001_X3788_X6ed7,24,MEDIUM,41.33909736
uid___A001_X3788_X6edf,21,COARSE,6.6122849066658524
uid___A001_X3788_X6edf,23,COARSE,41.71727841599772
uid___A001_X3788_X6edf,25,COARSE,4.112087285332845
uid___A001_X3788_X6edf,27,COARSE,2.028680768000488
uid___A001_X3788_X6ee3,21,COARSE,26.8469586080013
uid___A001_X3788_X6ee3,23,COARSE,32.16913284266764
uid___A001_X3788_X6ee3,25,COARSE,11.77875974400065
uid___A001_X3788_X6ee3,27,COARSE,13.028637813333333
uid___A001_X3788_X6f5b,21,CONT,15.608904759997557
uid___A001_X3788_X6f5b,23,CONT,15.608789739996338
uid___A001_X3788_X6f5b,25,CONT,15.60892797999878
uid___A001_X3788_X6f5b,27,CONT,15.608766519995118
uid___A001_X3788_X6f5b,29,CONT,52.33468509500122
uid___A001_X3788_X6f5b,31,CONT,15.60874383999634
uid___A001_X3788_X6f5b,33,CONT,15.608973339996338
uid___A001_X3788_X6f5b,35,CONT,15.608721159997557
uid___A001_X3788_X6fdd,25,FINE,69.06649645513136
uid___A001_X3788_X6fdd,27,MEDIUM,18.693613871995442
uid___A001_X3788_X6fdd,29,MEDIUM,13.12668144533203
uid___A001_X3788_X6fdd,31,FINE,73.44640695760773
uid___A001_X3788_X70c7,24,COARSE,0.6258748159993489
uid___A001_X3788_X70c7,26,COARSE,0.9904547519995118
uid___A001_X3788_X70c7,28,COARSE,12.865344095999347
uid___A001_X3788_X70c7,30,FINE,47.94585433951159
uid___A001_X3788_X70cd,24,FINE,20.88520338329832
uid___A001_X3788_X70cd,26,COARSE,10.935907519999185
uid___A001_X3788_X70cd,28,FINE,16.6197693271458
uid___A001_X3788_X70cd,30,FINE,51.059097037591364
uid___A001_X3788_X70d3,24,COARSE,12.083876309332682
uid___A001_X3788_X70d3,26,COARSE,11.14638264533366
uid___A001_X3788_X70d3,28,COARSE,11.250548607999674
uid___A001_X3788_X70d3,30,FINE,37.29338325894316
uid___A001_X3788_X70d9,24,COARSE,12.240107280000814
uid___A001_X3788_X70d9,26,COARSE,56.875231423995764
uid___A001_X3788_X70d9,28,COARSE,11.406779407999675
uid___A001_X3788_X70d9,30,FINE,50.340901085113366
uid___A001_X3788_X70df,24,COARSE,11.563046496000977
uid___A001_X3788_X70df,26,COARSE,11.094299664000651
uid___A001_X3788_X70df,28,COARSE,11.82346140266683
uid___A001_X3788_X70df,30,FINE,42.36764060362377
uid___A001_X3788_X70e5,24,COARSE,0.7298981973331705
uid___A001_X3788_X70e5,26,COARSE,11.198565653333334
uid___A001_X3788_X70e5,28,COARSE,11.511063189333496
uid___A001_X3788_X70e5,30,FINE,49.55881185379826
uid___A001_X3788_X70eb,24,COARSE,0.5736290666666667
uid___A001_X3788_X70eb,26,COARSE,1.0944584
uid___A001_X3788_X70eb,28,COARSE,61.146080533331705
uid___A001_X3788_X70eb,30,FINE,39.88325897964505
uid___A001_X3788_X70f1,24,COARSE,11.35490519466634
uid___A001_X3788_X70f1,26,COARSE,13.438219968000489
uid___A001_X3788_X70f1,28,COARSE,10.93824224
uid___A001_X3788_X70f1,30,FINE,41.662247712199665
uid___A001_X3788_X70f7,24,COARSE,17.34438438400065
uid___A001_X3788_X70f7,26,COARSE,1.4590994773331705
uid___A001_X3788_X70f7,28,COARSE,12.344425856000163
uid___A001_X3788_X70f7,30,FINE,55.232853987938554
uid___A001_X3788_X70fd,24,COARSE,1.3550851946663411
uid___A001_X3788_X70fd,26,COARSE,1.8238305866658528
uid___A001_X3788_X70fd,28,COARSE,1.5634164799991863
uid___A001_X3788_X70fd,30,FINE,50.262019872425334
uid___A001_X3788_X7103,24,COARSE,12.552461957333986
uid___A001_X3788_X7103,26,COARSE,60.260560794668784
uid___A001_X3788_X7103,28,COARSE,10.98996963733317
uid___A001_X3788_X7103,30,FINE,48.79864166515912
uid___A001_X3788_X7109,24,FINE,20.740042120450518
uid___A001_X3788_X7109,26,COARSE,12.031496063999837
uid___A001_X3788_X7109,28,FINE,11.709920674201024
uid___A001_X3788_X7109,30,FINE,45.00148479878506
uid___A001_X3788_X710f,24,FINE,24.22030573197973
uid___A001_X3788_X710f,26,COARSE,11.406607040000814
uid___A001_X3788_X710f,28,FINE,23.877033576910513
uid___A001_X3788_X710f,30,FINE,33.98519007130968
uid___A001_X3788_X7115,24,FINE,44.63708412828196
uid___A001_X3788_X7115,26,COARSE,11.719150799999186
uid___A001_X3788_X7115,28,FINE,28.230943888266424
uid___A001_X3788_X7115,30,FINE,46.14986107748313
uid___A001_X3788_X711b,24,FINE,12.025415999665846
uid___A001_X3788_X711b,26,COARSE,12.083669247999675
uid___A001_X3788_X711b,28,FINE,13.325937727178975
uid___A001_X3788_X711b,30,FINE,37.0252666664339
uid___A001_X3788_X7121,24,FINE,16.78891794012336
uid___A001_X3788_X7121,26,COARSE,11.248603776000163
uid___A001_X3788_X7121,28,FINE,14.936739893981956
uid___A001_X3788_X7121,30,FINE,37.239030409360716
uid___A001_X3788_X7127,24,FINE,15.694840580402705
uid___A001_X3788_X7127,26,COARSE,11.665285802666016
uid___A001_X3788_X7127,28,FINE,14.727509565884544
uid___A001_X3788_X7127,30,FINE,60.46718390000828
uid___A001_X3788_X712d,24,FINE,15.574778560147296
uid___A001_X3788_X712d,26,COARSE,0.78167632
uid___A001_X3788_X712d,28,FINE,14.689367817051963
uid___A001_X3788_X712d,30,FINE,39.26181609655755
uid___A001_X3788_X7133,24,FINE,39.20864340599409
uid___A001_X3788_X7133,26,COARSE,0.9379762879996746
uid___A001_X3788_X7133,28,FINE,20.376081257645033
uid___A001_X3788_X7133,30,FINE,66.52586809529568
uid___A001_X3788_X7139,24,FINE,16.304792145249245
uid___A001_X3788_X7139,26,COARSE,12.342415232000326
uid___A001_X3788_X7139,28,FINE,14.548851243652146
uid___A001_X3788_X7139,30,FINE,32.03166546628609
uid___A001_X3788_X713f,24,COARSE,11.5629016
uid___A001_X3788_X713f,26,COARSE,0.937956
uid___A001_X3788_X713f,28,COARSE,59.479322933333336
uid___A001_X3788_X713f,30,FINE,55.62659393996796
uid___A001_X3788_X71f1,17,CONT,14.8414719
uid___A001_X3788_X71f1,25,COARSE,50.77987327999919
uid___A001_X3788_X71f1,27,COARSE,15.412700544000652
uid___A001_X3788_X71f1,29,COARSE,66.87341900800293
uid___A001_X3788_X71f1,31,COARSE,12.393252405334472
uid___A001_X3788_X722a,25,COARSE,4.162624794666341
uid___A001_X3788_X722a,27,COARSE,8.329464853333333
uid___A001_X3788_X722a,29,COARSE,54.1647236266683
uid___A001_X3788_X722a,31,COARSE,8.746129247999674
uid___A001_X3788_X722e,25,COARSE,5.829375018665365
uid___A001_X3788_X722e,27,COARSE,34.580581856000975
uid___A001_X3788_X722e,29,COARSE,16.663146666666666
uid___A001_X3788_X722e,31,COARSE,19.163249162666016
uid___A001_X3788_X7232,25,COARSE,11.241483407999675
uid___A001_X3788_X7232,27,COARSE,22.075842362667643
uid___A001_X3788_X7232,29,COARSE,20.408930912001953
uid___A001_X3788_X7232,31,COARSE,11.65806455466634
uid___A001_X3788_X7236,25,COARSE,28.325170901333006
uid___A001_X3788_X7236,27,COARSE,4.989163007999674
uid___A001_X3788_X7236,29,COARSE,26.241497391998696
uid___A001_X3788_X7236,31,COARSE,14.573470373333333
uid___A001_X3788_X723a,25,COARSE,56.661590911998694
uid___A001_X3788_X723a,27,COARSE,4.572138591998698
uid___A001_X3788_X723a,29,COARSE,13.73976481599935
uid___A001_X3788_X723a,31,COARSE,14.989896832000326
uid___A001_X3788_X723e,25,COARSE,47.90995999999512
uid___A001_X3788_X723e,27,COARSE,5.821181162666016
uid___A001_X3788_X723e,29,COARSE,12.4885368
uid___A001_X3788_X723e,31,COARSE,34.15802343466797
uid___A001_X3788_X7242,21,COARSE,60.41107661333008
uid___A001_X3788_X7242,23,COARSE,33.32389717333171
uid___A001_X3788_X7242,25,COARSE,8.320193173333333
uid___A001_X3788_X7242,27,COARSE,61.66115893866536
uid___A001_X3788_X7246,25,COARSE,8.73808990400065
uid___A001_X3788_X7246,27,COARSE,36.241662112001954
uid___A001_X3788_X7246,29,COARSE,19.572666351998695
uid___A001_X3788_X7246,31,COARSE,5.820817152000325
uid___A001_X3788_X724a,25,COARSE,44.15934919466797
uid___A001_X3788_X724a,27,COARSE,41.24228448
uid___A001_X3788_X724a,29,COARSE,12.488344160001628
uid___A001_X3788_X724a,31,COARSE,35.82476846933268
uid___A001_X3788_X7263,24,FINE,20.078146901328125
uid___A001_X3788_X7263,26,FINE,42.46807921656198
uid___A001_X3788_X7263,28,FINE,39.08122856000788
uid___A001_X3788_X7263,30,FINE,86.66492654932291
uid___A001_X3788_X7263,32,FINE,52.67221207700403
uid___A001_X3788_X7263,34,FINE,89.41827650708113
uid___A001_X3788_X7263,36,FINE,54.736187275745195
uid___A001_X3788_X7263,38,FINE,70.40615082138672
uid___A001_X3788_X7263,40,MEDIUM,1.5323795093343098
uid___A001_X3788_X7269,24,FINE,10.486857130677084
uid___A001_X3788_X7269,26,FINE,19.827742184337087
uid___A001_X3788_X7269,28,FINE,33.25124979086059
uid___A001_X3788_X7269,30,FINE,47.39131682135417
uid___A001_X3788_X7269,32,FINE,33.67539517824611
uid___A001_X3788_X7269,34,FINE,22.039279070492277
uid___A001_X3788_X7269,36,FINE,25.2850922793775
uid___A001_X3788_X7269,38,FINE,88.33339500081543
uid___A001_X3788_X7269,40,MEDIUM,11.601675829332683
uid___A001_X3788_X726f,24,FINE,57.684418901354164
uid___A001_X3788_X726f,26,FINE,20.90051490093562
uid___A001_X3788_X726f,28,FINE,26.60603169618629
uid___A001_X3788_X726f,30,FINE,32.94256477864583
uid___A001_X3788_X726f,32,FINE,41.226925715731724
uid___A001_X3788_X726f,34,FINE,21.23968901145496
uid___A001_X3788_X726f,36,FINE,31.628772668759826
uid___A001_X3788_X726f,38,FINE,53.3528610535794
uid___A001_X3788_X726f,40,MEDIUM,1.7827522986669921
uid___A001_X3788_X7275,24,FINE,15.31999027203125
uid___A001_X3788_X7275,26,FINE,13.997973335114839
uid___A001_X3788_X7275,28,FINE,10.834959842136351
uid___A001_X3788_X7275,30,FINE,18.493299626692707
uid___A001_X3788_X7275,32,FINE,21.54913335541662
uid___A001_X3788_X7275,34,FINE,14.884826722343696
uid___A001_X3788_X7275,36,FINE,22.9327212093904
uid___A001_X3788_X7275,38,FINE,83.62689875025472
uid___A001_X3788_X7275,40,MEDIUM,0.8832848533333333
uid___A001_X3788_X727b,24,FINE,17.49434572799479
uid___A001_X3788_X727b,26,FINE,25.10378606612339
uid___A001_X3788_X727b,28,FINE,32.03337469152026
uid___A001_X3788_X727b,30,FINE,22.85758643200521
uid___A001_X3788_X727b,32,FINE,37.08827316201732
uid___A001_X3788_X727b,34,FINE,23.586957664494044
uid___A001_X3788_X727b,36,FINE,77.33924800905004
uid___A001_X3788_X727b,38,FINE,58.8203081213579
uid___A001_X3788_X727b,40,MEDIUM,11.978427333333332
uid___A001_X3788_X7281,24,FINE,56.43631564791667
uid___A001_X3788_X7281,26,FINE,48.93592154801361
uid___A001_X3788_X7281,28,FINE,43.25789469196111
uid___A001_X3788_X7281,30,FINE,32.42172672
uid___A001_X3788_X7281,32,FINE,53.71736139316411
uid___A001_X3788_X7281,34,FINE,45.836006198639296
uid___A001_X3788_X7281,36,FINE,44.870039833555595
uid___A001_X3788_X7281,38,FINE,63.52454525910679
uid___A001_X3788_X7281,40,MEDIUM,12.34799521599935
uid___A001_X3788_X7287,24,FINE,14.033668522656251
uid___A001_X3788_X7287,26,FINE,12.29076250386183
uid___A001_X3788_X7287,28,FINE,4.318585754806822
uid___A001_X3788_X7287,30,FINE,14.68690329596354
uid___A001_X3788_X7287,32,FINE,23.12416535534765
uid___A001_X3788_X7287,34,FINE,5.415718386555727
uid___A001_X3788_X7287,36,FINE,15.294079237073218
uid___A001_X3788_X7287,38,FINE,33.22839686109093
uid___A001_X3788_X7287,40,MEDIUM,0.8852741279996745
uid___A001_X3788_X729e,25,FINE,47.71240250682278
uid___A001_X3788_X729e,27,FINE,69.48569678027833
uid___A001_X3788_X729e,29,MEDIUM,2.91784450133138
uid___A001_X3788_X729e,31,FINE,88.11763667836671
uid___A001_X3788_X729e,33,FINE,79.98783215970614
uid___A001_X3788_X729e,35,FINE,79.57088565675049
uid___A001_X3788_X729e,37,FINE,59.430625936595035
uid___A001_X3788_X750c,23,MEDIUM,32.378441803276104
uid___A001_X3788_X750c,25,MEDIUM,29.82915126400924
uid___A001_X3788_X750c,27,MEDIUM,41.25494998331508
uid___A001_X3788_X750c,29,MEDIUM,40.12946873219362
uid___A001_X3788_X750c,31,COARSE,26.2732561395558
uid___A001_X3788_X750c,33,MEDIUM,25.70213670400282
uid___A001_X3788_X750c,35,MEDIUM,29.69684019469463
uid___A001_X3788_X750c,37,MEDIUM,24.928740697257588
uid___A001_X3788_X750c,39,MEDIUM,32.63831531664758
uid___A001_X3788_X750c,41,MEDIUM,35.09323566087293
uid___A001_X3788_X750c,43,MEDIUM,34.724970076469546
uid___A001_X3788_X750c,45,MEDIUM,40.36131957078421
uid___A001_X3788_X7510,23,MEDIUM,39.23599147322816
uid___A001_X3788_X7510,25,MEDIUM,26.509727374680075
uid___A001_X3788_X7510,27,MEDIUM,23.19404362026146
uid___A001_X3788_X7510,29,MEDIUM,25.82510311539919
uid___A001_X3788_X7510,31,MEDIUM,27.353364217839538
uid___A001_X3788_X7510,33,MEDIUM,31.58764692089706
uid___A001_X3788_X7510,35,MEDIUM,27.52925151965208
uid___A001_X3788_X7510,37,COARSE,23.766142481231032
uid___A001_X3788_X7510,39,MEDIUM,29.888872480822315
uid___A001_X3788_X7510,41,MEDIUM,23.57651577471655
uid___A001_X3788_X7510,43,MEDIUM,24.684895093913557
uid___A001_X3788_X751f,45,MEDIUM,71.31762553600261
uid___A001_X3788_X751f,47,MEDIUM,63.85730971732422
uid___A001_X3788_X751f,49,MEDIUM,98.9583488
uid___A001_X3788_X751f,51,MEDIUM,83.90762267200522
uid___A001_X3788_X751f,53,MEDIUM,48.39853777598958
uid___A001_X3788_X751f,55,MEDIUM,74.79384315732422
uid___A001_X3788_X751f,57,MEDIUM,67.7525175679948
uid___A001_X3788_X751f,59,MEDIUM,58.70150693333984
uid___A001_X3788_X75a7,17,CONT,13.271429830000306
uid___A001_X3788_X75a7,19,CONT,13.271413180000305
uid___A001_X3788_X75a7,21,CONT,13.271317720000459
uid___A001_X3788_X75a7,25,COARSE,26.657366357332357
uid___A001_X3788_X75af,7,CONT,35.16176535
uid___A001_X3788_X75af,9,CONT,13.288538259999083
uid___A001_X3788_X75af,14,CONT,13.2886426
uid___A001_X3788_X75af,19,COARSE,7.506706176000977
uid___A001_X3788_X75b3,7,CONT,13.288624840000152
uid___A001_X3788_X75b3,15,CONT,13.288631500000001
uid___A001_X3788_X75b3,18,CONT,13.288588209999846
uid___A001_X3788_X75b3,21,COARSE,43.33785651200033
uid___A001_X3788_X75b7,7,CONT,13.288741945000456
uid___A001_X3788_X75b7,9,CONT,13.28866923999939
uid___A001_X3788_X75b7,15,CONT,14.069937649999236
uid___A001_X3788_X75b7,21,COARSE,6.6737677653352865
uid___A001_X3788_X75bb,7,CONT,14.850318884999847
uid___A001_X3788_X75bb,15,CONT,14.850344500000002
uid___A001_X3788_X75bb,18,CONT,14.850170644999693
uid___A001_X3788_X75bb,21,COARSE,12.50488768
uid___A001_X3788_X75bf,7,CONT,13.287198489999389
uid___A001_X3788_X75bf,16,CONT,13.287211254999542
uid___A001_X3788_X75bf,19,CONT,13.287125785000612
uid___A001_X3788_X75bf,23,COARSE,6.25546
uid___A001_X3788_X75c3,5,CONT,26.57042843000183
uid___A001_X3788_X75c3,9,CONT,14.852815530000305
uid___A001_X3788_X75c3,16,CONT,14.85292344000015
uid___A001_X3788_X75c3,21,COARSE,5.008764927999675
uid___A001_X3788_X75c7,7,CONT,13.28456168500061
uid___A001_X3788_X75c7,9,CONT,14.065664150000002
uid___A001_X3788_X75c7,15,CONT,13.284584440000152
uid___A001_X3788_X75c7,21,COARSE,5.002020992000325
uid___A001_X3788_X75cb,7,CONT,14.83575103500061
uid___A001_X3788_X75cb,16,CONT,14.835765204999543
uid___A001_X3788_X75cb,19,CONT,14.054344050000763
uid___A001_X3788_X75cb,23,COARSE,8.32363456
uid___A001_X3788_X75d3,7,CONT,13.28833623999939
uid___A001_X3788_X75d3,9,CONT,35.94270699999924
uid___A001_X3788_X75d3,15,CONT,13.288343455000307
uid___A001_X3788_X75d3,21,COARSE,7.923691519999999
uid___A001_X3788_X762c,21,CONT,14.841810345001221
uid___A001_X3788_X762c,23,CONT,17.18538635999756
uid___A001_X3788_X762c,25,CONT,14.841789089996338
uid___A001_X3788_X762c,27,CONT,44.529848104998784
uid___A001_X3788_X762c,29,CONT,14.841790725000001
uid___A001_X3788_X762c,31,CONT,17.185405970007324
uid___A001_X3788_X762c,33,CONT,14.841811979998779
uid___A001_X3788_X762c,35,CONT,17.1853853
uid___A001_X3788_X7665,45,FINE,41.4399291734375
uid___A001_X3788_X7665,47,FINE,44.373940992083334
uid___A001_X3788_X7665,49,FINE,21.867973034583333
uid___A001_X3788_X7665,51,FINE,69.57173290666667
uid___A001_X3788_X7665,53,FINE,34.26762837338542
uid___A001_X3788_X7665,55,FINE,48.5392119465625
uid___A001_X3788_X7665,57,FINE,22.052688458678386
uid___A001_X3788_X7665,59,FINE,17.027595456041666
uid___A001_X3788_X7677,45,FINE,39.962578943958334
uid___A001_X3788_X7677,47,FINE,38.17928106666667
uid___A001_X3788_X7677,49,FINE,38.156803669375
uid___A001_X3788_X7677,51,FINE,40.82102732802083
uid___A001_X3788_X7677,53,FINE,21.929315071979165
uid___A001_X3788_X7677,55,FINE,70.92479441067708
uid___A001_X3788_X7677,57,FINE,14.714775168001301
uid___A001_X3788_X7677,59,FINE,44.63211210666667
uid___A001_X3788_X76b9,24,COARSE,10.404880079999186
uid___A001_X3788_X76b9,26,COARSE,53.743858303999836
uid___A001_X3788_X76b9,28,COARSE,50.720388976000166
uid___A001_X3788_X76b9,30,COARSE,27.706432869334307
uid___A001_X3788_X76cd,24,COARSE,25.829971743999835
uid___A001_X3788_X76cd,26,COARSE,38.955500586666666
uid___A001_X3788_X76cd,28,COARSE,43.53893292799723
uid___A001_X3788_X76cd,30,COARSE,51.66430412799479
uid___A001_X3788_X76de,21,CONT,27.332736940005493
uid___A001_X3788_X76de,23,CONT,14.830987735000612
uid___A001_X3788_X76de,25,COARSE,51.24288203199869
uid___A001_X3788_X76de,27,COARSE,48.32576371200195
uid___A001_X3788_X7805,24,FINE,27.5076328894892
uid___A001_X3788_X7805,26,MEDIUM,13.034818197333983
uid___A001_X3788_X7805,28,FINE,12.098303916140035
uid___A001_X3788_X7805,30,FINE,12.325320767731487
uid___A001_X3788_X780b,25,FINE,30.07736774197432
uid___A001_X3788_X780b,27,MEDIUM,50.39086175999918
uid___A001_X3788_X780b,29,FINE,3.0450342869223044
uid___A001_X3788_X780b,31,FINE,27.57101758202854
uid___A001_X3788_X7821,21,COARSE,1.1902066453336588
uid___A001_X3788_X7821,23,COARSE,26.60881347199951
uid___A001_X3788_X7821,25,COARSE,0.9296987840002442
uid___A001_X3788_X7821,27,COARSE,11.972193226666667
uid___A001_X3788_X7825,17,COARSE,67.28881207466553
uid___A001_X3788_X7825,19,COARSE,29.108434848000485
uid___A001_X3788_X7825,21,COARSE,11.815136357333984
uid___A001_X3788_X7825,23,COARSE,61.14236445866943
uid___A001_X3788_X7827,17,COARSE,11.321290437332356
uid___A001_X3788_X7827,19,COARSE,11.802683216000162
uid___A001_X3788_X7827,21,COARSE,79.06494870400147
uid___A001_X3788_X7827,23,COARSE,50.573763482668454
uid___A001_X3788_X782c,17,COARSE,70.21183615999999
uid___A001_X3788_X782c,19,COARSE,35.54895566400309
uid___A001_X3788_X782c,21,COARSE,21.865570954666342
uid___A001_X3788_X782c,23,COARSE,47.60436556800049
uid___A001_X3788_X7831,17,COARSE,26.888436330666504
uid___A001_X3788_X7831,19,COARSE,3.7239986879996745
uid___A001_X3788_X7831,21,COARSE,1.0169939733333333
uid___A001_X3788_X7831,23,COARSE,62.45152622400065
uid___A001_X3788_X7851,25,COARSE,21.659339178668617
uid___A001_X3788_X7851,27,COARSE,75.83107272533202
uid___A001_X3788_X7851,29,COARSE,89.99906444799967
uid___A001_X3788_X7851,31,COARSE,13.741930863997394
uid___A001_X3788_X7855,25,COARSE,19.576169173333334
uid___A001_X3788_X7855,27,COARSE,23.326503253333332
uid___A001_X3788_X7855,29,COARSE,75.41447658666503
uid___A001_X3788_X7855,31,COARSE,63.330066773334956
uid___A001_X3788_X7859,25,COARSE,77.91482000533203
uid___A001_X3788_X7859,27,COARSE,17.076399642667646
uid___A001_X3788_X7859,29,COARSE,62.496863680001624
uid___A001_X3788_X7859,31,COARSE,32.494354623997395
uid___A001_X3788_X785d,25,COARSE,9.57710456533366
uid___A001_X3788_X785d,27,COARSE,19.161098090664062
uid___A001_X3788_X785d,29,COARSE,32.078653712000325
uid___A001_X3788_X785d,31,COARSE,19.16109705600423
uid___A001_X3788_X7871,45,MEDIUM,69.84471475201171
uid___A001_X3788_X7871,47,MEDIUM,79.84435515199219
uid___A001_X3788_X7871,49,MEDIUM,76.71947836265625
uid___A001_X3788_X7871,51,MEDIUM,60.15750031466146
uid___A001_X3788_X7871,53,MEDIUM,62.363461674648434
uid___A001_X3788_X7871,55,MEDIUM,55.8347248640039
uid___A001_X3788_X7871,57,MEDIUM,73.8029147359961
uid___A001_X3788_X7871,59,MEDIUM,51.30361789333333
uid___A001_X3788_X78b0,25,COARSE,63.120436703999026
uid___A001_X3788_X78b0,27,COARSE,49.8896124
uid___A001_X3788_X78b0,29,COARSE,59.161490175999354
uid___A001_X3788_X78b0,31,COARSE,52.806496245332035
uid___A001_X3788_X78b4,25,COARSE,38.75118227200032
uid___A001_X3788_X78b4,27,COARSE,20.626528064000652
uid___A001_X3788_X78b4,29,COARSE,71.25054022400064
uid___A001_X3788_X78b4,31,COARSE,62.084041920004886
uid___A001_X3788_X78bc,25,COARSE,51.24457369599935
uid___A001_X3788_X78bc,27,COARSE,26.913442272000328
uid___A001_X3788_X78bc,29,COARSE,67.8087345866634
uid___A001_X3788_X78bc,31,COARSE,45.61891696
uid___A001_X3788_X78c7,19,COARSE,1.2367583359997558
uid___A001_X3788_X78c7,21,COARSE,13.113323994666748
uid___A001_X3788_X78c7,23,COARSE,3.841215130666504
uid___A001_X3788_X78c7,25,COARSE,1.3408480586665854
uid___A001_X3788_X79e8,19,CONT,14.83227012000122
uid___A001_X3788_X79e8,21,CONT,14.8320761
uid___A001_X3788_X79e8,25,FINE,16.777444586666668
uid___A001_X3788_X79e8,27,FINE,25.00189504
uid___A001_X3788_X79ea,19,CONT,14.06341685
uid___A001_X3788_X79ea,21,CONT,14.0633184
uid___A001_X3788_X79ea,25,FINE,20.801913429348957
uid___A001_X3788_X79ea,27,FINE,38.25036927998698
uid___A001_X3788_X7a0c,24,MEDIUM,71.97934214399415
uid___A001_X3788_X7a0c,26,COARSE,16.667308800003255
uid___A001_X3788_X7a0c,28,COARSE,51.66694259200195
uid___A001_X3788_X7a0c,30,COARSE,8.33382144
uid___A001_X3788_X7a12,20,MEDIUM,54.53273528
uid___A001_X3788_X7a12,22,COARSE,51.251639248001304
uid___A001_X3788_X7a12,24,COARSE,50.00162688000326
uid___A001_X3788_X7a12,26,COARSE,43.751819439996744
uid___A001_X3788_X7a12,28,COARSE,nan
uid___A001_X3788_X7a12,40,MEDIUM,36.98199530133138
uid___A001_X3788_X7a12,42,COARSE,4.169393546666667
uid___A001_X3788_X7a12,44,COARSE,19.585526842666017
uid___A001_X3788_X7a12,46,COARSE,61.6677039360026
uid___A001_X3788_X7a12,48,COARSE,nan
uid___A001_X3788_X7a15,24,MEDIUM,75.31312124799805
uid___A001_X3788_X7a15,26,COARSE,55.001214207994785
uid___A001_X3788_X7a15,28,COARSE,32.5017297280013
uid___A001_X3788_X7a15,30,COARSE,59.16770311466472
uid___A001_X3788_X7a15,44,MEDIUM,68.23001013333659
uid___A001_X3788_X7a15,46,COARSE,49.58474209599609
uid___A001_X3788_X7a15,48,COARSE,7.919140687998047
uid___A001_X3788_X7a15,50,COARSE,11.669021845332031
uid___A001_X3788_X7a19,24,COARSE,4.155110239996745
uid___A001_X3788_X7a19,26,MEDIUM,64.26646124266601
uid___A001_X3788_X7a19,28,COARSE,49.57714845866862
uid___A001_X3788_X7a19,30,COARSE,37.909029920003256
uid___A001_X3788_X7a1c,20,COARSE,44.57648300977756
uid___A001_X3788_X7a1c,22,MEDIUM,68.74061681599936
uid___A001_X3788_X7a1c,24,COARSE,38.04776005510959
uid___A001_X3788_X7a1c,26,COARSE,45.82648924444335
uid___A001_X3788_X7a1f,24,COARSE,27.29189052266927
uid___A001_X3788_X7a1f,26,MEDIUM,42.41562090933269
uid___A001_X3788_X7a1f,28,COARSE,50.20837720800293
uid___A001_X3788_X7a1f,30,COARSE,54.79169367733399
uid___A001_X3788_X7a25,22,COARSE,nan
uid___A001_X3788_X7a25,24,COARSE,23.750930127998046
uid___A001_X3788_X7a25,26,MEDIUM,57.396288202666014
uid___A001_X3788_X7a25,28,COARSE,48.333851157330734
uid___A001_X3788_X7a25,30,COARSE,28.1740006719987
uid___A001_X3788_X7a29,22,COARSE,49.998430079996744
uid___A001_X3788_X7a29,24,MEDIUM,78.43676652799805
uid___A001_X3788_X7a29,26,COARSE,43.74814312
uid___A001_X3788_X7a29,28,COARSE,45.41485153066731
uid___A001_X3788_X7a2c,22,COARSE,41.25244775466797
uid___A001_X3788_X7a2c,24,MEDIUM,73.75103744000651
uid___A001_X3788_X7a2c,26,COARSE,25.83631898666667
uid___A001_X3788_X7a2c,28,COARSE,41.252351504003904
uid___A001_X3788_X7a2f,22,COARSE,7.500361114667969
uid___A001_X3788_X7a2f,24,MEDIUM,53.5938698719987
uid___A001_X3788_X7a2f,26,COARSE,30.000149631998696
uid___A001_X3788_X7a2f,28,COARSE,41.250109039996744
uid___A001_X3788_X7a32,22,COARSE,33.334062928004556
uid___A001_X3788_X7a32,24,MEDIUM,34.95670014400065
uid___A001_X3788_X7a32,26,COARSE,55.833733589335935
uid___A001_X3788_X7a32,28,COARSE,20.834027466666665
uid___A001_X3788_X7a36,24,MEDIUM,42.809192863997396
uid___A001_X3788_X7a36,26,COARSE,73.74849908800131
uid___A001_X3788_X7a36,28,COARSE,28.329135615999352
uid___A001_X3788_X7a36,30,COARSE,51.6638226560026
uid___A001_X3788_X7a39,22,MEDIUM,43.27889877333334
uid___A001_X3788_X7a39,24,COARSE,47.493794079996746
uid___A001_X3788_X7a39,26,COARSE,47.910384
uid___A001_X3788_X7a39,28,COARSE,37.90914991466472
uid___A001_X3788_X7a3c,24,MEDIUM,47.567315757333986
uid___A001_X3788_X7a3c,26,COARSE,55.41866873066732
uid___A001_X3788_X7a3c,28,COARSE,41.460953445335285
uid___A001_X3788_X7a3c,30,COARSE,35.62784644799968
uid___A001_X3788_X7a3f,24,MEDIUM,64.47983929599935
uid___A001_X3788_X7a3f,26,COARSE,59.16749352533529
uid___A001_X3788_X7a3f,28,COARSE,14.58498536
uid___A001_X3788_X7a3f,30,COARSE,39.58449178666667
uid___A001_X3788_X7a42,24,MEDIUM,60.159116000000004
uid___A001_X3788_X7a42,26,COARSE,37.92119706133138
uid___A001_X3788_X7a42,28,COARSE,61.66942372266602
uid___A001_X3788_X7a42,30,COARSE,65.83578414932943
uid___A001_X3788_X7a45,24,MEDIUM,75.72893403733073
uid___A001_X3788_X7a45,26,COARSE,19.16603241599935
uid___A001_X3788_X7a45,28,COARSE,41.249428479996745
uid___A001_X3788_X7a45,30,COARSE,35.832686943997395
uid___A001_X3788_X7a48,24,MEDIUM,59.826865866666665
uid___A001_X3788_X7a48,26,COARSE,38.75302624000326
uid___A001_X3788_X7a48,28,COARSE,52.50230918400065
uid___A001_X3788_X7a48,30,COARSE,33.336564906666666
uid___A001_X3788_X7a48,44,MEDIUM,47.40044128533203
uid___A001_X3788_X7a48,46,COARSE,17.921461909335935
uid___A001_X3788_X7a48,48,COARSE,26.254266879996745
uid___A001_X3788_X7a48,50,COARSE,52.91938589866536
uid___A001_X3788_X7a5c,25,COARSE,55.93147422399739
uid___A001_X3788_X7a5c,27,COARSE,35.407818026667485
uid___A001_X3788_X7a5c,29,COARSE,35.82444979199951
uid___A001_X3788_X7a5c,31,COARSE,46.86763152
uid___A001_X3788_X7a64,25,COARSE,53.7443990880013
uid___A001_X3788_X7a64,27,COARSE,52.91095157866537
uid___A001_X3788_X7a64,29,COARSE,48.743696496009115
uid___A001_X3788_X7a64,31,COARSE,17.073111632001954
uid___A001_X3788_X7adb,5,CONT,28.12099983999939
uid___A001_X3788_X7adb,7,CONT,14.839010680001069
uid___A001_X3788_X7adb,9,CONT,14.839009589999389
uid___A001_X3788_X7adb,11,CONT,14.839009589999389
uid___A001_X3788_X7adf,5,CONT,14.839277730000305
uid___A001_X3788_X7adf,7,CONT,14.839277730000305
uid___A001_X3788_X7adf,9,CONT,15.620568219999695
uid___A001_X3788_X7adf,11,CONT,26.558642709999088
uid___A001_X3788_X7ae7,5,CONT,14.839340950000762
uid___A001_X3788_X7ae7,7,CONT,14.839340949999999
uid___A001_X3788_X7ae7,9,CONT,19.527083134999085
uid___A001_X3788_X7ae7,11,CONT,35.93418228000031
uid___A001_X3788_X7aef,5,CONT,25.777218675000764
uid___A001_X3788_X7aef,7,CONT,37.49660519999924
uid___A001_X3788_X7aef,9,CONT,25.7772182
uid___A001_X3788_X7aef,11,CONT,28.902387505000306
uid___A001_X3788_X7af3,5,CONT,41.403011125
uid___A001_X3788_X7af3,7,CONT,14.83904228999939
uid___A001_X3788_X7af3,9,CONT,14.839041744999696
uid___A001_X3788_X7af3,11,CONT,14.839041744998168
uid___A001_X3788_X7af7,5,CONT,26.558464109999086
uid___A001_X3788_X7af7,7,CONT,14.839070084999847
uid___A001_X3788_X7af7,9,CONT,14.839069540000915
uid___A001_X3788_X7af7,11,CONT,33.5901001
uid___A001_X3788_X7afb,5,CONT,16.620185991399946
uid___A001_X3788_X7afb,7,CONT,15.536789741933395
uid___A001_X3788_X7afb,9,CONT,16.67748002863326
uid___A001_X3788_X7afb,11,CONT,17.458774780600262
uid___A001_X3788_X7b07,5,CONT,16.71910598040004
uid___A001_X3788_X7b07,7,CONT,15.53674539390002
uid___A001_X3788_X7b07,9,CONT,15.979478953866852
uid___A001_X3788_X7b07,11,CONT,16.974328392600096
uid___A001_X3788_X7b1b,5,CONT,15.641475049300002
uid___A001_X3788_X7b1b,7,CONT,14.542460205300022
uid___A001_X3788_X7b1b,9,CONT,15.292498454200073
uid___A001_X3788_X7b1b,11,CONT,16.454015879599872
uid___A001_X3788_X7b1f,5,CONT,16.375600667833332
uid___A001_X3788_X7b1f,7,CONT,14.500497962700043
uid___A001_X3788_X7b1f,9,CONT,14.734885170633424
uid___A001_X3788_X7b1f,11,CONT,15.542221176666636
uid___A001_X3788_X7b23,5,CONT,16.210314248714294
uid___A001_X3788_X7b23,7,CONT,14.558626049143022
uid___A001_X3788_X7b23,9,CONT,14.536304836714478
uid___A001_X3788_X7b23,11,CONT,18.308403245999667
uid___A001_X3788_X7b5a,21,COARSE,13.538778266666668
uid___A001_X3788_X7b5a,23,COARSE,2.2883849173331705
uid___A001_X3788_X7b5a,25,COARSE,6.246767200000814
uid___A001_X3788_X7b5a,27,COARSE,35.72689097600016
uid___A001_X3788_X7b5e,25,COARSE,3.7476394880004884
uid___A001_X3788_X7b5e,27,COARSE,2.705944783999837
uid___A001_X3788_X7b5e,29,COARSE,4.372630336000163
uid___A001_X3788_X7b5e,31,COARSE,19.633365738666992
uid___A001_X3788_X7b62,25,COARSE,24.160794133333333
uid___A001_X3788_X7b62,27,COARSE,2.9091410773339845
uid___A001_X3788_X7b62,29,COARSE,3.11745584
uid___A001_X3788_X7b62,31,COARSE,22.441822111999514
uid___A001_X3788_X7b6a,19,COARSE,nan
uid___A001_X3788_X7b6a,21,COARSE,nan
uid___A001_X3788_X7b6a,23,COARSE,nan
uid___A001_X3788_X7b6a,25,COARSE,nan
uid___A001_X3788_X7b6e,21,COARSE,2.699526335999349
uid___A001_X3788_X7b6e,23,COARSE,2.907861130666504
uid___A001_X3788_X7b6e,25,COARSE,1.657662165332845
uid___A001_X3788_X7b6e,27,COARSE,17.9611724
uid___A001_X3788_X7b76,23,COARSE,2.2837824639990236
uid___A001_X3788_X7b76,25,COARSE,3.742208831999512
uid___A001_X3788_X7b76,27,COARSE,12.701151114667155
uid___A001_X3788_X7b76,29,COARSE,36.84617536533285
uid___A001_X3788_X7b8e,21,COARSE,3.957347408000488
uid___A001_X3788_X7b8e,23,COARSE,2.915662591999512
uid___A001_X3788_X7b8e,25,COARSE,3.9572908586669926
uid___A001_X3788_X7b8e,27,COARSE,14.894849663999024
uid___A001_X3788_X7b96,19,COARSE,2.9147330773331706
uid___A001_X3788_X7b96,21,COARSE,3.748073152000325
uid___A001_X3788_X7b96,23,COARSE,3.5396862613330073
uid___A001_X3788_X7b96,25,COARSE,12.289810218665364
uid___A001_X3788_X7b9e,17,COARSE,3.639862143999837
uid___A001_X3788_X7b9e,19,COARSE,1.608467184000651
uid___A001_X3788_X7b9e,21,COARSE,16.073479173333332
uid___A001_X3788_X7b9e,23,COARSE,29.682999199999998
uid___A001_X3788_X7ba6,17,COARSE,13.116931327999676
uid___A001_X3788_X7ba6,19,COARSE,3.3243478186653643
uid___A001_X3788_X7ba6,21,COARSE,15.617124640001629
uid___A001_X3788_X7ba6,23,COARSE,20.617587263999024
uid___A001_X3788_X7bae,17,COARSE,54.579775573333336
uid___A001_X3788_X7bae,19,COARSE,2.2839925759993487
uid___A001_X3788_X7bae,21,COARSE,3.1172772800016277
uid___A001_X3788_X7bae,23,COARSE,25.41070381866862
uid___A001_X3788_X7bb2,17,COARSE,4.365504208001302
uid___A001_X3788_X7bb2,19,COARSE,21.867225999996744
uid___A001_X3788_X7bb2,21,COARSE,12.90791430400065
uid___A001_X3788_X7bb2,23,COARSE,4.990432512001953
uid___A001_X3788_X7bbe,17,COARSE,20.8258752
uid___A001_X3788_X7bbe,19,COARSE,16.658794666666665
uid___A001_X3788_X7bbe,21,COARSE,4.7825437280013015
uid___A001_X3788_X7bbe,23,COARSE,27.701387781333008
uid___A001_X3788_X7bc2,17,COARSE,14.374741344000652
uid___A001_X3788_X7bc2,19,COARSE,3.541353061334635
uid___A001_X3788_X7bc2,21,COARSE,18.54130590399902
uid___A001_X3788_X7bc2,23,COARSE,42.49973209599772
uid___A001_X3788_X7bde,23,COARSE,4.795054560001628
uid___A001_X3788_X7bde,25,COARSE,2.7117704533317055
uid___A001_X3788_X7bde,27,COARSE,2.086647146666667
uid___A001_X3788_X7bde,29,COARSE,3.12825128
uid___A001_X3788_X7c55,21,CONT,13.284222579998781
uid___A001_X3788_X7c55,23,CONT,13.284195384997558
uid___A001_X3788_X7c55,25,COARSE,30.0025312
uid___A001_X3788_X7c55,27,COARSE,35.83563470933594
uid___A001_X3788_X7c57,21,CONT,13.286141215002441
uid___A001_X3788_X7c57,23,CONT,13.286136775
uid___A001_X3788_X7c57,25,COARSE,68.33512936533202
uid___A001_X3788_X7c57,27,COARSE,71.66827219200196
uid___A001_X3788_X7c67,9,CONT,13.28415542000122
uid___A001_X3788_X7c67,21,CONT,13.28412601000061
uid___A001_X3788_X7c67,23,COARSE,47.0852122559961
uid___A001_X3788_X7c67,25,COARSE,46.668544
uid___A001_X3788_X7c69,9,CONT,13.28669899000244
uid___A001_X3788_X7c69,21,CONT,13.28669566000061
uid___A001_X3788_X7c69,23,COARSE,73.75165547200196
uid___A001_X3788_X7c69,25,COARSE,60.83580189866211
uid___A001_X3788_X7c8f,25,MEDIUM,7.414859877333659
uid___A001_X3788_X7c8f,27,MEDIUM,5.299537613867025
uid___A001_X3788_X7c8f,29,FINE,29.288536115213542
uid___A001_X3788_X7c8f,31,FINE,28.67170314241146
uid___A001_X3788_X7c8f,33,MEDIUM,31.499583271467447
uid___A001_X3788_X7c93,24,MEDIUM,8.601236374399415
uid___A001_X3788_X7c93,26,MEDIUM,9.164282694398764
uid___A001_X3788_X7c93,28,FINE,27.93733792426042
uid___A001_X3788_X7c93,30,FINE,30.166173405859375
uid___A001_X3788_X7c93,32,MEDIUM,25.308493825068034
uid___A001_X3788_X7c97,25,MEDIUM,7.595436287999674
uid___A001_X3788_X7c97,27,MEDIUM,3.34606526399943
uid___A001_X3788_X7c97,29,FINE,18.490323583971353
uid___A001_X3788_X7c97,31,FINE,21.195240533346354
uid___A001_X3788_X7c97,33,MEDIUM,11.625984215999349
uid___A001_X3788_X7c99,25,MEDIUM,6.718775682667642
uid___A001_X3788_X7c99,27,MEDIUM,2.1224248880004883
uid___A001_X3788_X7c99,29,FINE,12.863836629322916
uid___A001_X3788_X7c99,31,FINE,6.4575504639973955
uid___A001_X3788_X7c99,33,MEDIUM,18.29428803466634
uid___A001_X3788_X7c9b,24,MEDIUM,7.212762351998291
uid___A001_X3788_X7c9b,26,MEDIUM,2.768777274665934
uid___A001_X3788_X7c9b,28,FINE,23.528553685364585
uid___A001_X3788_X7c9b,30,FINE,16.032443093320314
uid___A001_X3788_X7c9b,32,MEDIUM,12.420045159999187
uid___A001_X3788_X7ca1,24,FINE,28.129253503984376
uid___A001_X3788_X7ca1,26,FINE,24.64290235731771
uid___A001_X3788_X7ca1,28,MEDIUM,2.840363970666504
uid___A001_X3788_X7ca1,30,MEDIUM,24.15871212799886
uid___A001_X3788_X7ca1,32,MEDIUM,3.3855482933325196
uid___A001_X3788_X7ca4,25,FINE,39.375212697583336
uid___A001_X3788_X7ca4,27,FINE,33.56100587519271
uid___A001_X3788_X7ca4,29,MEDIUM,6.446853697066405
uid___A001_X3788_X7ca4,31,MEDIUM,26.851452619733397
uid___A001_X3788_X7ca4,33,MEDIUM,3.142911395199219
uid___A001_X3788_X7ca6,24,FINE,27.748392772255208
uid___A001_X3788_X7ca6,26,FINE,37.355973068838544
uid___A001_X3788_X7ca6,28,MEDIUM,7.322113558400065
uid___A001_X3788_X7ca6,30,MEDIUM,24.035237981866864
uid___A001_X3788_X7ca6,32,MEDIUM,1.9780145184003906
uid___A001_X3788_X7caa,25,MEDIUM,5.535948957333985
uid___A001_X3788_X7caa,27,FINE,40.503252480078125
uid___A001_X3788_X7caa,29,FINE,34.31240699721354
uid___A001_X3788_X7caa,31,MEDIUM,6.776574464000651
uid___A001_X3788_X7caa,33,MEDIUM,11.596670053333332
uid___A001_X3788_X7cac,24,MEDIUM,11.780856965333658
uid___A001_X3788_X7cac,26,FINE,47.91724322135417
uid___A001_X3788_X7cac,28,FINE,36.98394321075521
uid___A001_X3788_X7cac,30,MEDIUM,7.49827537066569
uid___A001_X3788_X7cac,32,MEDIUM,8.25651622400065
uid___A001_X3788_X7cb1,24,MEDIUM,7.056756406401042
uid___A001_X3788_X7cb1,26,FINE,56.732485102927086
uid___A001_X3788_X7cb1,28,FINE,58.58429475840625
uid___A001_X3788_X7cb1,30,MEDIUM,11.655392924798829
uid___A001_X3788_X7cb1,32,MEDIUM,14.008491168001303
uid___A001_X3788_X7cfc,17,COARSE,2.289082794666341
uid___A001_X3788_X7cfc,19,COARSE,16.247746655997723
uid___A001_X3788_X7cfc,21,COARSE,5.205559653333333
uid___A001_X3788_X7cfc,23,COARSE,26.66448708266764
uid___A001_X3788_X7d00,45,COARSE,55.54433277333334
uid___A001_X3788_X7d00,47,COARSE,14.585152639999999
uid___A001_X3788_X7d00,49,COARSE,29.718849914667967
uid___A001_X3788_X7d00,51,COARSE,41.25126035199219
uid___A001_X3788_X7d00,53,COARSE,24.30941052266927
uid___A001_X3788_X7d00,55,COARSE,25.193650293326826
uid___A001_X3788_X7d00,57,COARSE,59.5842422880013
uid___A001_X3788_X7d00,59,COARSE,49.769192378665366
uid___A001_X3788_X7d08,17,COARSE,59.79149785599935
uid___A001_X3788_X7d08,19,COARSE,17.499634624000652
uid___A001_X3788_X7d08,21,COARSE,38.33298286933431
uid___A001_X3788_X7d08,23,COARSE,37.91629794133301
uid___A001_X3788_X7d0c,5,CONT,31.248516759999085
uid___A001_X3788_X7d0c,7,CONT,14.841875199999999
uid___A001_X3788_X7d0c,9,CONT,14.0604122
uid___A001_X3788_X7d0c,11,CONT,14.060373699998474
uid___A001_X3788_X7d5f,17,CONT,78.90355080999755
uid___A001_X3788_X7d5f,19,CONT,43.74278703999939
uid___A001_X3788_X7d5f,21,CONT,53.900270939999395
uid___A001_X3788_X7d5f,23,CONT,46.08674270500183
uid___A001_X3788_X7d67,17,CONT,63.282847294995115
uid___A001_X3788_X7d67,19,CONT,23.4408173
uid___A001_X3788_X7d67,21,CONT,42.18995198999939
uid___A001_X3788_X7d67,23,CONT,42.97115936499634
uid___A001_X3788_X7d69,17,CONT,17.18269448999939
uid___A001_X3788_X7d69,19,CONT,17.963987200000002
uid___A001_X3788_X7d69,21,CONT,42.18413225999756
uid___A001_X3788_X7d69,23,CONT,25.776923699999998
uid___A001_X3788_X7db0,17,COARSE,4.1299881120003255
uid___A001_X3788_X7db0,19,COARSE,22.437819679999592
uid___A001_X3788_X7db0,21,COARSE,1.7597401066662597
uid___A001_X3788_X7db0,23,COARSE,1.7579975680000814
uid___A001_X3788_X7db4,21,COARSE,0.9906778026664225
uid___A001_X3788_X7db4,23,COARSE,0.8343788373331705
uid___A001_X3788_X7db4,25,COARSE,15.834169856000162
uid___A001_X3788_X7db4,27,COARSE,0.8863601013330079
uid___A001_X3788_X7e33,25,FINE,26.772829548513577
uid___A001_X3788_X7e33,27,MEDIUM,16.14393727998698
uid___A001_X3788_X7e33,29,MEDIUM,14.477238016015626
uid___A001_X3788_X7e33,31,FINE,24.123733398398542
uid___A001_X3788_X7e33,33,FINE,25.482950414522936
uid___A001_X3788_X7e33,35,FINE,13.746786861439794
uid___A001_X3788_X7e35,24,FINE,23.813883721449432
uid___A001_X3788_X7e35,26,MEDIUM,18.705466453333333
uid___A001_X3788_X7e35,28,MEDIUM,43.426611968059895
uid___A001_X3788_X7e35,30,FINE,34.56531646691953
uid___A001_X3788_X7e35,32,FINE,50.79795217241415
uid___A001_X3788_X7e35,34,FINE,39.93071263508876
uid___A001_X3788_X7e39,25,FINE,15.854335953648945
uid___A001_X3788_X7e39,27,FINE,64.64522099607808
uid___A001_X3788_X7e39,29,FINE,14.583578125997706
uid___A001_X3788_X7e39,31,FINE,14.108503630092528
uid___A001_X3788_X7e39,33,FINE,29.953196242621498
uid___A001_X3788_X7e3b,24,FINE,20.870078404199763
uid___A001_X3788_X7e3b,26,FINE,25.899552171054026
uid___A001_X3788_X7e3b,28,FINE,39.478386791750566
uid___A001_X3788_X7e3b,30,FINE,21.61849308292236
uid___A001_X3788_X7e3b,32,FINE,30.84930555786342
uid___A001_X3788_X7e45,25,FINE,13.99801480700653
uid___A001_X3788_X7e45,27,FINE,62.89500459095025
uid___A001_X3788_X7e45,29,FINE,13.561402059582742
uid___A001_X3788_X7e45,31,FINE,14.64266475294691
uid___A001_X3788_X7e45,33,FINE,16.782243172459786
uid___A001_X3788_X7e47,24,FINE,19.969502063368655
uid___A001_X3788_X7e47,26,FINE,31.99519283610732
uid___A001_X3788_X7e47,28,FINE,20.163367455280603
uid___A001_X3788_X7e47,30,FINE,21.19693278127361
uid___A001_X3788_X7e47,32,FINE,35.06613225283798
uid___A001_X3788_X7e56,22,CONT,15.625103140002441
uid___A001_X3788_X7e56,24,COARSE,51.66683061333334
uid___A001_X3788_X7e56,26,FINE,94.47701201067709
uid___A001_X3788_X7e56,28,FINE,68.94544486401043
uid___A001_X3788_X7e56,30,FINE,67.18158205863281
uid___A001_X3788_X7e5c,22,CONT,15.633192339999388
uid___A001_X3788_X7e5c,24,MEDIUM,10.36644164266927
uid___A001_X3788_X7e5c,26,MEDIUM,20.154813823997394
uid___A001_X3788_X7e5c,28,MEDIUM,23.236749226653647
uid___A001_X3788_X7e5c,30,MEDIUM,57.608405461328125
uid___A001_X3788_X7ead,21,COARSE,0.8323174400004069
uid___A001_X3788_X7ead,23,COARSE,0.6760455786665852
uid___A001_X3788_X7ead,25,COARSE,0.623941375999349
uid___A001_X3788_X7ead,27,COARSE,0.78017264
uid___A001_X3788_X7eb6,24,FINE,42.805794299055535
uid___A001_X3788_X7eb6,26,FINE,58.69728674357573
uid___A001_X3788_X7eb6,28,FINE,46.25764978545135
uid___A001_X3788_X7eb6,30,FINE,45.178520935630885
uid___A001_X3788_X7eb6,32,FINE,69.43962535282179
uid___A001_X3788_X7eb6,34,FINE,44.54658991227453
uid___A001_X3788_X7eb6,36,FINE,53.781222927991855
uid___A001_X3788_X7eb6,38,FINE,62.5427410408714
uid___A001_X3788_X7eb6,40,FINE,31.44570958932943
uid___A001_X3788_X7eb6,42,MEDIUM,30.33837576533366
uid___A001_X3788_X7f21,24,MEDIUM,17.231920917332356
uid___A001_X3788_X7f21,26,FINE,11.779756723203125
uid___A001_X3788_X7f21,28,FINE,26.040117090136718
uid___A001_X3788_X7f21,30,FINE,16.227645260802085
uid___A001_X3788_X7f26,24,MEDIUM,12.450686047999675
uid___A001_X3788_X7f26,26,FINE,19.253172778658854
uid___A001_X3788_X7f26,28,FINE,17.935201194654947
uid___A001_X3788_X7f26,30,FINE,17.67915665065755
uid___A001_X3788_X7f2b,24,MEDIUM,9.566362061332194
uid___A001_X3788_X7f2b,26,FINE,14.072888906663412
uid___A001_X3788_X7f2b,28,FINE,14.602030592014975
uid___A001_X3788_X7f2b,30,FINE,19.77194841599935
uid___A001_X3788_X7f92,17,CONT,13.285235455001832
uid___A001_X3788_X7f92,19,CONT,13.285212699999999
uid___A001_X3788_X7f92,21,CONT,13.28509115500183
uid___A001_X3788_X7f92,23,CONT,32.03424236500244
uid___A001_X3788_X7f96,21,CONT,39.839212389996334
uid___A001_X3788_X7f96,23,CONT,14.837269950000001
uid___A001_X3788_X7f96,25,CONT,48.43359246499634
uid___A001_X3788_X7f96,27,CONT,14.83729937999878
uid___A001_X3788_X7f96,29,CONT,16.399943955004883
uid___A001_X3788_X7f96,31,CONT,17.962508274993898
uid___A001_X3788_X7f96,33,CONT,14.837481410003662
uid___A001_X3788_X7f96,35,CONT,52.340110739996334
uid___A001_X3788_X7f98,21,CONT,14.846924629998778
uid___A001_X3788_X7f98,23,CONT,21.096590630004883
uid___A001_X3788_X7f98,25,CONT,35.15865450999756
uid___A001_X3788_X7f98,27,CONT,14.846832519995118
uid___A001_X3788_X7f98,29,CONT,21.096691619995116
uid___A001_X3788_X7f98,31,CONT,31.252475439996335
uid___A001_X3788_X7f98,33,CONT,21.096704250000002
uid___A001_X3788_X7f98,35,CONT,14.846802545007323
uid___A001_X3788_X8123,16,CONT,15.613324119999694
uid___A001_X3788_X8123,18,CONT,15.613296580000306
uid___A001_X3788_X8123,20,CONT,15.613151319999693
uid___A001_X3788_X8123,24,COARSE,2.419020021333008
uid___A001_X3788_X8127,16,CONT,15.614168140000153
uid___A001_X3788_X8127,18,CONT,15.614138979999542
uid___A001_X3788_X8127,20,CONT,28.89694525
uid___A001_X3788_X8127,24,COARSE,9.882191253333334
uid___A001_X3788_X812b,16,CONT,15.612664780000305
uid___A001_X3788_X812b,18,CONT,15.612644259999847
uid___A001_X3788_X812b,20,CONT,16.393902734999845
uid___A001_X3788_X812b,24,COARSE,72.28712964266765
uid___A001_X3788_X812f,16,CONT,16.395338139999392
uid___A001_X3788_X812f,18,CONT,16.39531246000061
uid___A001_X3788_X812f,20,CONT,16.39517496499939
uid___A001_X3788_X812f,24,COARSE,66.03649683199707
uid___A001_X3788_X8133,16,CONT,15.615636399999236
uid___A001_X3788_X8133,18,CONT,37.49304840000076
uid___A001_X3788_X8133,20,CONT,38.274303925000766
uid___A001_X3788_X8133,24,COARSE,26.969791232001956
uid___A001_X3788_X8137,16,CONT,15.614075799999998
uid___A001_X3788_X8137,18,CONT,16.395403944999696
uid___A001_X3788_X8137,20,CONT,16.39528571000061
uid___A001_X3788_X8137,24,COARSE,24.988927999998374
uid___A001_X3788_X813b,16,CONT,15.613400259999846
uid___A001_X3788_X813b,18,CONT,15.613378659999846
uid___A001_X3788_X813b,20,CONT,15.613264720000458
uid___A001_X3788_X813b,24,COARSE,74.65053245866537
uid___A001_X3788_X813f,16,CONT,15.616007380000305
uid___A001_X3788_X813f,18,CONT,15.615898295000457
uid___A001_X3788_X813f,20,CONT,15.615770320000458
uid___A001_X3788_X813f,24,COARSE,35.84397674666667
uid___A001_X3788_X8143,16,CONT,15.612551922499469
uid___A001_X3788_X8143,18,CONT,15.612536799999619
uid___A001_X3788_X8143,20,CONT,15.612458229999927
uid___A001_X3788_X8143,24,COARSE,27.60990733866699
uid___A001_X3788_X8147,16,CONT,21.866470999999237
uid___A001_X3788_X8147,18,CONT,16.397106315000155
uid___A001_X3788_X8147,20,CONT,16.397012154999544
uid___A001_X3788_X8147,24,COARSE,14.676948127998045
uid___A001_X3788_X814b,16,CONT,15.61552893999939
uid___A001_X3788_X814b,18,CONT,15.615491140000154
uid___A001_X3788_X814b,20,CONT,15.615293504999542
uid___A001_X3788_X814b,24,COARSE,29.469157248001306
uid___A001_X3788_X814f,16,CONT,15.618123640000153
uid___A001_X3788_X814f,18,CONT,15.618104739999389
uid___A001_X3788_X814f,20,CONT,15.618003759999846
uid___A001_X3788_X814f,24,COARSE,7.907761322669272
uid___A001_X3788_X8153,16,CONT,16.40763511500015
uid___A001_X3788_X8153,18,CONT,17.188834010000612
uid___A001_X3788_X8153,20,CONT,16.4073949
uid___A001_X3788_X8153,24,COARSE,2.4986608639990235
uid___A001_X3788_X8157,16,CONT,16.401200134999083
uid___A001_X3788_X8157,18,CONT,42.18398648000107
uid___A001_X3788_X8157,20,CONT,46.09037141500092
uid___A001_X3788_X8157,24,COARSE,27.181342335997723
uid___A001_X3788_X815b,16,CONT,15.616524159999848
uid___A001_X3788_X815b,18,CONT,15.616497159999849
uid___A001_X3788_X815b,20,CONT,43.74423855999985
uid___A001_X3788_X815b,24,COARSE,41.417784213333334
uid___A001_X3788_X815f,16,CONT,16.39786254000015
uid___A001_X3788_X815f,18,CONT,16.00718505
uid___A001_X3788_X815f,20,CONT,15.616442890000155
uid___A001_X3788_X815f,24,COARSE,40.33811142933187
uid___A001_X3788_X8163,16,CONT,15.239946864999771
uid___A001_X3788_X8163,18,CONT,15.239924054999923
uid___A001_X3788_X8163,20,CONT,14.849203484999848
uid___A001_X3788_X8163,24,COARSE,5.435714490667317
uid___A001_X3788_X8167,16,CONT,16.023774340000152
uid___A001_X3788_X8167,18,CONT,15.633173170000076
uid___A001_X3788_X8167,20,CONT,36.33427064000053
uid___A001_X3788_X8167,24,COARSE,78.07464094399982
uid___A001_X3788_X816b,16,CONT,15.619054060000611
uid___A001_X3788_X816b,18,CONT,15.619026519999696
uid___A001_X3788_X816b,20,CONT,57.02813369999924
uid___A001_X3788_X816b,24,COARSE,2.178394335999349
uid___A001_X3788_X816f,16,CONT,22.919475070000207
uid___A001_X3788_X816f,18,CONT,15.628051359999848
uid___A001_X3788_X816f,20,CONT,16.409216396666718
uid___A001_X3788_X816f,24,COARSE,45.41808516978082
uid___A001_X3788_X8173,16,CONT,15.615657459999849
uid___A001_X3788_X8173,18,CONT,26.554352079999543
uid___A001_X3788_X8173,20,CONT,37.49299239499893
uid___A001_X3788_X8173,24,COARSE,34.887635466666666
uid___A001_X3788_X8177,16,CONT,15.617934640000152
uid___A001_X3788_X8177,18,CONT,15.617918440000153
uid___A001_X3788_X8177,20,CONT,42.96390535500031
uid___A001_X3788_X8177,24,COARSE,25.40943636266764
uid___A001_X3788_X817b,16,CONT,16.393847630000305
uid___A001_X3788_X817b,18,CONT,16.393824625
uid___A001_X3788_X817b,20,CONT,23.42600900999985
uid___A001_X3788_X817b,24,COARSE,27.026044714664714
uid___A001_X3788_X8181,17,CONT,14.82998493500061
uid___A001_X3788_X8181,19,CONT,14.82994515
uid___A001_X3788_X8181,23,CONT,14.82970044499817
uid___A001_X3788_X8181,25,FINE,26.141364159986978
uid___A001_X3788_X818f,25,FINE,77.75917009066407
uid___A001_X3788_X818f,27,FINE,95.41619711999023
uid___A001_X3788_X818f,29,FINE,78.80062261332682
uid___A001_X3788_X818f,31,FINE,79.52978879996745
uid___A001_X3788_X8191,25,FINE,84.94856234666341
uid___A001_X3788_X8191,27,FINE,95.36460121598958
uid___A001_X3788_X8191,29,FINE,92.0735694079948
uid___A001_X3788_X8191,31,FINE,83.5684097706901
uid___A001_X3788_X8195,25,FINE,68.90054920534506
uid___A001_X3788_X8195,27,FINE,72.78375285330729
uid___A001_X3788_X8195,29,FINE,73.82335513602214
uid___A001_X3788_X8195,31,FINE,71.22707750401041
uid___A001_X3788_X8197,25,FINE,87.27672238932944
uid___A001_X3788_X8197,27,FINE,87.86343385599609
uid___A001_X3788_X8197,29,FINE,84.8163345279948
uid___A001_X3788_X8197,31,FINE,91.84810220799478
uid___A001_X3788_X819d,25,FINE,76.87385829333333
uid___A001_X3788_X819d,27,FINE,78.48815321598958
uid___A001_X3788_X819d,29,FINE,82.2011027413151
uid___A001_X3788_X819d,31,FINE,86.50980362666667
uid___A001_X3788_X819d,33,FINE,85.46807778134115
uid___A001_X3788_X81a1,25,FINE,62.21493013331381
uid___A001_X3788_X81a1,27,FINE,69.03754986666667
uid___A001_X3788_X81a1,29,FINE,80.72787072
uid___A001_X3788_X81a1,31,FINE,84.06141004798177
uid___A001_X3788_X81a1,33,FINE,80.98828586666667
uid___A001_X3788_X81a1,35,FINE,76.84539110397135
uid___A001_X3788_X81a5,25,FINE,79.27485725866536
uid___A001_X3788_X81a5,27,FINE,74.79225992532552
uid___A001_X3788_X81a5,29,FINE,79.16709546667317
uid___A001_X3788_X81a5,31,FINE,88.72407298132161
uid___A001_X3788_X81a9,25,FINE,82.96864723197916
uid___A001_X3788_X81a9,27,FINE,81.55863603203125
uid___A001_X3788_X81a9,29,FINE,71.50456230393229
uid___A001_X3788_X81a9,31,FINE,76.12744997335287
uid___A001_X3788_X81a9,33,FINE,68.534945450625
uid___A001_X3788_X81a9,35,FINE,68.63913352539063
uid___A001_X3788_X81b0,9,CONT,14.05056775
uid___A001_X3788_X81b0,18,CONT,14.05080975
uid___A001_X3788_X81b0,21,CONT,14.050525399999236
uid___A001_X3788_X81b0,23,COARSE,65.41104923733235
uid___A001_X3788_X81b4,7,CONT,13.284810324999999
uid___A001_X3788_X81b4,9,CONT,13.284671019999694
uid___A001_X3788_X81b4,15,CONT,13.284836409999848
uid___A001_X3788_X81b4,21,COARSE,57.91761902933268
uid___A001_X3788_X81d3,25,MEDIUM,54.06102083555556
uid___A001_X3788_X81d3,27,MEDIUM,66.3666956160037
uid___A001_X3788_X81d3,29,MEDIUM,46.092013930667314
uid___A001_X3788_X81d3,31,MEDIUM,59.51252364622396
uid___A001_X3788_X81df,25,MEDIUM,53.682825372443574
uid___A001_X3788_X81df,27,MEDIUM,59.72418445866862
uid___A001_X3788_X81df,29,MEDIUM,54.93560574755642
uid___A001_X3788_X81df,31,MEDIUM,61.74682478222222
uid___A001_X3788_X81e3,25,MEDIUM,40.9846846026671
uid___A001_X3788_X81e3,27,MEDIUM,40.290168627556426
uid___A001_X3788_X81e3,29,MEDIUM,41.679113857778866
uid___A001_X3788_X81e3,31,MEDIUM,75.36246399644314
uid___A001_X3788_X81eb,25,MEDIUM,35.41323695466634
uid___A001_X3788_X81eb,27,MEDIUM,52.622925928001294
uid___A001_X3788_X81eb,29,MEDIUM,32.017607975994466
uid___A001_X3788_X81eb,31,MEDIUM,42.73179555999349
uid___A001_X3788_X81ef,25,MEDIUM,61.07057072177625
uid___A001_X3788_X81ef,27,MEDIUM,61.50591458133029
uid___A001_X3788_X81ef,29,MEDIUM,27.352913779558374
uid___A001_X3788_X81ef,31,MEDIUM,34.15834882488932
uid___A001_X3788_X81f3,25,MEDIUM,16.93050464
uid___A001_X3788_X81f3,27,MEDIUM,50.66508668799805
uid___A001_X3788_X81f3,29,MEDIUM,59.9838341368891
uid___A001_X3788_X81f3,31,MEDIUM,67.25491922666666
uid___A001_X3788_X81ff,25,MEDIUM,50.13890308799913
uid___A001_X3788_X81ff,27,MEDIUM,56.71875025777886
uid___A001_X3788_X81ff,29,MEDIUM,51.423587180444876
uid___A001_X3788_X81ff,31,MEDIUM,43.79494064356011
uid___A001_X3788_X8203,25,MEDIUM,43.64290117689127
uid___A001_X3788_X8203,27,MEDIUM,66.074598211556
uid___A001_X3788_X8203,29,MEDIUM,60.636213854224174
uid___A001_X3788_X8203,31,MEDIUM,45.27483843733507
uid___A001_X3788_X8207,25,MEDIUM,58.217720176000434
uid___A001_X3788_X8207,27,MEDIUM,68.18097647644423
uid___A001_X3788_X8207,29,MEDIUM,49.784898748444014
uid___A001_X3788_X8207,31,MEDIUM,61.54780991111437
uid___A001_X3788_X822e,23,COARSE,22.490494656002603
uid___A001_X3788_X822e,25,COARSE,28.116153279996748
uid___A001_X3788_X822e,27,COARSE,21.865196
uid___A001_X3788_X822e,29,COARSE,30.19954472
uid___A001_X3788_X8230,23,COARSE,26.043067733333338
uid___A001_X3788_X8230,25,COARSE,19.58483616
uid___A001_X3788_X8230,27,COARSE,23.542978079999997
uid___A001_X3788_X8230,29,COARSE,23.542956549332683
uid___A001_X3788_X8232,22,COARSE,22.705355440003256
uid___A001_X3788_X8232,24,COARSE,47.49796652799479
uid___A001_X3788_X8232,26,COARSE,28.955492575999347
uid___A001_X3788_X8232,28,COARSE,20.413468053333332
uid___A001_X3788_X823a,21,COARSE,79.89657548266845
uid___A001_X3788_X823a,23,COARSE,60.52227857600098
uid___A001_X3788_X823a,25,COARSE,63.12628950399821
uid___A001_X3788_X823a,27,COARSE,13.440500463999838
uid___A001_X3788_X824c,19,CONT,13.286800000000001
uid___A001_X3788_X824c,21,CONT,13.286758375
uid___A001_X3788_X824c,23,CONT,13.286751160000609
uid___A001_X3788_X824c,25,COARSE,46.67008409599772
uid___A001_X3788_X8250,19,CONT,13.28643925
uid___A001_X3788_X8250,21,CONT,13.286367655000305
uid___A001_X3788_X8250,23,CONT,13.286354334999084
uid___A001_X3788_X8250,25,COARSE,26.671065258666992
uid___A001_X3788_X8254,19,CONT,13.285791009999848
uid___A001_X3788_X8254,21,CONT,13.285670019999696
uid___A001_X3788_X8254,23,CONT,13.28564726499939
uid___A001_X3788_X8254,25,COARSE,15.421118591998697
uid___A001_X3788_X8258,19,CONT,13.28589646000061
uid___A001_X3788_X8258,21,CONT,13.285789900000001
uid___A001_X3788_X8258,23,CONT,28.12874624000092
uid___A001_X3788_X8258,25,COARSE,42.503094143996584
uid___A001_X3788_X825c,19,CONT,13.285334800000001
uid___A001_X3788_X825c,21,CONT,13.285185505000305
uid___A001_X3788_X825c,23,CONT,13.285157755000304
uid___A001_X3788_X825c,25,COARSE,25.6285281119987
uid___A001_X3788_X8260,19,CONT,13.285480210001374
uid___A001_X3788_X8260,21,CONT,13.285338130000305
uid___A001_X3788_X8260,23,CONT,13.28531148999939
uid___A001_X3788_X8260,25,COARSE,35.419836106665855
uid___A001_X3788_X8264,19,CONT,14.84851166499939
uid___A001_X3788_X8264,21,CONT,14.848406480000307
uid___A001_X3788_X8264,23,CONT,14.848386860000609
uid___A001_X3788_X8264,25,COARSE,43.33651464533366
uid___A001_X3788_X82b6,25,MEDIUM,36.51361541333333
uid___A001_X3788_X82b6,27,MEDIUM,44.4563906133138
uid___A001_X3788_X82b6,29,MEDIUM,13.691963669335937
uid___A001_X3788_X82b6,31,FINE,58.89148902403646
uid___A001_X3788_X82bd,25,MEDIUM,19.53357353066569
uid___A001_X3788_X82bd,27,MEDIUM,11.063893610651041
uid___A001_X3788_X82bd,29,MEDIUM,20.85637307733073
uid___A001_X3788_X82bd,31,FINE,34.26203579729167
uid___A001_X3788_X82c2,25,MEDIUM,44.94246110933268
uid___A001_X3788_X82c2,27,MEDIUM,26.40257064532552
uid___A001_X3788_X82c2,29,MEDIUM,70.94004928005208
uid___A001_X3788_X82c2,31,FINE,30.523339263984372
uid___A001_X3788_X82c7,25,MEDIUM,57.93461936213053
uid___A001_X3788_X82c7,27,MEDIUM,45.82610122667969
uid___A001_X3788_X82c7,29,MEDIUM,59.30745119573828
uid___A001_X3788_X82c7,31,FINE,46.39759914668229
uid___A001_X3788_X82ca,25,MEDIUM,53.69668961599935
uid___A001_X3788_X82ca,27,MEDIUM,25.2483632
uid___A001_X3788_X82ca,29,MEDIUM,50.095762111998695
uid___A001_X3788_X82ca,31,FINE,58.56252927994792
uid___A001_X3788_X82cc,25,MEDIUM,28.452447706662596
uid___A001_X3788_X82cc,27,MEDIUM,45.395257120026045
uid___A001_X3788_X82cc,29,MEDIUM,64.50223720533855
uid___A001_X3788_X82cc,31,FINE,33.15591829334635
uid___A001_X3788_X82d1,25,MEDIUM,28.075683863999025
uid___A001_X3788_X82d1,27,MEDIUM,16.27086084266276
uid___A001_X3788_X82d1,29,MEDIUM,43.621409002659504
uid___A001_X3788_X82d1,31,FINE,42.53635165869791
uid___A001_X3788_X82e0,24,MEDIUM,58.59118872
uid___A001_X3788_X82e0,26,MEDIUM,74.37338752
uid___A001_X3788_X82e0,28,MEDIUM,77.44644060799804
uid___A001_X3788_X82e0,30,MEDIUM,76.82139398933595
uid___A001_X3788_X835d,14,CONT,17.180866520000077
uid___A001_X3788_X835d,16,CONT,18.74348986499977
uid___A001_X3788_X835d,18,CONT,17.180862545000075
uid___A001_X3788_X835d,20,CONT,17.18086042999992
uid___A001_X3788_X8360,14,CONT,17.191009030624915
uid___A001_X3788_X8360,16,CONT,20.90178180437503
uid___A001_X3788_X8360,18,CONT,17.386312586875057
uid___A001_X3788_X8360,20,CONT,17.191008005000068
uid___A001_X3788_X8363,14,CONT,17.190863380000117
uid___A001_X3788_X8363,16,CONT,17.19086265
uid___A001_X3788_X8363,18,CONT,23.831205167500112
uid___A001_X3788_X8363,20,CONT,17.190861061249922
uid___A001_X3788_X8366,14,CONT,17.186986163333383
uid___A001_X3788_X8366,16,CONT,17.186985281666818
uid___A001_X3788_X8366,18,CONT,32.29125788166644
uid___A001_X3788_X8366,20,CONT,17.18698351500015
uid___A001_X3788_X8369,14,CONT,22.91338262333336
uid___A001_X3788_X8369,16,CONT,17.18398340500005
uid___A001_X3788_X8369,18,CONT,17.44441357583332
uid___A001_X3788_X8369,20,CONT,17.44441015583318
uid___A001_X3788_X836c,14,CONT,18.225184803333285
uid___A001_X3788_X836c,16,CONT,17.183472088333385
uid___A001_X3788_X836c,18,CONT,17.183471293333184
uid___A001_X3788_X836c,20,CONT,27.600644233333206
uid___A001_X3788_X836f,14,CONT,17.19166354750004
uid___A001_X3788_X836f,16,CONT,17.191662487500192
uid___A001_X3788_X836f,18,CONT,17.19166142749996
uid___A001_X3788_X836f,20,CONT,17.19166036749992
uid___A001_X3788_X8372,14,CONT,17.18155357833341
uid___A001_X3788_X8372,16,CONT,17.18155269333331
uid___A001_X3788_X8372,18,CONT,17.181551721666718
uid___A001_X3788_X8372,20,CONT,31.765942524999875
uid___A001_X3788_X8375,14,CONT,17.18643240333341
uid___A001_X3788_X8375,16,CONT,17.186431696666716
uid___A001_X3788_X8375,18,CONT,17.18643090166664
uid___A001_X3788_X8375,20,CONT,17.186430193333436
uid___A001_X3788_X8378,14,CONT,23.435124313333258
uid___A001_X3788_X8378,16,CONT,17.184899908333332
uid___A001_X3788_X8378,18,CONT,24.997590239999898
uid___A001_X3788_X8378,20,CONT,17.705744563333383
uid___A001_X3788_X837b,14,CONT,17.192936034999974
uid___A001_X3788_X837b,16,CONT,17.713733491666794
uid___A001_X3788_X837b,18,CONT,17.19293417833341
uid___A001_X3788_X837b,20,CONT,32.81696503333333
uid___A001_X3788_X837e,14,CONT,17.191143396666718
uid___A001_X3788_X837e,16,CONT,17.191142336666868
uid___A001_X3788_X837e,18,CONT,17.19114118833351
uid___A001_X3788_X837e,20,CONT,17.191140128333537
uid___A001_X3788_X8381,14,CONT,17.190006634999847
uid___A001_X3788_X8381,16,CONT,17.190003984999848
uid___A001_X3788_X8381,18,CONT,17.190001069999695
uid___A001_X3788_X8381,20,CONT,17.189998420000077
uid___A001_X3788_X8384,14,CONT,17.191076569999886
uid___A001_X3788_X8384,16,CONT,17.191075247500038
uid___A001_X3788_X8384,18,CONT,34.377822214999966
uid___A001_X3788_X8384,20,CONT,53.12700783000031
uid___A001_X3788_X8387,14,CONT,20.309629847499846
uid___A001_X3788_X8387,16,CONT,41.404009937500184
uid___A001_X3788_X8387,18,CONT,20.30962806249981
uid___A001_X3788_X8387,20,CONT,24.997267479999923
uid___A001_X3788_X838a,14,CONT,17.192675582500268
uid___A001_X3788_X838a,16,CONT,17.192674520000075
uid___A001_X3788_X838a,18,CONT,17.19267333250027
uid___A001_X3788_X838a,20,CONT,17.19267226749973
uid___A001_X3788_X838d,14,CONT,17.19257050999985
uid___A001_X3788_X838d,16,CONT,17.192569538333384
uid___A001_X3788_X838d,18,CONT,29.171024828333287
uid___A001_X3788_X838d,20,CONT,34.37901262833303
uid___A001_X3788_X8390,14,CONT,17.19781777499981
uid___A001_X3788_X8390,16,CONT,42.19471461000004
uid___A001_X3788_X8390,18,CONT,17.19781512499981
uid___A001_X3788_X8390,20,CONT,17.19781380249996
uid___A001_X3788_X8393,14,CONT,17.19633138999977
uid___A001_X3788_X8393,16,CONT,17.196330065000154
uid___A001_X3788_X8393,18,CONT,21.883330655000304
uid___A001_X3788_X8393,20,CONT,17.19632715000019
uid___A001_X3788_X8396,14,CONT,17.185654275
uid___A001_X3788_X8396,16,CONT,17.18565215
uid___A001_X3788_X8396,18,CONT,17.185649504999922
uid___A001_X3788_X8396,20,CONT,28.123391839999773
uid___A001_X3788_X839c,14,CONT,17.1869655
uid___A001_X3788_X839c,16,CONT,17.186963905000304
uid___A001_X3788_X839c,18,CONT,17.186962049999618
uid___A001_X3788_X839c,20,CONT,17.18696046000023
uid___A001_X3788_X839f,14,CONT,46.87325676499996
uid___A001_X3788_X839f,16,CONT,17.18463005
uid___A001_X3788_X839f,18,CONT,17.965903517500305
uid___A001_X3788_X839f,20,CONT,17.184627932500078
uid___A001_X3788_X83a2,14,CONT,17.179702905000305
uid___A001_X3788_X83a2,16,CONT,17.179700254999926
uid___A001_X3788_X83a2,18,CONT,17.179697605000303
uid___A001_X3788_X83a2,20,CONT,17.179694954999924
uid___A001_X3788_X83a5,14,CONT,30.45982298000012
uid___A001_X3788_X83a5,16,CONT,17.17683613500023
uid___A001_X3788_X83a5,18,CONT,17.176835075000003
uid___A001_X3788_X83a5,20,CONT,17.17683401499996
uid___A001_X3788_X83a8,14,CONT,17.192069394999695
uid___A001_X3788_X83a8,16,CONT,17.192066479999923
uid___A001_X3788_X83a8,18,CONT,17.19206356500015
uid___A001_X3788_X83a8,20,CONT,17.19206065
uid___A001_X3788_X83ab,14,CONT,17.19620010899994
uid___A001_X3788_X83ab,16,CONT,17.196199579000094
uid___A001_X3788_X83ab,18,CONT,17.196199049000015
uid___A001_X3788_X83ab,20,CONT,28.132599493000033
uid___A001_X3788_X83ae,14,CONT,17.194257764999772
uid___A001_X3788_X83ae,16,CONT,17.19425485000038
uid___A001_X3788_X83ae,18,CONT,17.19425220000038
uid___A001_X3788_X83ae,20,CONT,17.194249284999845
uid___A001_X3788_X83b1,14,CONT,17.18971771750002
uid___A001_X3788_X83b1,16,CONT,29.220479273750023
uid___A001_X3788_X83b1,18,CONT,25.783247156250095
uid___A001_X3788_X83b1,20,CONT,17.189715068749905
uid___A001_X3788_X83b4,14,CONT,17.194055993999864
uid___A001_X3788_X83b4,16,CONT,17.19405541100006
uid___A001_X3788_X83b4,18,CONT,32.50534193500023
uid___A001_X3788_X83b4,20,CONT,17.19405429900009
uid___A001_X3788_X83b8,12,CONT,17.176540659999848
uid___A001_X3788_X83b8,14,CONT,17.176538540000152
uid___A001_X3788_X83b8,16,CONT,17.17652899999924
uid___A001_X3788_X83b8,18,CONT,17.176526879999543
uid___A001_X3788_X83bb,12,CONT,17.18769875000019
uid___A001_X3788_X83bb,14,CONT,17.18769861750002
uid___A001_X3788_X83bb,16,CONT,17.38300967687473
uid___A001_X3788_X83bb,18,CONT,17.968940885625077
uid___A001_X3788_X83be,12,CONT,23.4365474625
uid___A001_X3788_X83be,14,CONT,17.186482467500113
uid___A001_X3788_X83be,16,CONT,29.295965809999846
uid___A001_X3788_X83be,18,CONT,17.186479617500115
uid___A001_X3788_X83c1,12,CONT,17.18543503166682
uid___A001_X3788_X83c1,14,CONT,17.185434148333233
uid___A001_X3788_X83c1,16,CONT,17.185429466666413
uid___A001_X3788_X83c1,18,CONT,17.18542840666631
uid___A001_X3788_X83c4,12,CONT,20.56968448083331
uid___A001_X3788_X83c4,14,CONT,17.18413971166687
uid___A001_X3788_X83c4,16,CONT,22.653085351666768
uid___A001_X3788_X83c4,18,CONT,24.73651193666674
uid___A001_X3788_X83c7,12,CONT,20.30932933000005
uid___A001_X3788_X83c7,14,CONT,47.91467828333333
uid___A001_X3788_X83c7,16,CONT,20.30932423000005
uid___A001_X3788_X83c7,18,CONT,20.309323465000155
uid___A001_X3788_X83ca,12,CONT,17.1839841125
uid___A001_X3788_X83ca,14,CONT,17.183982787500383
uid___A001_X3788_X83ca,16,CONT,17.183976957500075
uid___A001_X3788_X83ca,18,CONT,35.93483681249962
uid___A001_X3788_X83cd,12,CONT,57.28882597166621
uid___A001_X3788_X83cd,14,CONT,20.30720790000051
uid___A001_X3788_X83cd,16,CONT,20.307203565000155
uid___A001_X3788_X83cd,18,CONT,20.307202800000002
uid___A001_X3788_X83d0,12,CONT,20.827691070000203
uid___A001_X3788_X83d0,14,CONT,20.306822508333077
uid___A001_X3788_X83d0,16,CONT,20.30681800500005
uid___A001_X3788_X83d0,18,CONT,20.827687205000053
uid___A001_X3788_X83d3,12,CONT,17.70128286166636
uid___A001_X3788_X83d3,14,CONT,17.180406656666566
uid___A001_X3788_X83d3,16,CONT,17.180402240000404
uid___A001_X3788_X83d3,18,CONT,17.180401356666312
uid___A001_X3788_X83d6,12,CONT,17.179184476666766
uid___A001_X3788_X83d6,14,CONT,17.17918359166692
uid___A001_X3788_X83d6,16,CONT,30.201355031666317
uid___A001_X3788_X83d6,18,CONT,17.17917785333379
uid___A001_X3788_X83d9,12,CONT,20.305155065000406
uid___A001_X3788_X83d9,14,CONT,20.305154299999742
uid___A001_X3788_X83d9,16,CONT,20.305150644999696
uid___A001_X3788_X83d9,18,CONT,37.49416817500051
uid___A001_X3788_X83dc,12,CONT,20.30489258499985
uid___A001_X3788_X83dc,14,CONT,64.05906839999925
uid___A001_X3788_X83dc,16,CONT,21.86753
uid___A001_X3788_X83dc,18,CONT,20.304878559999846
uid___A001_X3788_X83df,12,CONT,17.188416502500154
uid___A001_X3788_X83df,14,CONT,46.875699070000074
uid___A001_X3788_X83df,16,CONT,17.18841107000046
uid___A001_X3788_X83df,18,CONT,17.188410275
uid___A001_X3788_X83e2,12,CONT,17.96196943999977
uid___A001_X3788_X83e2,14,CONT,17.180657832500078
uid___A001_X3788_X83e2,16,CONT,17.180652267499923
uid___A001_X3788_X83e2,18,CONT,17.180651075
uid___A001_X3788_X83e5,12,CONT,23.429801082500457
uid___A001_X3788_X83e5,14,CONT,17.17919344249954
uid___A001_X3788_X83e5,16,CONT,19.52318020250015
uid___A001_X3788_X83e5,18,CONT,17.179186019999694
uid___A001_X3788_X83e8,12,CONT,17.180835603333534
uid___A001_X3788_X83e8,14,CONT,17.180834896666717
uid___A001_X3788_X83e8,16,CONT,21.34783434833323
uid___A001_X3788_X83e8,18,CONT,17.1808304799998
uid___A001_X3788_X83eb,12,CONT,17.181942154999923
uid___A001_X3788_X83eb,14,CONT,17.181940830000304
uid___A001_X3788_X83eb,16,CONT,17.181933940000153
uid___A001_X3788_X83eb,18,CONT,17.181932615000154
uid___A001_X3788_X83ee,12,CONT,17.18914127749977
uid___A001_X3788_X83ee,14,CONT,17.189139819999692
uid___A001_X3788_X83ee,16,CONT,17.189132002499772
uid___A001_X3788_X83ee,18,CONT,17.189130544999696
uid___A001_X3788_X83f1,12,CONT,17.19889473500061
uid___A001_X3788_X83f1,14,CONT,17.19889235
uid___A001_X3788_X83f1,16,CONT,18.76116517999954
uid___A001_X3788_X83f1,18,CONT,79.69029070999984
uid___A001_X3788_X83f4,12,CONT,17.19440152749977
uid___A001_X3788_X83f4,14,CONT,32.81811943750038
uid___A001_X3788_X83f4,16,CONT,36.72404323749962
uid___A001_X3788_X83f4,18,CONT,34.38043680250091
uid___A001_X3788_X83fa,12,CONT,29.692369104999923
uid___A001_X3788_X83fa,14,CONT,44.53504870000039
uid___A001_X3788_X83fa,16,CONT,17.97445734249954
uid___A001_X3788_X83fa,18,CONT,17.193262292499924
uid___A001_X3788_X83fd,12,CONT,20.310416140000154
uid___A001_X3788_X83fd,14,CONT,20.31041333999939
uid___A001_X3788_X83fd,16,CONT,20.310399309999084
uid___A001_X3788_X83fd,18,CONT,20.310396505000305
uid___A001_X3788_X8400,12,CONT,17.178561814999387
uid___A001_X3788_X8400,14,CONT,17.178560222500227
uid___A001_X3788_X8400,16,CONT,17.178552672499464
uid___A001_X3788_X8400,18,CONT,17.17855134750023
uid___A001_X3788_X8403,12,CONT,17.181803559999846
uid___A001_X3788_X8403,14,CONT,17.18180091000061
uid___A001_X3788_X8403,16,CONT,17.181787925
uid___A001_X3788_X8403,18,CONT,17.181785540000153
uid___A001_X3788_X8406,12,CONT,24.995784753999178
uid___A001_X3788_X8406,14,CONT,25.933357107000276
uid___A001_X3788_X8406,16,CONT,17.182867588000033
uid___A001_X3788_X8406,18,CONT,17.182867057000124
uid___A001_X3788_X8409,12,CONT,20.306720424999998
uid___A001_X3788_X8409,14,CONT,20.306717874999237
uid___A001_X3788_X8409,16,CONT,20.30670461499939
uid___A001_X3788_X8409,18,CONT,49.996362084999085
uid___A001_X3788_X840c,12,CONT,17.179414253750227
uid___A001_X3788_X840c,14,CONT,17.179413723749924
uid___A001_X3788_X840c,16,CONT,17.17941114125004
uid___A001_X3788_X840c,18,CONT,17.17941060999985
uid___A001_X3788_X840f,12,CONT,17.17986142800003
uid___A001_X3788_X840f,14,CONT,20.930200080000454
uid___A001_X3788_X840f,16,CONT,17.17985782400009
uid___A001_X3788_X840f,18,CONT,23.430434351999356
uid___A001_X3788_X8413,14,CONT,17.18387268000183
uid___A001_X3788_X8413,16,CONT,17.183871355000306
uid___A001_X3788_X8413,18,CONT,17.183861550000003
uid___A001_X3788_X8413,20,CONT,17.18385996000061
uid___A001_X3788_X8416,14,CONT,17.379260036875532
uid___A001_X3788_X8416,16,CONT,26.168696786874772
uid___A001_X3788_X8416,18,CONT,19.332390371249772
uid___A001_X3788_X8416,20,CONT,17.37917477874985
uid___A001_X3788_X8419,14,CONT,20.315807094999695
uid___A001_X3788_X8419,16,CONT,20.315804098749542
uid___A001_X3788_X8419,18,CONT,20.31578331625023
uid___A001_X3788_X8419,20,CONT,20.31578038374977
uid___A001_X3788_X841c,14,CONT,17.718911910000102
uid___A001_X3788_X841c,16,CONT,17.198141956667076
uid___A001_X3788_X841c,18,CONT,27.613453251667785
uid___A001_X3788_X841c,20,CONT,17.198114928333027
uid___A001_X3788_X841f,14,CONT,17.196162144166564
uid___A001_X3788_X841f,16,CONT,17.196153354166412
uid___A001_X3788_X841f,18,CONT,17.716871137500252
uid___A001_X3788_X841f,20,CONT,19.279201024166362
uid___A001_X3788_X8422,14,CONT,20.32014583500061
uid___A001_X3788_X8422,16,CONT,20.320141925
uid___A001_X3788_X8422,18,CONT,20.3201143
uid___A001_X3788_X8422,20,CONT,28.652652811665853
uid___A001_X3788_X8425,14,CONT,17.193363389998627
uid___A001_X3788_X8425,16,CONT,17.193362065000155
uid___A001_X3788_X8425,18,CONT,17.97454299749985
uid___A001_X3788_X8425,20,CONT,17.19335172999954
uid___A001_X3788_X8428,14,CONT,19.278945546666463
uid___A001_X3788_X8428,16,CONT,19.278940496666465
uid___A001_X3788_X8428,18,CONT,18.758134879999798
uid___A001_X3788_X8428,20,CONT,19.799694626666263
uid___A001_X3788_X842b,14,CONT,24.48626106166636
uid___A001_X3788_X842b,16,CONT,17.195278191666667
uid___A001_X3788_X842b,18,CONT,51.56706523833313
uid___A001_X3788_X842b,20,CONT,17.19525001166687
uid___A001_X3788_X842e,14,CONT,17.1941027399999
uid___A001_X3788_X842e,16,CONT,17.71488917000071
uid___A001_X3788_X842e,18,CONT,47.920855396667484
uid___A001_X3788_X842e,20,CONT,28.130664054999794
uid___A001_X3788_X8431,14,CONT,31.25371955833333
uid___A001_X3788_X8431,16,CONT,17.192009416667684
uid___A001_X3788_X8431,18,CONT,46.357091050000506
uid___A001_X3788_X8431,20,CONT,17.19198247499949
uid___A001_X3788_X8434,14,CONT,17.191022558333337
uid___A001_X3788_X8434,16,CONT,39.58603830000051
uid___A001_X3788_X8434,18,CONT,38.0233852949997
uid___A001_X3788_X8434,20,CONT,20.836696211665853
uid___A001_X3788_X8437,14,CONT,17.18601891499939
uid___A001_X3788_X8437,16,CONT,68.74944029999848
uid___A001_X3788_X8437,18,CONT,17.186001425
uid___A001_X3788_X8437,20,CONT,17.185999304998777
uid___A001_X3788_X843a,14,CONT,17.188357937500765
uid___A001_X3788_X843a,16,CONT,17.188356612499238
uid___A001_X3788_X843a,18,CONT,17.188346807499695
uid___A001_X3788_X843a,20,CONT,17.18834548250046
uid___A001_X3788_X843d,14,CONT,17.194274725000763
uid___A001_X3788_X843d,16,CONT,17.194273134999847
uid___A001_X3788_X843d,18,CONT,17.19426240250015
uid___A001_X3788_X843d,20,CONT,17.194260945001222
uid___A001_X3788_X8440,14,CONT,17.192616222499087
uid___A001_X3788_X8440,16,CONT,17.192614897499848
uid___A001_X3788_X8440,18,CONT,17.192605224999998
uid___A001_X3788_X8440,20,CONT,17.1926039
uid___A001_X3788_X8443,14,CONT,17.19204943166758
uid___A001_X3788_X8443,16,CONT,17.192045456667582
uid___A001_X3788_X8443,18,CONT,36.461906901666765
uid___A001_X3788_X8443,20,CONT,17.192013833333842
uid___A001_X3788_X844f,14,CONT,17.197665002500152
uid___A001_X3788_X844f,16,CONT,17.197663677500152
uid___A001_X3788_X844f,18,CONT,83.59576469250183
uid___A001_X3788_X844f,20,CONT,17.197654137500763
uid___A001_X3788_X8452,14,CONT,26.566349534999084
uid___A001_X3788_X8452,16,CONT,17.191838844999697
uid___A001_X3788_X8452,18,CONT,17.191823475
uid___A001_X3788_X8452,20,CONT,17.19182135499878
uid___A001_X3788_X8455,14,CONT,17.186070192499542
uid___A001_X3788_X8455,16,CONT,17.18606939750061
uid___A001_X3788_X8455,18,CONT,23.436195834999847
uid___A001_X3788_X8455,20,CONT,17.186062640000152
uid___A001_X3788_X8458,14,CONT,17.192009769999693
uid___A001_X3788_X8458,16,CONT,17.19200712000122
uid___A001_X3788_X8458,18,CONT,43.75304956000061
uid___A001_X3788_X8458,20,CONT,51.565124614996336
uid___A001_X3788_X845b,14,CONT,20.301313405001068
uid___A001_X3788_X845b,16,CONT,20.301311875
uid___A001_X3788_X845b,18,CONT,21.082661400000003
uid___A001_X3788_X845b,20,CONT,35.928486934999086
uid___A001_X3788_X845e,14,CONT,17.196922605000307
uid___A001_X3788_X845e,16,CONT,17.196919955000308
uid___A001_X3788_X845e,18,CONT,17.19690193500061
uid___A001_X3788_X845e,20,CONT,35.944771144998164
uid___A001_X3788_X8461,14,CONT,20.309028889000245
uid___A001_X3788_X8461,16,CONT,20.309022157999575
uid___A001_X3788_X8461,18,CONT,20.308975187000122
uid___A001_X3788_X8461,20,CONT,20.308968403000797
uid___A001_X3788_X8464,14,CONT,17.182993675
uid___A001_X3788_X8464,16,CONT,17.182990494999693
uid___A001_X3788_X8464,18,CONT,17.18296929500122
uid___A001_X3788_X8464,20,CONT,39.0591637449997
uid___A001_X3788_X8467,14,CONT,17.178579371249388
uid___A001_X3788_X8467,16,CONT,17.17857387250061
uid___A001_X3788_X8467,18,CONT,39.05592983500023
uid___A001_X3788_X8467,20,CONT,17.56919719125099
uid___A001_X3788_X846a,14,CONT,17.17790344899994
uid___A001_X3788_X846a,16,CONT,17.177897512000122
uid___A001_X3788_X846a,18,CONT,36.55512637800079
uid___A001_X3788_X846a,20,CONT,19.678142824999696
uid___A001_X3788_X8495,16,CONT,17.180357455001833
uid___A001_X3788_X8495,18,CONT,17.180263512499998
uid___A001_X3788_X8495,20,CONT,17.18037613750305
uid___A001_X3788_X8495,22,CONT,17.18024469750061
uid___A001_X3788_X8495,24,CONT,23.430885762503053
uid___A001_X3788_X8495,26,CONT,17.18022641000061
uid___A001_X3788_X8495,28,CONT,17.180413107504272
uid___A001_X3788_X8495,30,CONT,45.30747752999878
uid___A001_X3788_X8525,5,CONT,13.269147670000459
uid___A001_X3788_X8525,7,CONT,13.269127134999847
uid___A001_X3788_X8525,19,COARSE,34.060842693334145
uid___A001_X3788_X8525,21,COARSE,34.574044672000326
uid___A001_X3788_X8545,24,MEDIUM,8.375529766787555
uid___A001_X3788_X8545,26,FINE,27.766136752290578
uid___A001_X3788_X8545,28,FINE,24.261201604016104
uid___A001_X3788_X8545,30,MEDIUM,18.646772199756157
uid___A001_X3788_X8545,32,FINE,37.640402614749426
uid___A001_X3788_X8545,34,FINE,34.431345606205824
uid___A001_X3788_X854c,24,MEDIUM,3.3570447039990237
uid___A001_X3788_X854c,26,FINE,19.946232195230817
uid___A001_X3788_X854c,28,FINE,13.182898019942648
uid___A001_X3788_X854c,30,MEDIUM,12.966426240001628
uid___A001_X3788_X854c,32,FINE,27.162800501076905
uid___A001_X3788_X854c,34,FINE,19.24330748302866
uid___A001_X3788_X8551,24,MEDIUM,10.118061450667318
uid___A001_X3788_X8551,26,FINE,43.753450621039846
uid___A001_X3788_X8551,28,FINE,43.26033739915401
uid___A001_X3788_X8551,30,MEDIUM,22.306036178665366
uid___A001_X3788_X8551,32,FINE,52.017735835529486
uid___A001_X3788_X8551,34,FINE,45.19600947540785
uid___A001_X3788_X8569,9,CONT,57.029420975
uid___A001_X3788_X8569,16,CONT,46.87289574000015
uid___A001_X3788_X8569,21,CONT,14.840085964999389
uid___A001_X3788_X8569,23,COARSE,31.247242960001625
uid___A001_X3788_X85b9,25,MEDIUM,nan
uid___A001_X3788_X85b9,27,MEDIUM,nan
uid___A001_X3788_X85b9,29,MEDIUM,nan
uid___A001_X3788_X85b9,31,MEDIUM,nan
uid___A001_X3788_X85c6,22,CONT,75.78211195499878
uid___A001_X3788_X85c6,24,MEDIUM,69.9878481920052
uid___A001_X3788_X85c6,26,MEDIUM,35.54697856
uid___A001_X3788_X85c6,28,MEDIUM,63.69132091735678
uid___A001_X3788_X85c6,30,MEDIUM,56.431275647994795
uid___A001_X3788_X85c6,32,MEDIUM,16.903228842682292
uid___A001_X3788_X85c6,34,MEDIUM,21.43669905067708
uid___A001_X3788_X85c6,36,MEDIUM,39.75302805333333
uid___A001_X3788_X85c6,38,MEDIUM,69.15345254401042
uid___A001_X3788_X85c6,40,MEDIUM,64.75067788802083
uid___A001_X3788_X85c6,42,MEDIUM,50.922174208020834
uid___A001_X3788_X85cc,16,CONT,27.344985039996338
uid___A001_X3788_X85cc,20,CONT,26.563718239996337
uid___A001_X3788_X85cc,24,FINE,15.223477717317706
uid___A001_X3788_X85cc,26,FINE,34.284042538671876
uid___A001_X3788_X85cc,28,FINE,44.98330188796875
uid___A001_X3788_X85cc,30,FINE,4.651290752005209
uid___A001_X3788_X85e5,25,MEDIUM,94.63512376
uid___A001_X3788_X85e5,27,COARSE,91.87425369599609
uid___A001_X3788_X85e5,29,MEDIUM,89.11401158399902
uid___A001_X3788_X85e5,31,MEDIUM,92.81210214400227
uid___A001_X3788_X868b,25,COARSE,48.53910840533366
uid___A001_X3788_X868b,27,COARSE,1.349232165332845
uid___A001_X3788_X868b,29,COARSE,13.328838314666342
uid___A001_X3788_X868b,31,COARSE,36.03832978132975
uid___A001_X3788_X86c7,5,CONT,14.834440309999941
uid___A001_X3788_X86c7,17,CONT,16.787754060624884
uid___A001_X3788_X86c7,23,COARSE,29.731770887333376
uid___A001_X3788_X86c7,25,COARSE,30.981887847999978
uid___A001_X3788_X86cb,7,CONT,16.831809620000033
uid___A001_X3788_X86cb,16,CONT,14.835102787777965
uid___A001_X3788_X86cb,23,COARSE,15.269018551111294
uid___A001_X3788_X86cb,25,COARSE,20.454715170963
uid___A001_X3788_X86cf,21,CONT,16.069303239583522
uid___A001_X3788_X86cf,23,CONT,14.832125376666704
uid___A001_X3788_X86cf,25,COARSE,17.76676898311137
uid___A001_X3788_X86cf,27,COARSE,26.205374260444337
uid___A001_X3788_X86d7,17,CONT,15.768482255000151
uid___A001_X3788_X86d7,19,CONT,15.976820133333334
uid___A001_X3788_X86d7,25,COARSE,21.32124486293327
uid___A001_X3788_X86d7,27,COARSE,26.321993212089083
uid___A001_X3788_X86db,17,CONT,14.914304457954685
uid___A001_X3788_X86db,19,CONT,14.310577714545335
uid___A001_X3788_X86db,25,COARSE,26.438834651636295
uid___A001_X3788_X86db,27,COARSE,22.72665071927287
uid___A001_X3788_X86e3,7,CONT,16.77415409299983
uid___A001_X3788_X86e3,16,CONT,16.04503965766683
uid___A001_X3788_X86e3,23,COARSE,20.614160117689124
uid___A001_X3788_X86e3,25,COARSE,18.69754801528901
uid___A001_X3788_X86f3,25,COARSE,21.585200991110977
uid___A001_X3788_X86f3,27,COARSE,22.349192154666884
uid___A001_X3788_X86f3,29,COARSE,26.44687743288913
uid___A001_X3788_X86f3,31,COARSE,44.78305233688856
uid___A001_X3788_X86fb,25,COARSE,27.90974759466634
uid___A001_X3788_X86fb,27,COARSE,38.74410902399902
uid___A001_X3788_X86fb,29,COARSE,21.659042389332683
uid___A001_X3788_X86fb,31,COARSE,36.66048857599935
uid___A001_X3788_X86ff,25,COARSE,28.745735751998698
uid___A001_X3788_X86ff,27,COARSE,16.036701071999918
uid___A001_X3788_X86ff,29,COARSE,14.161451941333414
uid___A001_X3788_X86ff,31,COARSE,37.28783606133382
uid___A001_X3788_X8707,25,COARSE,20.407186954667157
uid___A001_X3788_X8707,27,COARSE,32.49194406399984
uid___A001_X3788_X8707,29,COARSE,13.739588175999348
uid___A001_X3788_X8707,31,COARSE,30.408250757332354
uid___A001_X3788_X873f,25,COARSE,54.062155975998536
uid___A001_X3788_X873f,27,COARSE,35.10369070666667
uid___A001_X3788_X873f,29,COARSE,38.43696401599935
uid___A001_X3788_X873f,31,COARSE,51.66624695466635
uid___A001_X3788_X8743,23,COARSE,6.461910965332845
uid___A001_X3788_X8743,25,COARSE,5.420267189333496
uid___A001_X3788_X8743,27,COARSE,30.41924781866536
uid___A001_X3788_X8743,29,COARSE,15.836440362666016
uid___A001_X3788_X874b,25,COARSE,38.54220002666667
uid___A001_X3788_X874b,27,COARSE,47.708780448001306
uid___A001_X3788_X874b,29,COARSE,30.83386807466634
uid___A001_X3788_X874b,31,COARSE,63.958606442667644
uid___A001_X3788_X874f,25,COARSE,25.211670597333985
uid___A001_X3788_X874f,27,COARSE,35.83618336000163
uid___A001_X3788_X874f,29,COARSE,28.544756410665688
uid___A001_X3788_X874f,31,COARSE,22.919983840001628
uid___A001_X3788_X8775,20,MEDIUM,29.96627037333333
uid___A001_X3788_X8775,22,MEDIUM,14.017482736000977
uid___A001_X3788_X8775,24,MEDIUM,29.158760106665856
uid___A001_X3788_X8775,26,MEDIUM,32.856647210668136
uid___A001_X3788_X8787,23,COARSE,nan
uid___A001_X3788_X8787,25,COARSE,70.83491103999756
uid___A001_X3788_X8787,27,COARSE,61.25208667200033
uid___A001_X3788_X8787,29,COARSE,92.08374961066733
uid___A001_X3788_X8787,31,COARSE,64.58518656
uid___A001_X3788_X8797,25,COARSE,34.05622739199951
uid___A001_X3788_X8797,27,COARSE,55.41240949866618
uid___A001_X3788_X8797,29,COARSE,6.449212047999675
uid___A001_X3788_X8797,31,COARSE,2.4904602879996744
uid___A001_X3788_X879b,23,COARSE,50.82782792533366
uid___A001_X3788_X879b,25,COARSE,17.178193205332846
uid___A001_X3788_X879b,27,COARSE,3.1138846399999998
uid___A001_X3788_X879b,29,COARSE,3.1138449599999998
uid___A001_X3788_X879f,25,COARSE,35.21550209066569
uid___A001_X3788_X879f,27,COARSE,60.3168870880013
uid___A001_X3788_X879f,29,COARSE,7.71846681066569
uid___A001_X3788_X879f,31,COARSE,2.094071893334147
uid___A001_X3788_X87a1,25,COARSE,53.75176415999837
uid___A001_X3788_X87a1,27,COARSE,39.168987093333335
uid___A001_X3788_X87a1,29,COARSE,7.503518848000488
uid___A001_X3788_X87a1,31,COARSE,12.91997723199951
uid___A001_X3788_X87b3,25,COARSE,46.9730912426652
uid___A001_X3788_X87b3,27,COARSE,47.20199277333334
uid___A001_X3788_X87b3,29,COARSE,20.61586819199951
uid___A001_X3788_X87b3,31,COARSE,14.365144768000487
uid___A001_X3788_X87b5,24,COARSE,59.682967456000156
uid___A001_X3788_X87b5,26,COARSE,37.28460641066569
uid___A001_X3788_X87b5,28,COARSE,2.6972922080004884
uid___A001_X3788_X87b5,30,COARSE,4.989204352000325
uid___A001_X3788_X87e1,19,COARSE,72.02962073599772
uid___A001_X3788_X87e1,21,COARSE,66.61264161067302
uid___A001_X3788_X87e1,23,COARSE,51.66383889066894
uid___A001_X3788_X87e1,25,FINE,33.17826474666667
uid___A001_X3788_X87e1,27,FINE,34.289277610664065
uid___A001_X3788_X87e7,19,COARSE,61.671898965336915
uid___A001_X3788_X87e7,21,MEDIUM,69.71765555733236
uid___A001_X3788_X87e7,23,COARSE,61.203165893332525
uid___A001_X3788_X87e7,25,FINE,27.400714581341145
uid___A001_X3788_X87e7,27,FINE,33.75575662932292
uid___A001_X3788_X8825,25,FINE,92.80974122664713
uid___A001_X3788_X8825,27,FINE,14.340331733339845
uid___A001_X3788_X8825,29,MEDIUM,12.753022266668292
uid___A001_X3788_X8825,31,MEDIUM,11.450593599998372
uid___A001_X3788_X8825,33,FINE,3.790771583997396
uid___A001_X3788_X8825,35,FINE,7.822507264010417
uid___A001_X3788_X8825,37,FINE,13.067533823984375
uid___A001_X3788_X882a,25,FINE,47.69503863466797
uid___A001_X3788_X882a,27,FINE,64.67845350399739
uid___A001_X3788_X882a,29,MEDIUM,76.71662233600179
uid___A001_X3788_X882a,31,MEDIUM,92.96805943999837
uid___A001_X3788_X882a,33,FINE,59.77507421864583
uid___A001_X3788_X882a,35,FINE,52.08621038934896
uid___A001_X3788_X882a,37,FINE,56.03479313067709
uid___A001_X3788_X882c,25,FINE,27.671424732437067
uid___A001_X3788_X882c,27,FINE,42.646280561777345
uid___A001_X3788_X882c,29,MEDIUM,39.758456990221354
uid___A001_X3788_X882c,31,MEDIUM,44.856741394666614
uid___A001_X3788_X882c,33,FINE,34.95862249955295
uid___A001_X3788_X882c,35,FINE,48.76590702933159
uid___A001_X3788_X882c,37,FINE,50.11345644088108
uid___A001_X3788_X885d,41,FINE,65.15391616000001
uid___A001_X3788_X885d,43,MEDIUM,19.58233514669271
uid___A001_X3788_X885d,45,MEDIUM,86.09355924798177
uid___A001_X3788_X885d,47,MEDIUM,70.15589931198568
uid___A001_X3788_X885d,49,FINE,66.77039082661457
uid___A001_X3788_X885d,51,FINE,14.42794176
uid___A001_X3788_X88d2,17,CONT,14.06435405
uid___A001_X3788_X88d2,19,CONT,14.845545775
uid___A001_X3788_X88d2,23,CONT,14.845484189999771
uid___A001_X3788_X88d2,25,COARSE,35.00056159999919
uid___A001_X3788_X88d6,17,CONT,14.83592216499977
uid___A001_X3788_X88d6,19,CONT,14.835899275000381
uid___A001_X3788_X88d6,23,CONT,14.83586548500023
uid___A001_X3788_X88d6,25,COARSE,27.492821909333497
uid___A001_X3788_X88de,17,CONT,64.0597816300003
uid___A001_X3788_X88de,19,CONT,43.745724279999926
uid___A001_X3788_X88de,21,CONT,25.77558087499962
uid___A001_X3788_X88de,25,COARSE,15.826012842666016
uid___A001_X3788_X88f5,17,CONT,13.281861055001832
uid___A001_X3788_X88f5,19,CONT,13.28183940999756
uid___A001_X3788_X88f5,23,CONT,13.281687894998168
uid___A001_X3788_X88f5,25,MEDIUM,7.91170212266276
uid___A001_X3788_X892d,25,FINE,33.908951349335936
uid___A001_X3788_X892d,27,FINE,14.233545333333334
uid___A001_X3788_X892d,29,FINE,19.34866789333333
uid___A001_X3788_X892d,31,FINE,14.672748522675782
uid___A001_X3788_X8931,25,FINE,14.272640256002605
uid___A001_X3788_X8931,27,FINE,35.60939280001953
uid___A001_X3788_X8931,29,FINE,35.69769514665364
uid___A001_X3788_X8931,31,FINE,6.931377770670573
uid___A001_X3788_X8935,25,FINE,13.97205560533203
uid___A001_X3788_X8935,27,FINE,14.059978581328124
uid___A001_X3788_X8935,29,FINE,13.62706391466797
uid___A001_X3788_X8935,31,FINE,13.79315072
uid___A001_X3788_X893d,25,FINE,26.7551993280013
uid___A001_X3788_X893d,27,FINE,15.257429717330728
uid___A001_X3788_X893d,29,FINE,12.21701231999349
uid___A001_X3788_X893d,31,FINE,14.941322549329428
uid___A001_X3788_X8941,25,FINE,36.16774190931641
uid___A001_X3788_X8941,27,FINE,8.914200309335937
uid___A001_X3788_X8941,29,FINE,15.827071477330728
uid___A001_X3788_X8941,31,FINE,16.099286688001303
uid___A001_X3788_X8945,25,FINE,53.082214421412765
uid___A001_X3788_X8945,27,FINE,9.48311143466797
uid___A001_X3788_X8945,29,FINE,8.211139146666667
uid___A001_X3788_X8945,31,FINE,18.45844592
uid___A001_X3788_X894d,25,FINE,35.853304373346354
uid___A001_X3788_X894d,27,FINE,45.8110430719987
uid___A001_X3788_X894d,29,FINE,14.15517700266927
uid___A001_X3788_X894d,31,FINE,15.545354581334635
uid___A001_X3788_X8b33,25,MEDIUM,70.5702981066618
uid___A001_X3788_X8b33,27,MEDIUM,82.39423184000162
uid___A001_X3788_X8b33,29,MEDIUM,85.67572093333496
uid___A001_X3788_X8b33,31,MEDIUM,88.69682386666666
uid___A001_X3788_X8b36,25,MEDIUM,63.016613013328445
uid___A001_X3788_X8b36,27,MEDIUM,68.01715707733561
uid___A001_X3788_X8b36,29,MEDIUM,80.62270489599447
uid___A001_X3788_X8b36,31,MEDIUM,85.51909782400227
uid___A001_X3788_X8b3f,25,MEDIUM,62.74110739200033
uid___A001_X3788_X8b3f,27,MEDIUM,64.47604919466471
uid___A001_X3788_X8b3f,29,MEDIUM,81.71709075199706
uid___A001_X3788_X8b3f,31,MEDIUM,69.7889490133317
uid___A001_X3788_X8b42,25,MEDIUM,92.55142201066732
uid___A001_X3788_X8b42,27,MEDIUM,88.54067210666504
uid___A001_X3788_X8b42,29,MEDIUM,92.34305670400228
uid___A001_X3788_X8b42,31,MEDIUM,89.73866848532877
uid___A001_X3788_X8b57,25,MEDIUM,5.7817495519921875
uid___A001_X3788_X8b57,27,MEDIUM,13.755616570664062
uid___A001_X3788_X8b57,29,MEDIUM,41.28447032532552
uid___A001_X3788_X8b57,31,MEDIUM,12.331697914671222
uid___A001_X3788_X8c1b,25,FINE,79.94958464002605
uid___A001_X3788_X8c1b,27,MEDIUM,92.26660419199871
uid___A001_X3788_X8c1b,29,MEDIUM,73.90966438934244
uid___A001_X3788_X8c1b,31,MEDIUM,79.04262970667969
uid___A001_X3788_X8c1e,25,FINE,78.72290238932618
uid___A001_X3788_X8c1e,27,MEDIUM,82.8681161386678
uid___A001_X3788_X8c1e,29,MEDIUM,79.97646445732667
uid___A001_X3788_X8c1e,31,MEDIUM,82.35246872132895
uid___A001_X3788_X8c3a,23,CONT,14.066117349999999
uid___A001_X3788_X8c3a,25,MEDIUM,31.148835071998697
uid___A001_X3788_X8c3a,27,COARSE,25.836604735999348
uid___A001_X3788_X8c3a,29,COARSE,16.25354832
uid___A001_X3788_X8c3c,23,CONT,14.062468100001526
uid___A001_X3788_X8c3c,25,MEDIUM,39.68744262400065
uid___A001_X3788_X8c3c,27,COARSE,4.583323562667643
uid___A001_X3788_X8c3c,29,COARSE,30.833310314666342
uid___A001_X3788_X8c40,23,CONT,46.87646846000061
uid___A001_X3788_X8c40,25,MEDIUM,54.68880368000163
uid___A001_X3788_X8c40,27,COARSE,13.752565696000977
uid___A001_X3788_X8c40,29,COARSE,4.585998282666016
uid___A001_X3788_X8c46,23,CONT,13.283130894999696
uid___A001_X3788_X8c46,25,MEDIUM,52.001890698667
uid___A001_X3788_X8c46,27,COARSE,43.3346577919987
uid___A001_X3788_X8c46,29,COARSE,27.084931199996742
uid___A001_X3788_X8c4a,23,CONT,13.280500749999998
uid___A001_X3788_X8c4a,25,MEDIUM,41.45792245333496
uid___A001_X3788_X8c4a,27,COARSE,14.582788853331705
uid___A001_X3788_X8c4a,29,COARSE,41.457846266666664
uid___A001_X3788_X8c4e,23,CONT,13.275209380000305
uid___A001_X3788_X8c4e,25,MEDIUM,51.19454224
uid___A001_X3788_X8c4e,27,COARSE,22.078021535999348
uid___A001_X3788_X8c4e,29,COARSE,16.66087893333496
uid___A001_X3788_X8c50,23,CONT,13.27363428999939
uid___A001_X3788_X8c50,25,MEDIUM,29.106698074669595
uid___A001_X3788_X8c50,27,COARSE,16.659364266666667
uid___A001_X3788_X8c50,29,COARSE,23.59795400533203
uid___A001_X3788_X8c54,23,CONT,13.2676858
uid___A001_X3788_X8c54,25,MEDIUM,44.470598837330726
uid___A001_X3788_X8c54,27,COARSE,12.694920863999023
uid___A001_X3788_X8c54,29,COARSE,43.70811849599935
uid___A001_X3788_X8c58,23,CONT,16.41441035499878
uid___A001_X3788_X8c58,25,MEDIUM,35.94385136000163
uid___A001_X3788_X8c58,27,COARSE,13.491956602667642
uid___A001_X3788_X8c58,29,COARSE,35.455404837330725
uid___A001_X3788_X8c5c,23,CONT,13.28517273999939
uid___A001_X3788_X8c5c,25,MEDIUM,52.55079317866862
uid___A001_X3788_X8c5c,27,COARSE,14.017421125333659
uid___A001_X3788_X8c5c,29,COARSE,15.83717294933431
uid___A001_X3788_X8c7c,23,MEDIUM,70.58320418133138
uid___A001_X3788_X8c7c,25,MEDIUM,61.98110730666993
uid___A001_X3788_X8c7c,27,FINE,79.89058466933129
uid___A001_X3788_X8c7c,29,FINE,83.92265819933166
uid___A001_X3788_X8c7c,31,MEDIUM,34.639615733333336
uid___A001_X3788_X8c7c,33,MEDIUM,67.44997879999674
uid___A001_X3788_X8c7e,23,MEDIUM,31.647941823997392
uid___A001_X3788_X8c7e,25,MEDIUM,73.83231377066406
uid___A001_X3788_X8c7e,27,FINE,70.30679696486659
uid___A001_X3788_X8c7e,29,FINE,73.79720311706376
uid___A001_X3788_X8c7e,31,MEDIUM,40.43946753066569
uid___A001_X3788_X8c7e,33,MEDIUM,54.52875433067301
uid___A001_X3788_X8c80,22,MEDIUM,46.14390154666667
uid___A001_X3788_X8c80,24,MEDIUM,58.64165486933268
uid___A001_X3788_X8c80,26,FINE,70.40517187826374
uid___A001_X3788_X8c80,28,FINE,66.86186524852603
uid___A001_X3788_X8c80,30,MEDIUM,13.457243231999511
uid___A001_X3788_X8c80,32,MEDIUM,12.966765509333497
uid___A001_X3788_X8c9e,5,CONT,14.061988565999389
uid___A001_X3788_X8c9e,7,CONT,14.12445661460022
uid___A001_X3788_X8c9e,9,CONT,14.155542267999511
uid___A001_X3788_X8c9e,11,CONT,14.093009714800292
uid___A001_X3788_X8cfc,25,COARSE,67.96550408000162
uid___A001_X3788_X8cfc,27,COARSE,66.35074937600261
uid___A001_X3788_X8cfc,29,COARSE,69.76930884266764
uid___A001_X3788_X8cfc,31,COARSE,35.35795979733398
uid___A001_X3788_X8dbd,24,COARSE,48.7984513919987
uid___A001_X3788_X8dbd,26,FINE,58.631743290261355
uid___A001_X3788_X8dbd,28,FINE,62.73151783980791
uid___A001_X3788_X8dbd,30,FINE,37.0803719847232
uid___A001_X3788_X8dbd,32,FINE,57.38111848014348
uid___A001_X3788_X8dbd,34,COARSE,20.89481549333252
uid___A001_X3788_X8dc3,24,COARSE,63.12235846400146
uid___A001_X3788_X8dc3,26,FINE,62.66815942986332
uid___A001_X3788_X8dc3,28,FINE,69.57322856686058
uid___A001_X3788_X8dc3,30,FINE,32.236525707487644
uid___A001_X3788_X8dc3,32,FINE,60.15706474063288
uid___A001_X3788_X8dc3,34,COARSE,44.52729095999756
uid___A001_X3788_X8f6e,13,CONT,28.129662330001832
uid___A001_X3788_X8f6e,15,CONT,17.19285617999878
uid___A001_X3788_X8f6e,17,CONT,18.75517582000122
uid___A001_X3788_X8f6e,19,CONT,26.567164045001217
uid___A001_X3788_X8f72,25,CONT,20.30259757999878
uid___A001_X3788_X8f72,27,CONT,20.302451979992675
uid___A001_X3788_X8f72,29,CONT,20.30262665499878
uid___A001_X3788_X8f72,31,CONT,20.302423164996338
uid___A001_X3788_X8f72,33,CONT,20.302654960003665
uid___A001_X3788_X8f72,35,CONT,20.302394860003663
uid___A001_X3788_X8f72,37,CONT,20.30268402999878
uid___A001_X3788_X8f72,39,CONT,20.30236579000244
uid___A001_X3788_X8f74,25,CONT,17.191454595001222
uid___A001_X3788_X8f74,27,CONT,17.191428625
uid___A001_X3788_X8f74,29,CONT,17.191459894995116
uid___A001_X3788_X8f74,31,CONT,18.75384955999756
uid___A001_X3788_X8f74,33,CONT,17.19146492999878
uid___A001_X3788_X8f74,35,CONT,17.19141855
uid___A001_X3788_X8f74,37,CONT,17.191470229998778
uid___A001_X3788_X8f74,39,CONT,17.191413254998782
uid___A001_X3788_X9134,25,MEDIUM,74.47918602665689
uid___A001_X3788_X9134,27,MEDIUM,23.13176529067057
uid___A001_X3788_X9134,29,MEDIUM,75.52077461333658
uid___A001_X3788_X9134,31,MEDIUM,71.87492575999023
uid___A001_X3788_X913b,25,FINE,34.29052262400065
uid___A001_X3788_X913b,27,FINE,46.609428799977216
uid___A001_X3788_X913b,29,FINE,35.983372362672526
uid___A001_X3788_X913b,31,FINE,22.11397388800456
uid___A001_X3788_X913f,25,MEDIUM,65.02295707733398
uid___A001_X3788_X913f,27,FINE,82.53844012799479
uid___A001_X3788_X913f,29,MEDIUM,68.3337080693343
uid___A001_X3788_X913f,31,MEDIUM,57.55968269866049
uid___A001_X3788_X916a,18,CONT,14.833038029998779
uid___A001_X3788_X916a,20,CONT,14.832901774999998
uid___A001_X3788_X916a,22,CONT,14.832878884999085
uid___A001_X3788_X916a,24,MEDIUM,29.078623514667967
uid___A001_X3788_X916d,18,CONT,14.835765749999998
uid___A001_X3788_X916d,20,CONT,14.054308300001525
uid___A001_X3788_X916d,22,CONT,14.054285755000306
uid___A001_X3788_X916d,24,MEDIUM,5.811402362666016
uid___A001_X3788_X9171,18,CONT,14.83326965
uid___A001_X3788_X9171,20,CONT,18.739785640000918
uid___A001_X3788_X9171,22,CONT,14.0516584
uid___A001_X3788_X9171,24,MEDIUM,12.749672266666668
uid___A001_X3788_X9174,18,CONT,14.841702434999085
uid___A001_X3788_X9174,20,CONT,14.841596159999085
uid___A001_X3788_X9174,22,CONT,14.841578719999696
uid___A001_X3788_X9174,24,MEDIUM,13.956238058666992
uid___A001_X3788_X917a,18,CONT,14.8299506
uid___A001_X3788_X917a,20,CONT,14.04842495
uid___A001_X3788_X917a,22,CONT,14.0484002
uid___A001_X3788_X917a,24,MEDIUM,12.530822922667642
uid___A001_X3788_X917d,18,CONT,14.834340574999999
uid___A001_X3788_X917d,20,CONT,14.0528629
uid___A001_X3788_X917d,22,CONT,14.0528398
uid___A001_X3788_X917d,24,MEDIUM,13.409854544000652
uid___A001_X3788_X918f,17,CONT,49.999189119995116
uid___A001_X3788_X918f,19,CONT,13.279720975
uid___A001_X3788_X918f,21,CONT,13.27986805
uid___A001_X3788_X918f,23,CONT,13.279696
uid___A001_X3788_X918f,25,CONT,13.279891915002443
uid___A001_X3788_X918f,27,CONT,17.18599320999756
uid___A001_X3788_X918f,29,CONT,42.96787290499878
uid___A001_X3788_X918f,31,CONT,13.279647714996337
uid___A001_X3788_X919b,23,COARSE,20.825874186666667
uid___A001_X3788_X919b,25,COARSE,39.994322944000245
uid___A001_X3788_X919b,27,COARSE,61.66302347199992
uid___A001_X3788_X919b,29,COARSE,27.90978634133301
uid___A001_X3788_X91a8,24,FINE,21.480478890657555
uid___A001_X3788_X91a8,26,FINE,9.753481536009115
uid___A001_X3788_X91a8,28,MEDIUM,14.365970532000732
uid___A001_X3788_X91a8,30,MEDIUM,25.278307028001706
uid___A001_X3788_X91a8,32,MEDIUM,1.5716595719995115
uid___A001_X3788_X91ae,24,FINE,28.70472832
uid___A001_X3788_X91ae,26,FINE,30.190188458645835
uid___A001_X3788_X91ae,28,MEDIUM,12.648257802666016
uid___A001_X3788_X91ae,30,MEDIUM,7.4970255466682945
uid___A001_X3788_X91ae,32,MEDIUM,11.99073918400065
uid___A001_X3788_X91b2,25,FINE,17.55086615466797
uid___A001_X3788_X91b2,27,FINE,30.160303402649742
uid___A001_X3788_X91b2,29,MEDIUM,15.891087136001792
uid___A001_X3788_X91b2,31,MEDIUM,26.789610177333984
uid___A001_X3788_X91b2,33,MEDIUM,15.532512686666667
uid___A001_X3788_X91b4,24,FINE,29.57565913599609
uid___A001_X3788_X91b4,26,FINE,27.50457964801432
uid___A001_X3788_X91b4,28,MEDIUM,27.778351586668293
uid___A001_X3788_X91b4,30,MEDIUM,12.62780482
uid___A001_X3788_X91b4,32,MEDIUM,5.039020519999187
uid___A001_X3788_X91bd,17,CONT,18.74053131999817
uid___A001_X3788_X91bd,19,CONT,52.33817582000122
uid___A001_X3788_X91bd,25,COARSE,17.90687760533203
uid___A001_X3788_X91bd,27,COARSE,40.82625226666667
uid___A001_X3788_X91c5,25,COARSE,29.577751375999352
uid___A001_X3788_X91c5,27,COARSE,32.49463024533366
uid___A001_X3788_X91c5,29,COARSE,7.909155023999023
uid___A001_X3788_X91c5,31,COARSE,34.994680192000324
uid___A001_X3788_X91d2,23,CONT,14.844866159997558
uid___A001_X3788_X91d2,25,CONT,55.46931059500122
uid___A001_X3788_X91d2,27,CONT,14.844856349999999
uid___A001_X3788_X91d2,29,CONT,38.2820340750061
uid___A001_X3788_X91d2,31,CONT,14.84486125499878
uid___A001_X3788_X91d2,33,CONT,14.844827464996339
uid___A001_X3788_X91d2,39,COARSE,27.084291866673176
uid___A001_X3788_X91d2,41,COARSE,54.58390304
uid___A001_X3788_X9201,23,FINE,53.46684697596354
uid___A001_X3788_X9201,25,MEDIUM,88.28130199998698
uid___A001_X3788_X9201,27,MEDIUM,91.56252310399414
uid___A001_X3788_X9201,29,MEDIUM,89.84378823999674
uid___A001_X3788_X9208,17,MEDIUM,72.80078034666667
uid___A001_X3788_X9208,19,MEDIUM,78.43677577599935
uid___A001_X3788_X9208,21,MEDIUM,78.22840313066081
uid___A001_X3788_X9208,23,MEDIUM,79.58261100800131
uid___A001_X3788_X929d,45,FINE,13.547320016002603
uid___A001_X3788_X929d,47,FINE,13.529601904003908
uid___A001_X3788_X929d,49,FINE,8.56593052799479
uid___A001_X3788_X929d,51,FINE,4.733279338671875
uid___A001_X3788_X929d,53,FINE,3.5560346773372395
uid___A001_X3788_X929d,55,FINE,4.609742714661459
uid___A001_X3788_X929d,57,FINE,6.625095178671875
uid___A001_X3788_X929d,59,FINE,7.351282165332031
uid___A001_X3788_X92c2,25,COARSE,51.04197874666707
uid___A001_X3788_X92c2,27,COARSE,49.37531492800008
uid___A001_X3788_X92c2,29,COARSE,41.04202437866659
uid___A001_X3788_X92c2,31,COARSE,47.91697466666626
uid___A001_X3788_X92c6,25,COARSE,63.124667712000736
uid___A001_X3788_X92c6,27,COARSE,47.29118225600016
uid___A001_X3788_X92c6,29,COARSE,43.541137674667155
uid___A001_X3788_X92c6,31,COARSE,47.916169333333336
uid___A001_X3788_X92d2,25,COARSE,19.16606242133382
uid___A001_X3788_X92d2,27,COARSE,62.49971920000081
uid___A001_X3788_X92d2,29,COARSE,35.83284628266601
uid___A001_X3788_X92d2,31,COARSE,24.582759925333658
uid___A001_X3788_X92d2,45,COARSE,23.332755328000488
uid___A001_X3788_X92d2,47,COARSE,19.999394816000162
uid___A001_X3788_X92d2,49,COARSE,13.749339807999675
uid___A001_X3788_X92d2,51,COARSE,16.666026666666667
uid___A001_X3788_X92d2,65,COARSE,21.666070085332844
uid___A001_X3788_X92d2,67,COARSE,19.999389696000165
uid___A001_X3788_X92d2,69,COARSE,15.832682623999839
uid___A001_X3788_X92d2,71,COARSE,15.416011658666179
uid___A001_X3788_X92d2,85,COARSE,22.499404800000814
uid___A001_X3788_X92d2,87,COARSE,37.4995184
uid___A001_X3788_X92d2,89,COARSE,19.582706469332685
uid___A001_X3788_X92d2,91,COARSE,8.332616426665853
uid___A001_X3788_X92d2,105,COARSE,22.082728949332683
uid___A001_X3788_X92d2,107,COARSE,59.999689216000974
uid___A001_X3788_X92d2,109,COARSE,6.2492619946671555
uid___A001_X3788_X92d2,111,COARSE,70.83310336000001
uid___A001_X3788_X92e2,25,COARSE,42.08295970133382
uid___A001_X3788_X92e2,27,COARSE,50.833015520000814
uid___A001_X3788_X92e2,29,COARSE,38.332929194664715
uid___A001_X3788_X92e2,31,COARSE,69.99980300799967
uid___A001_X3788_X92e2,45,COARSE,24.582841013334146
uid___A001_X3788_X92e2,47,COARSE,22.916162480001628
uid___A001_X3788_X92e2,49,COARSE,24.582833290667317
uid___A001_X3788_X92e2,51,COARSE,32.08288214933431
uid___A001_X3788_X92e2,65,COARSE,28.332860906666667
uid___A001_X3788_X92e2,67,COARSE,22.49948713599935
uid___A001_X3788_X92e2,69,COARSE,28.33285265066569
uid___A001_X3788_X92e2,71,COARSE,59.16639227200032
uid___A001_X3788_X92e2,85,COARSE,43.332955434666346
uid___A001_X3788_X92e2,87,COARSE,17.916118218666995
uid___A001_X3788_X92e2,89,COARSE,78.74985611200195
uid___A001_X3788_X92e2,91,COARSE,44.58295667733398
uid___A001_X3788_X92e2,105,COARSE,26.666171989332682
uid___A001_X3788_X92e2,107,COARSE,17.91611191466634
uid___A001_X3788_X92e2,109,COARSE,24.99948639999837
uid___A001_X3788_X92e2,111,COARSE,49.16631790933431
uid___A001_X3788_X92e6,25,COARSE,66.66643541333414
uid___A001_X3788_X92e6,27,COARSE,16.666087466666664
uid___A001_X3788_X92e6,29,COARSE,72.916476
uid___A001_X3788_X92e6,31,COARSE,22.082783802667645
uid___A001_X3788_X92e6,45,COARSE,21.66611921066732
uid___A001_X3788_X92e6,47,COARSE,21.666118207999673
uid___A001_X3788_X92e6,49,COARSE,41.66625301333333
uid___A001_X3788_X92e6,51,COARSE,20.832770927999675
uid___A001_X3788_X92e6,65,COARSE,3.7493236320003254
uid___A001_X3788_X92e6,67,COARSE,21.2494456
uid___A001_X3788_X92e6,69,COARSE,32.082849114667965
uid___A001_X3788_X92e6,71,COARSE,33.33285717333334
uid___A001_X3788_X92e6,85,COARSE,49.58297710933268
uid___A001_X3788_X92e6,87,COARSE,59.5830472480013
uid___A001_X3788_X92e6,89,COARSE,22.916114133333334
uid___A001_X3788_X92e6,91,COARSE,33.74952427200195
uid___A001_X3788_X92e6,105,COARSE,24.999467199998374
uid___A001_X3788_X92e6,107,COARSE,21.666109183999023
uid___A001_X3788_X92e6,109,COARSE,16.249396463999023
uid___A001_X3788_X92e6,111,COARSE,63.33306862933268
uid___A001_X3788_X92ea,17,COARSE,3.753417567998047
uid___A001_X3788_X92ea,19,COARSE,8.753227183997396
uid___A001_X3788_X92ea,21,COARSE,5.836592554666341
uid___A001_X3788_X92ea,23,COARSE,39.58541592
uid___A001_X3788_X93ef,16,CONT,75.00031583999633
uid___A001_X3788_X93ef,18,CONT,30.46961597000427
uid___A001_X3788_X93ef,20,CONT,28.907066725000004
uid___A001_X3788_X93ef,22,CONT,63.281665245001214
uid___A001_X3788_X93fd,25,COARSE,41.661678933333334
uid___A001_X3788_X93fd,27,COARSE,67.08050955733398
uid___A001_X3788_X93fd,29,COARSE,19.15971060266724
uid___A001_X3788_X93fd,31,COARSE,42.07833304
uid___A001_X3788_X9401,23,COARSE,7.90709
uid___A001_X3788_X9401,25,COARSE,6.656944469333497
uid___A001_X3788_X9401,27,COARSE,23.742043647999676
uid___A001_X3788_X9401,29,COARSE,24.158740202666827
uid___A001_X3788_X9405,25,COARSE,29.159378879999593
uid___A001_X3788_X9405,27,COARSE,45.82773813333292
uid___A001_X3788_X9405,29,COARSE,52.91164886399984
uid___A001_X3788_X9405,31,COARSE,14.15773340800008
uid___A001_X3788_X9421,7,CONT,13.27170121999817
uid___A001_X3788_X9421,16,CONT,13.271720094998168
uid___A001_X3788_X9421,19,CONT,36.711703405001835
uid___A001_X3788_X9421,21,CONT,13.27157357999878
uid___A001_X3788_X9425,17,CONT,14.83403428500061
uid___A001_X3788_X9425,19,CONT,14.05266215
uid___A001_X3788_X9425,21,CONT,14.0524746
uid___A001_X3788_X9425,23,CONT,14.833781949999999
uid___A001_X3788_X9429,17,CONT,35.935691079998776
uid___A001_X3788_X9429,19,CONT,39.060768010000615
uid___A001_X3788_X9429,21,CONT,42.18579466999817
uid___A001_X3788_X9429,23,CONT,21.09140730499878
uid___A001_X3788_X943a,17,CONT,14.839230859999084
uid___A001_X3788_X943a,21,CONT,14.839084255000303
uid___A001_X3788_X943a,25,MEDIUM,56.55998110933268
uid___A001_X3788_X943a,27,COARSE,2.911325685333659
uid___A001_X3788_X9442,25,FINE,72.92173182147634
uid___A001_X3788_X9442,27,MEDIUM,15.976087088001304
uid___A001_X3788_X9442,29,MEDIUM,12.389982794667969
uid___A001_X3788_X9442,31,FINE,69.78796186635587
uid___A001_X3788_X9444,25,FINE,54.98298403587446
uid___A001_X3788_X9444,27,MEDIUM,40.90067880533203
uid___A001_X3788_X9444,29,MEDIUM,11.892574010664063
uid___A001_X3788_X9444,31,FINE,67.17141130966652
uid___A001_X3788_X9450,25,FINE,8.722103226663412
uid___A001_X3788_X9450,27,FINE,14.62808098133138
uid___A001_X3788_X9450,29,FINE,64.29604507200195
uid___A001_X3788_X9450,31,FINE,62.21616209054688
uid___A001_X3788_X9452,25,FINE,12.105785765328775
uid___A001_X3788_X9452,27,FINE,26.668837930664065
uid___A001_X3788_X9452,29,FINE,11.669862735999349
uid___A001_X3788_X9452,31,FINE,52.18993792
uid___A001_X3788_X946d,25,COARSE,14.570363031999511
uid___A001_X3788_X946d,27,COARSE,20.612929279999996
uid___A001_X3788_X946d,29,COARSE,29.468281133331708
uid___A001_X3788_X946d,31,COARSE,43.116175949333496
uid___A001_X3788_X9479,25,COARSE,32.28134296533284
uid___A001_X3788_X9479,27,COARSE,45.408351114667155
uid___A001_X3788_X9479,29,COARSE,20.61267982933512
uid___A001_X3788_X9479,31,COARSE,20.61266021600016
uid___A001_X3788_X94d4,25,MEDIUM,15.424106134666749
uid___A001_X3788_X94d4,27,MEDIUM,13.51080478933309
uid___A001_X3788_X94d4,29,MEDIUM,38.54881764533244
uid___A001_X3788_X94d4,31,MEDIUM,8.44244276666626
uid___A001_X3788_X94d8,25,MEDIUM,18.31807446533366
uid___A001_X3788_X94d8,27,MEDIUM,9.389052493999227
uid___A001_X3788_X94d8,29,MEDIUM,7.917898284666748
uid___A001_X3788_X94d8,31,MEDIUM,20.764684925999553
uid___A001_X3788_X94dc,25,MEDIUM,19.732048720532877
uid___A001_X3788_X94dc,27,MEDIUM,9.165958476800943
uid___A001_X3788_X94dc,29,MEDIUM,12.536971617599773
uid___A001_X3788_X94dc,31,MEDIUM,11.4838633818667
uid___A001_X3788_X94e0,25,MEDIUM,21.497828453866212
uid___A001_X3788_X94e0,27,MEDIUM,10.834708015999835
uid___A001_X3788_X94e0,29,MEDIUM,12.123304734933269
uid___A001_X3788_X94e0,31,MEDIUM,20.981631363733396
uid___A001_X3788_X94e4,25,MEDIUM,21.2966170449528
uid___A001_X3788_X94e4,27,MEDIUM,9.533000950476307
uid___A001_X3788_X94e4,29,MEDIUM,17.980036347809243
uid___A001_X3788_X94e4,31,MEDIUM,12.624417587428502
uid___A001_X3788_X94e8,25,MEDIUM,14.970614437333172
uid___A001_X3788_X94e8,27,MEDIUM,12.357644498667534
uid___A001_X3788_X94e8,29,MEDIUM,29.936369540444062
uid___A001_X3788_X94e8,31,MEDIUM,20.022749123555503
uid___A001_X3788_X94ec,25,MEDIUM,21.408599621925816
uid___A001_X3788_X94ec,27,MEDIUM,10.59063285096318
uid___A001_X3788_X94ec,29,MEDIUM,18.971951951999422
uid___A001_X3788_X94ec,31,MEDIUM,21.924559766518556
uid___A001_X3788_X94f0,25,MEDIUM,23.13020827093392
uid___A001_X3788_X94f0,27,MEDIUM,7.68354711786621
uid___A001_X3788_X94f0,29,MEDIUM,9.756512120533854
uid___A001_X3788_X94f0,31,MEDIUM,9.653835760000327
uid___A001_X3788_X94f4,25,MEDIUM,25.33499143520036
uid___A001_X3788_X94f4,27,MEDIUM,6.672623725866862
uid___A001_X3788_X94f4,29,MEDIUM,20.829397751467287
uid___A001_X3788_X94f4,31,MEDIUM,15.761407673066733
uid___A001_X3788_X94f8,25,MEDIUM,23.302398100953194
uid___A001_X3788_X94f8,27,MEDIUM,8.889267676571917
uid___A001_X3788_X94f8,29,MEDIUM,22.563965300572335
uid___A001_X3788_X94f8,31,MEDIUM,19.559978902095192
uid___A001_X3788_X94fc,25,MEDIUM,21.79889098186686
uid___A001_X3788_X94fc,27,MEDIUM,12.415377097599771
uid___A001_X3788_X94fc,29,MEDIUM,10.073234128000326
uid___A001_X3788_X94fc,31,MEDIUM,19.108660585600585
uid___A001_X3788_X9500,25,MEDIUM,18.094521649600097
uid___A001_X3788_X9500,27,MEDIUM,10.758665148799803
uid___A001_X3788_X9500,29,MEDIUM,9.828716878933268
uid___A001_X3788_X9500,31,MEDIUM,8.17714427199935
uid___A001_X3788_X9504,25,MEDIUM,21.615852586134277
uid___A001_X3788_X9504,27,MEDIUM,8.43499840959961
uid___A001_X3788_X9504,29,MEDIUM,10.59038370133317
uid___A001_X3788_X9504,31,MEDIUM,19.21576087519971
uid___A001_X3788_X9508,25,MEDIUM,9.917892292266925
uid___A001_X3788_X9508,27,MEDIUM,8.239878827733724
uid___A001_X3788_X9508,29,MEDIUM,10.426520068800944
uid___A001_X3788_X9508,31,MEDIUM,20.699314720533206
uid___A001_X3788_X9510,25,MEDIUM,24.632416309866212
uid___A001_X3788_X9510,27,MEDIUM,11.756894429332682
uid___A001_X3788_X9510,29,MEDIUM,20.64015308640023
uid___A001_X3788_X9510,31,MEDIUM,15.939239989333334
uid___A001_X3788_X9514,25,MEDIUM,20.859160858074002
uid___A001_X3788_X9514,27,MEDIUM,9.542081419851346
uid___A001_X3788_X9514,29,MEDIUM,17.70737498963017
uid___A001_X3788_X9514,31,MEDIUM,19.517881219554578
uid___A001_X3788_X9518,25,MEDIUM,25.722962025601724
uid___A001_X3788_X9518,27,MEDIUM,10.12770058880013
uid___A001_X3788_X9518,29,MEDIUM,11.410065425066081
uid___A001_X3788_X9518,31,MEDIUM,16.763464796266604
uid___A001_X3788_X951c,25,MEDIUM,23.614529349333168
uid___A001_X3788_X951c,27,MEDIUM,10.851218096000489
uid___A001_X3788_X951c,29,MEDIUM,9.599365222933267
uid___A001_X3788_X951c,31,MEDIUM,8.111285165866375
uid___A001_X3788_X9520,25,MEDIUM,19.664520578870818
uid___A001_X3788_X9520,27,MEDIUM,8.626999246359048
uid___A001_X3788_X9520,29,MEDIUM,23.334744006975285
uid___A001_X3788_X9520,31,MEDIUM,18.79762519712828
uid___A001_X3788_X9524,25,MEDIUM,29.645478714667483
uid___A001_X3788_X9524,27,MEDIUM,10.059386589867024
uid___A001_X3788_X9524,29,MEDIUM,11.192417420799643
uid___A001_X3788_X9524,31,MEDIUM,10.029373373333659
uid___A001_X3788_X9528,25,MEDIUM,18.75448112906608
uid___A001_X3788_X9528,27,MEDIUM,8.272675782400391
uid___A001_X3788_X9528,29,MEDIUM,9.272607926934246
uid___A001_X3788_X9528,31,MEDIUM,10.941899925333006
uid___A001_X3788_X9530,25,MEDIUM,21.747770456296838
uid___A001_X3788_X9530,27,MEDIUM,7.832710007703452
uid___A001_X3788_X9530,29,MEDIUM,13.287095114666522
uid___A001_X3788_X9530,31,MEDIUM,16.108780646518916
uid___A001_X3788_X9534,25,MEDIUM,23.534138246475887
uid___A001_X3788_X9534,27,MEDIUM,13.179361458666527
uid___A001_X3788_X9534,29,MEDIUM,25.505082335238793
uid___A001_X3788_X9534,31,MEDIUM,12.624797949333496
uid___A001_X3788_X9538,25,MEDIUM,18.701446105598794
uid___A001_X3788_X9538,27,MEDIUM,10.101351008000163
uid___A001_X3788_X9538,29,MEDIUM,14.956838983999837
uid___A001_X3788_X9538,31,MEDIUM,11.452809953599937
uid___A001_X3788_X9540,25,MEDIUM,15.32234764480013
uid___A001_X3788_X9540,27,MEDIUM,12.375741078399741
uid___A001_X3788_X9540,29,MEDIUM,10.554104691199706
uid___A001_X3788_X9540,31,MEDIUM,13.431951342933433
uid___A001_X3788_X9544,25,MEDIUM,17.509444189332356
uid___A001_X3788_X9544,27,MEDIUM,12.056256525334149
uid___A001_X3788_X9544,29,MEDIUM,11.988451561599609
uid___A001_X3788_X9544,31,MEDIUM,19.181239454932616
uid___A001_X3788_X9548,25,MEDIUM,13.217230483200195
uid___A001_X3788_X9548,27,MEDIUM,11.857812277334148
uid___A001_X3788_X9548,29,MEDIUM,10.076406511466145
uid___A001_X3788_X9548,31,MEDIUM,23.857884617600096
uid___A001_X3788_X954c,25,MEDIUM,13.297762207466471
uid___A001_X3788_X954c,27,MEDIUM,9.600723529066405
uid___A001_X3788_X954c,29,MEDIUM,22.30927107413346
uid___A001_X3788_X954c,31,MEDIUM,14.411643289066406
uid___A001_X3788_X9550,25,MEDIUM,21.216710933867024
uid___A001_X3788_X9550,27,MEDIUM,13.067564584532878
uid___A001_X3788_X9550,29,MEDIUM,35.51390624960189
uid___A001_X3788_X9550,31,MEDIUM,8.510972290665853
uid___A001_X3788_X9554,25,MEDIUM,11.989874532266603
uid___A001_X3788_X9554,27,MEDIUM,8.682651876266927
uid___A001_X3788_X9554,29,MEDIUM,11.109608482133137
uid___A001_X3788_X9554,31,MEDIUM,13.316427708266277
uid___A001_X3788_X9558,25,MEDIUM,17.951933850667643
uid___A001_X3788_X9558,27,MEDIUM,10.482025611733073
uid___A001_X3788_X9558,29,MEDIUM,9.079885217066407
uid___A001_X3788_X9558,31,MEDIUM,8.305754181333171
uid___A001_X3788_X955c,25,MEDIUM,17.71285115520003
uid___A001_X3788_X955c,27,MEDIUM,8.48065719520101
uid___A001_X3788_X955c,29,MEDIUM,26.198737243199545
uid___A001_X3788_X955c,31,MEDIUM,7.0436557712001955
uid___A001_X3788_X9560,25,MEDIUM,14.46403427786686
uid___A001_X3788_X9560,27,MEDIUM,11.581753836799805
uid___A001_X3788_X9560,29,MEDIUM,12.65587506026709
uid___A001_X3788_X9560,31,MEDIUM,10.023675662399576
uid___A001_X3788_X9564,25,MEDIUM,14.990909722668185
uid___A001_X3788_X9564,27,MEDIUM,12.284317568592483
uid___A001_X3788_X9564,29,MEDIUM,13.547820523259007
uid___A001_X3788_X9564,31,MEDIUM,13.435647886814598
uid___A001_X3788_X9568,25,MEDIUM,23.519255387733885
uid___A001_X3788_X9568,27,MEDIUM,9.737679384000813
uid___A001_X3788_X9568,29,MEDIUM,31.560957430934895
uid___A001_X3788_X9568,31,MEDIUM,40.930926129599776
uid___A001_X3788_X956c,25,MEDIUM,15.184130886400716
uid___A001_X3788_X956c,27,MEDIUM,11.99273762453418
uid___A001_X3788_X956c,29,MEDIUM,19.444884287999837
uid___A001_X3788_X956c,31,MEDIUM,18.441124702400064
uid___A001_X3788_X9570,25,MEDIUM,24.894322371555447
uid___A001_X3788_X9570,27,MEDIUM,9.407904535111761
uid___A001_X3788_X9570,29,MEDIUM,10.588458844444444
uid___A001_X3788_X9570,31,MEDIUM,7.02935786844618
uid___A001_X3788_X9574,25,MEDIUM,23.15066548586686
uid___A001_X3788_X9574,27,MEDIUM,16.227842423999675
uid___A001_X3788_X9574,29,MEDIUM,12.455295206934895
uid___A001_X3788_X9574,31,MEDIUM,12.108676790933107
uid___A001_X3788_X9578,25,MEDIUM,12.413468235999755
uid___A001_X3788_X9578,27,MEDIUM,10.647323977333985
uid___A001_X3788_X9578,29,MEDIUM,18.043327482667237
uid___A001_X3788_X9578,31,MEDIUM,10.515263843999023
uid___A001_X3788_X957c,25,MEDIUM,19.016900272763205
uid___A001_X3788_X957c,27,MEDIUM,12.384906371809896
uid___A001_X3788_X957c,29,MEDIUM,20.164213070476652
uid___A001_X3788_X957c,31,MEDIUM,15.062507336380907
uid___A001_X3788_X9580,25,MEDIUM,9.028734970666774
uid___A001_X3788_X9580,27,MEDIUM,11.356420220443793
uid___A001_X3788_X9580,29,MEDIUM,12.431726954665798
uid___A001_X3788_X9580,31,MEDIUM,19.312441148444552
uid___A001_X3788_X9584,25,MEDIUM,24.75471485333496
uid___A001_X3788_X9584,27,MEDIUM,11.247403192888456
uid___A001_X3788_X9584,29,MEDIUM,23.904005383110352
uid___A001_X3788_X9584,31,MEDIUM,8.76466365688802
uid___A001_X3788_X9588,25,MEDIUM,18.06854476
uid___A001_X3788_X9588,27,MEDIUM,10.10605298577786
uid___A001_X3788_X9588,29,MEDIUM,10.771344638666314
uid___A001_X3788_X9588,31,MEDIUM,19.52962194977742
uid___A001_X3788_X958c,25,MEDIUM,18.293130861332738
uid___A001_X3788_X958c,27,MEDIUM,10.986768545778537
uid___A001_X3788_X958c,29,MEDIUM,25.407578116443414
uid___A001_X3788_X958c,31,MEDIUM,10.432393712000597
uid___A001_X3788_X9590,25,MEDIUM,21.272152303999565
uid___A001_X3788_X9590,27,MEDIUM,7.041422015999892
uid___A001_X3788_X9590,29,MEDIUM,32.590101032888995
uid___A001_X3788_X9590,31,MEDIUM,19.491932737777777
uid___A001_X3788_X9594,25,MEDIUM,21.98147001599993
uid___A001_X3788_X9594,27,MEDIUM,8.367004528381115
uid___A001_X3788_X9594,29,MEDIUM,16.420787992761927
uid___A001_X3788_X9594,31,MEDIUM,15.118345239238165
uid___A001_X3788_X9598,25,MEDIUM,25.254460352000734
uid___A001_X3788_X9598,27,MEDIUM,10.70302916133321
uid___A001_X3788_X9598,29,MEDIUM,12.154746270667113
uid___A001_X3788_X9598,31,MEDIUM,22.107581915331014
uid___A001_X3788_X959c,24,MEDIUM,37.13334316266764
uid___A001_X3788_X959c,26,MEDIUM,5.559556911999512
uid___A001_X3788_X959c,28,MEDIUM,26.692715368000485
uid___A001_X3788_X959c,30,MEDIUM,6.963148416000976
uid___A001_X3788_X95a0,24,MEDIUM,11.404992224003905
uid___A001_X3788_X95a0,26,MEDIUM,9.425780053333334
uid___A001_X3788_X95a0,28,MEDIUM,12.967379824000652
uid___A001_X3788_X95a0,30,MEDIUM,12.342343423999024
uid___A001_X3788_X95a4,24,MEDIUM,16.08873456888889
uid___A001_X3788_X95a4,26,MEDIUM,11.204030785777451
uid___A001_X3788_X95a4,28,MEDIUM,12.429899031110569
uid___A001_X3788_X95a4,30,MEDIUM,12.38489276266656
uid___A001_X3788_X95a8,24,MEDIUM,20.318210247109374
uid___A001_X3788_X95a8,26,MEDIUM,10.934904307556424
uid___A001_X3788_X95a8,28,MEDIUM,7.79823580622233
uid___A001_X3788_X95a8,30,MEDIUM,18.49079058666721
uid___A001_X3788_X95ac,24,MEDIUM,12.70535918933431
uid___A001_X3788_X95ac,26,MEDIUM,3.486280736000977
uid___A001_X3788_X95ac,28,MEDIUM,13.382296677333985
uid___A001_X3788_X95ac,30,MEDIUM,3.4340077760009766
uid___A001_X3788_X95b0,24,MEDIUM,10.649421170667317
uid___A001_X3788_X95b0,26,MEDIUM,7.732679536000163
uid___A001_X3788_X95b0,28,MEDIUM,9.581531954667156
uid___A001_X3788_X95b0,30,MEDIUM,8.409606704000652
uid___A001_X3788_X95b4,24,MEDIUM,27.83868025599962
uid___A001_X3788_X95b4,26,MEDIUM,10.617795744890136
uid___A001_X3788_X95b4,28,MEDIUM,23.70851013244466
uid___A001_X3788_X95b4,30,MEDIUM,23.977074289779733
uid___A001_X3788_X95b8,24,MEDIUM,8.94832017066569
uid___A001_X3788_X95b8,26,MEDIUM,1.3980008479996744
uid___A001_X3788_X95b8,28,MEDIUM,11.242378495999349
uid___A001_X3788_X95b8,30,MEDIUM,8.719638127999675
uid___A001_X3788_X95bc,24,MEDIUM,25.773339319999998
uid___A001_X3788_X95bc,26,MEDIUM,7.396915485333659
uid___A001_X3788_X95bc,28,MEDIUM,14.328264434668784
uid___A001_X3788_X95bc,30,MEDIUM,21.459122303998207
uid___A001_X3788_X95c0,24,MEDIUM,16.401298101334227
uid___A001_X3788_X95c0,26,MEDIUM,8.614352393333741
uid___A001_X3788_X95c0,28,MEDIUM,15.94535970800049
uid___A001_X3788_X95c0,30,MEDIUM,13.497213594666748
uid___A001_X3788_X95c4,24,MEDIUM,17.218233208887803
uid___A001_X3788_X95c4,26,MEDIUM,8.728214449778644
uid___A001_X3788_X95c4,28,MEDIUM,22.35715954488715
uid___A001_X3788_X95c4,30,MEDIUM,30.777694842667643
uid___A001_X3788_X95c8,24,MEDIUM,17.54952455466634
uid___A001_X3788_X95c8,26,MEDIUM,14.242105826667478
uid___A001_X3788_X95c8,28,MEDIUM,9.944923045332846
uid___A001_X3788_X95c8,30,MEDIUM,10.648043863999836
uid___A001_X3788_X95cc,24,MEDIUM,12.276144869331867
uid___A001_X3788_X95cc,26,MEDIUM,7.997578679998372
uid___A001_X3788_X95cc,28,MEDIUM,13.963552261334636
uid___A001_X3788_X95cc,30,MEDIUM,18.570052277333986
uid___A001_X3788_X95d0,24,MEDIUM,18.986396571997478
uid___A001_X3788_X95d0,26,MEDIUM,11.794826653333333
uid___A001_X3788_X95d0,28,MEDIUM,20.561135630666506
uid___A001_X3788_X95d0,30,MEDIUM,13.50231278266683
uid___A001_X3788_X95d4,24,MEDIUM,25.887269586665855
uid___A001_X3788_X95d4,26,MEDIUM,6.174168960001627
uid___A001_X3788_X95d4,28,MEDIUM,20.170327069332682
uid___A001_X3788_X95d4,30,MEDIUM,8.38750959466797
uid___A001_X3788_X95d8,24,MEDIUM,28.746934328885636
uid___A001_X3788_X95d8,26,MEDIUM,6.888341391998698
uid___A001_X3788_X95d8,28,MEDIUM,15.62120199111111
uid___A001_X3788_X95d8,30,MEDIUM,6.801331132444662
uid___A001_X3788_X95dc,24,MEDIUM,43.1772299680013
uid___A001_X3788_X95dc,26,MEDIUM,10.188600666666666
uid___A001_X3788_X95dc,28,MEDIUM,11.406725247999674
uid___A001_X3788_X95dc,30,MEDIUM,12.608008426665037
uid___A001_X3788_X95e0,24,MEDIUM,12.147886773331706
uid___A001_X3788_X95e0,26,MEDIUM,5.2609669493326825
uid___A001_X3788_X95e0,28,MEDIUM,25.88572216533203
uid___A001_X3788_X95e0,30,MEDIUM,12.135770346666666
uid___A001_X3788_X95e4,24,MEDIUM,11.715064719998372
uid___A001_X3788_X95e4,26,MEDIUM,8.121147967994792
uid___A001_X3788_X95e4,28,MEDIUM,15.673414208004557
uid___A001_X3788_X95e4,30,MEDIUM,11.610721797333984
uid___A001_X3788_X95e8,24,MEDIUM,10.971954887112089
uid___A001_X3788_X95e8,26,MEDIUM,8.055266211555447
uid___A001_X3788_X95e8,28,MEDIUM,8.211392364444988
uid___A001_X3788_X95e8,30,MEDIUM,18.194051240889216
uid___A001_X3788_X95ec,24,MEDIUM,23.61568580799967
uid___A001_X3788_X95ec,26,MEDIUM,2.677039210666504
uid___A001_X3788_X95ec,28,MEDIUM,34.24108427466797
uid___A001_X3788_X95ec,30,MEDIUM,12.495047568000489
uid___A001_X3788_X95f0,24,MEDIUM,17.82569479644477
uid___A001_X3788_X95f0,26,MEDIUM,11.644803370666233
uid___A001_X3788_X95f0,28,MEDIUM,15.186489239111328
uid___A001_X3788_X95f0,30,MEDIUM,14.04057040888889
uid___A001_X3788_X95f4,24,MEDIUM,12.18439152533203
uid___A001_X3788_X95f4,26,MEDIUM,11.090585232000326
uid___A001_X3788_X95f4,28,MEDIUM,13.642651829335936
uid___A001_X3788_X95f4,30,MEDIUM,15.517702496002606
uid___A001_X3788_X95f8,24,MEDIUM,11.194922808001301
uid___A001_X3788_X95f8,26,MEDIUM,9.762559063999024
uid___A001_X3788_X95f8,28,MEDIUM,21.820155888001302
uid___A001_X3788_X95f8,30,MEDIUM,9.033215850666505
uid___A001_X3788_X95fc,24,MEDIUM,7.993181711999512
uid___A001_X3788_X95fc,26,MEDIUM,14.399514925334472
uid___A001_X3788_X95fc,28,MEDIUM,14.138952333333332
uid___A001_X3788_X95fc,30,MEDIUM,19.00880543466797
uid___A001_X3788_X9600,24,MEDIUM,14.874548056888562
uid___A001_X3788_X9600,26,MEDIUM,7.848071971557075
uid___A001_X3788_X9600,28,MEDIUM,7.619690684444986
uid___A001_X3788_X9600,30,MEDIUM,8.725213996444769
uid___A001_X3788_X9604,24,MEDIUM,9.99681689600152
uid___A001_X3788_X9604,26,MEDIUM,8.90754143466797
uid___A001_X3788_X9604,28,MEDIUM,22.047027758221027
uid___A001_X3788_X9604,30,MEDIUM,16.875517457779406
uid___A001_X3788_X9608,24,MEDIUM,37.917021586665854
uid___A001_X3788_X9608,26,MEDIUM,8.177615546666667
uid___A001_X3788_X9608,28,MEDIUM,29.77782279733317
uid___A001_X3788_X9608,30,MEDIUM,9.06289560266683
uid___A001_X3788_X960c,24,MEDIUM,21.269978901334095
uid___A001_X3788_X960c,26,MEDIUM,9.912976053333333
uid___A001_X3788_X960c,28,MEDIUM,9.46146016355523
uid___A001_X3788_X960c,30,MEDIUM,12.578017969778646
uid___A001_X3788_X9610,24,MEDIUM,36.822199125332034
uid___A001_X3788_X9610,26,MEDIUM,16.249039743997397
uid___A001_X3788_X9610,28,MEDIUM,12.134294783995768
uid___A001_X3788_X9610,30,MEDIUM,13.853048085333658
uid___A001_X3788_X961f,5,CONT,14.050481949996948
uid___A001_X3788_X961f,7,CONT,14.831788339996338
uid___A001_X3788_X961f,9,CONT,14.05015415
uid___A001_X3788_X961f,11,CONT,14.050100800000001
uid___A001_X3788_X962f,17,CONT,14.837062849999999
uid___A001_X3788_X962f,19,CONT,14.055484754998778
uid___A001_X3788_X962f,21,CONT,14.83711517000122
uid___A001_X3788_X962f,23,CONT,14.836745660003661
uid___A001_X3788_X962f,25,CONT,26.554797170001223
uid___A001_X3788_X962f,27,CONT,22.647653829998777
uid___A001_X3788_X962f,29,CONT,14.0559099
uid___A001_X3788_X962f,31,CONT,14.83664156499634
uid___A001_X3788_X9636,25,COARSE,16.66048
uid___A001_X3788_X9636,27,COARSE,17.49387097599935
uid___A001_X3788_X9636,29,COARSE,72.70629602133464
uid___A001_X3788_X9636,31,COARSE,15.410346058666994
uid___A001_X3788_X9700,17,CONT,14.360366875625038
uid___A001_X3788_X9700,23,CONT,16.99673432750015
uid___A001_X3788_X9700,25,MEDIUM,10.487033736001791
uid___A001_X3788_X9700,27,MEDIUM,13.939222225333253
uid___A001_X3788_X9700,29,MEDIUM,7.085522358666789
uid___A001_X3788_X9703,17,CONT,14.497123450500183
uid___A001_X3788_X9703,23,CONT,14.965558551249847
uid___A001_X3788_X9703,25,MEDIUM,17.714786261332844
uid___A001_X3788_X9703,27,MEDIUM,16.12350818560026
uid___A001_X3788_X9703,29,MEDIUM,9.80365386079964
uid___A001_X3788_X9706,17,CONT,14.130170336600036
uid___A001_X3788_X9706,23,CONT,15.692330852200012
uid___A001_X3788_X9706,25,MEDIUM,16.86268562730664
uid___A001_X3788_X9706,27,MEDIUM,6.5754212125869795
uid___A001_X3788_X9706,29,MEDIUM,11.427440408320052
uid___A001_X3788_X9709,17,CONT,14.69212254
uid___A001_X3788_X9709,23,CONT,14.691999317999265
uid___A001_X3788_X9709,25,MEDIUM,5.116684520532553
uid___A001_X3788_X9709,27,MEDIUM,13.250618717866535
uid___A001_X3788_X9709,29,MEDIUM,3.767037421866536
uid___A001_X3788_X970c,17,CONT,13.288530698125268
uid___A001_X3788_X970c,23,CONT,13.288332216250037
uid___A001_X3788_X970c,25,MEDIUM,15.492865655999754
uid___A001_X3788_X970c,27,MEDIUM,7.0541738426664224
uid___A001_X3788_X970c,29,MEDIUM,4.724929298667399
uid___A001_X3788_X970f,17,CONT,14.06670819447383
uid___A001_X3788_X970f,23,CONT,21.837636404999582
uid___A001_X3788_X970f,25,MEDIUM,6.5354210352278646
uid___A001_X3788_X970f,27,MEDIUM,11.437956086456106
uid___A001_X3788_X970f,29,MEDIUM,15.027908761262848
uid___A001_X3788_X9712,17,CONT,13.288211087500002
uid___A001_X3788_X9712,23,CONT,13.288170295000457
uid___A001_X3788_X9712,25,MEDIUM,3.1616153439990233
uid___A001_X3788_X9712,27,MEDIUM,8.169883685333659
uid___A001_X3788_X9712,29,MEDIUM,7.806795434665527
uid___A001_X3788_X9715,17,CONT,13.28842621937523
uid___A001_X3788_X9715,23,CONT,13.288310710000037
uid___A001_X3788_X9715,25,MEDIUM,7.551873358666178
uid___A001_X3788_X9715,27,MEDIUM,4.840692069333496
uid___A001_X3788_X9715,29,MEDIUM,12.496796573333944
uid___A001_X3788_X9718,17,CONT,14.849644719999693
uid___A001_X3788_X9718,23,CONT,14.849625099999999
uid___A001_X3788_X9718,25,MEDIUM,2.834913791998698
uid___A001_X3788_X9718,27,MEDIUM,4.300444170667317
uid___A001_X3788_X9718,29,MEDIUM,12.401432128001302
uid___A001_X3788_X971b,17,CONT,13.283166177142553
uid___A001_X3788_X971b,23,CONT,13.283048675713893
uid___A001_X3788_X971b,25,MEDIUM,3.252962128762091
uid___A001_X3788_X971b,27,MEDIUM,15.661567204569845
uid___A001_X3788_X971b,29,MEDIUM,19.987292514286644
uid___A001_X3788_X971e,17,CONT,13.415745034166719
uid___A001_X3788_X971e,23,CONT,13.415628342500305
uid___A001_X3788_X971e,25,MEDIUM,7.34168132444553
uid___A001_X3788_X971e,27,MEDIUM,13.684976076444228
uid___A001_X3788_X971e,29,MEDIUM,19.458381277333984
uid___A001_X3788_X9721,17,CONT,13.286987589999388
uid___A001_X3788_X9721,23,CONT,13.286960949998475
uid___A001_X3788_X9721,25,MEDIUM,2.1594588800000003
uid___A001_X3788_X9721,27,MEDIUM,12.894978314667968
uid___A001_X3788_X9721,29,MEDIUM,12.165043541333008
uid___A001_X3788_X9724,17,CONT,13.485596022499466
uid___A001_X3788_X9724,23,CONT,13.29021200125084
uid___A001_X3788_X9724,25,MEDIUM,11.941245042667644
uid___A001_X3788_X9724,27,MEDIUM,13.749864072000326
uid___A001_X3788_X9724,29,MEDIUM,10.627916864000245
uid___A001_X3788_X9727,17,CONT,13.28730879624901
uid___A001_X3788_X9727,23,CONT,13.287207369999694
uid___A001_X3788_X9727,25,MEDIUM,22.306937695998535
uid___A001_X3788_X9727,27,MEDIUM,2.863510570666504
uid___A001_X3788_X9727,29,MEDIUM,4.162955914666341
uid___A001_X3788_X972a,17,CONT,13.285462117000732
uid___A001_X3788_X972a,23,CONT,13.285342903000489
uid___A001_X3788_X972a,25,MEDIUM,6.111188328532552
uid___A001_X3788_X972a,27,MEDIUM,4.742780895998698
uid___A001_X3788_X972a,29,MEDIUM,8.127959303466472
uid___A001_X3788_X972d,17,CONT,13.286212393750763
uid___A001_X3788_X972d,23,CONT,13.286120263750457
uid___A001_X3788_X972d,25,MEDIUM,2.632239109333496
uid___A001_X3788_X972d,27,MEDIUM,18.315756589335937
uid___A001_X3788_X972d,29,MEDIUM,9.676675722667238
uid___A001_X3788_X9730,17,CONT,13.285422648570687
uid___A001_X3788_X9730,23,CONT,18.530658354285105
uid___A001_X3788_X9730,25,MEDIUM,22.072566812954797
uid___A001_X3788_X9730,27,MEDIUM,5.071750026666667
uid___A001_X3788_X9730,29,MEDIUM,7.3623556594280135
uid___A001_X3788_X9733,17,CONT,18.5462499150001
uid___A001_X3788_X9733,23,CONT,20.368845790666505
uid___A001_X3788_X9733,25,MEDIUM,9.69103083662218
uid___A001_X3788_X9733,27,MEDIUM,6.862584691199435
uid___A001_X3788_X9733,29,MEDIUM,8.897390098133355
uid___A001_X3788_X9739,17,CONT,14.67621888888872
uid___A001_X3788_X9739,23,CONT,14.67599588833364
uid___A001_X3788_X9739,25,MEDIUM,11.127686289777921
uid___A001_X3788_X9739,27,MEDIUM,7.078456739555483
uid___A001_X3788_X9739,29,MEDIUM,5.3547769291854745
uid___A001_X3788_X973c,17,CONT,13.287185730000306
uid___A001_X3788_X973c,23,CONT,13.287160194999695
uid___A001_X3788_X973c,25,MEDIUM,2.9229083306673176
uid___A001_X3788_X973c,27,MEDIUM,3.0500001173339846
uid___A001_X3788_X973c,29,MEDIUM,1.306674485333659
uid___A001_X3788_X973f,17,CONT,14.058490500001525
uid___A001_X3788_X973f,23,CONT,13.27717518999939
uid___A001_X3788_X973f,25,MEDIUM,1.9332393706673179
uid___A001_X3788_X973f,27,MEDIUM,12.078816810667318
uid___A001_X3788_X973f,29,MEDIUM,12.39167356799642
uid___A001_X3788_X9745,17,CONT,13.283200686249923
uid___A001_X3788_X9745,23,CONT,20.900052426875114
uid___A001_X3788_X9745,25,MEDIUM,20.180861955999756
uid___A001_X3788_X9745,27,MEDIUM,10.25046434799886
uid___A001_X3788_X9745,29,MEDIUM,10.665563603333943
uid___A001_X3788_X9748,17,CONT,13.282105809999084
uid___A001_X3788_X9748,23,CONT,13.282098040000914
uid___A001_X3788_X9748,25,MEDIUM,1.6674814293359375
uid___A001_X3788_X9748,27,MEDIUM,3.6466306666666664
uid___A001_X3788_X9748,29,MEDIUM,0.938422624000651
uid___A001_X3788_X974b,17,CONT,13.284367573749922
uid___A001_X3788_X974b,23,CONT,13.284300417499542
uid___A001_X3788_X974b,25,MEDIUM,5.591584306665853
uid___A001_X3788_X974b,27,MEDIUM,19.896713234663086
uid___A001_X3788_X974b,29,MEDIUM,12.737473477332765
uid___A001_X3788_X974e,17,CONT,13.86466034312458
uid___A001_X3788_X974e,23,CONT,16.11064401124954
uid___A001_X3788_X974e,25,MEDIUM,13.601971555999755
uid___A001_X3788_X974e,27,MEDIUM,19.722125238667402
uid___A001_X3788_X974e,29,MEDIUM,11.676890553333333
uid___A001_X3788_X9754,17,CONT,25.781411599999494
uid___A001_X3788_X9754,23,CONT,13.281373579999798
uid___A001_X3788_X9754,25,MEDIUM,1.8052123306662327
uid___A001_X3788_X9754,27,MEDIUM,1.4927087751128472
uid___A001_X3788_X9754,29,MEDIUM,7.534813240888673
uid___A001_X3788_X9757,17,CONT,16.221009526154035
uid___A001_X3788_X9757,23,CONT,15.259220680384827
uid___A001_X3788_X9757,25,MEDIUM,15.024583211484874
uid___A001_X3788_X9757,27,MEDIUM,9.342967972922926
uid___A001_X3788_X9757,29,MEDIUM,11.408812675281201
uid___A001_X3788_X975a,17,CONT,13.284793232000428
uid___A001_X3788_X975a,23,CONT,13.284694441000061
uid___A001_X3788_X975a,25,MEDIUM,19.04061306453255
uid___A001_X3788_X975a,27,MEDIUM,2.2231641194661456
uid___A001_X3788_X975a,29,MEDIUM,7.9661115999990235
uid___A001_X3788_X975d,17,CONT,19.794826858332314
uid___A001_X3788_X975d,23,CONT,13.284622549999492
uid___A001_X3788_X975d,25,MEDIUM,22.344698421330293
uid___A001_X3788_X975d,27,MEDIUM,10.686568988446181
uid___A001_X3788_X975d,29,MEDIUM,26.751450623999023
uid___A001_X3788_X978d,5,CONT,14.07203755
uid___A001_X3788_X978d,7,CONT,14.0720029
uid___A001_X3788_X978d,9,CONT,14.07196935
uid___A001_X3788_X978d,11,CONT,25.789398625000764
uid___A001_X3788_X9791,5,CONT,14.071847244999693
uid___A001_X3788_X9791,7,CONT,14.07181865
uid___A001_X3788_X9791,9,CONT,14.07179115
uid___A001_X3788_X9791,11,CONT,14.071762549999619
uid___A001_X3788_X97c9,16,CONT,13.268242465000151
uid___A001_X3788_X97c9,18,CONT,13.26822248500061
uid___A001_X3788_X97c9,20,CONT,13.268100385000611
uid___A001_X3788_X97c9,24,COARSE,35.61522406400065
uid___A001_X3788_X97cd,16,CONT,13.290933084999084
uid___A001_X3788_X97cd,18,CONT,13.290915325
uid___A001_X3788_X97cd,20,CONT,13.29081653500061
uid___A001_X3788_X97cd,24,COARSE,64.1706130346696
uid___A001_X3788_X97d5,16,CONT,13.268819109999846
uid___A001_X3788_X97d5,20,CONT,13.268649834999085
uid___A001_X3788_X97d5,22,CONT,13.26862486000061
uid___A001_X3788_X97d5,24,COARSE,19.363420960000813
uid___A001_X3788_X97d9,8,CONT,13.268003815000915
uid___A001_X3788_X97d9,15,CONT,13.2681964
uid___A001_X3788_X97d9,20,CONT,13.267974399999998
uid___A001_X3788_X97d9,22,COARSE,32.90654813866781
uid___A001_X3788_X97dd,18,CONT,14.0505397
uid___A001_X3788_X97dd,20,CONT,14.83180905
uid___A001_X3788_X97dd,22,CONT,14.831797059999086
uid___A001_X3788_X97dd,24,COARSE,22.48922489599935
uid___A001_X3788_X97e5,16,CONT,13.267551490000914
uid___A001_X3788_X97e5,18,CONT,13.26753095499878
uid___A001_X3788_X97e5,22,CONT,13.267377775
uid___A001_X3788_X97e5,24,COARSE,47.9083453333317
uid___A001_X3788_X97e9,8,CONT,13.272512634999083
uid___A001_X3788_X97e9,17,CONT,13.272679690000915
uid___A001_X3788_X97e9,20,CONT,13.27248543999939
uid___A001_X3788_X97e9,22,COARSE,37.07713226666992
uid___A001_X3788_X97ed,16,CONT,13.275523509999848
uid___A001_X3788_X97ed,20,CONT,13.27538476000061
uid___A001_X3788_X97ed,22,CONT,13.275367554998779
uid___A001_X3788_X97ed,24,COARSE,19.36965836800049
uid___A001_X3788_X97f1,16,CONT,14.849136235000609
uid___A001_X3788_X97f1,20,CONT,14.8490256
uid___A001_X3788_X97f1,22,CONT,14.849011975000002
uid___A001_X3788_X97f1,24,COARSE,35.42074048000081
uid___A001_X3788_X97f5,16,CONT,13.268193069999695
uid___A001_X3788_X97f5,20,CONT,13.268023240000915
uid___A001_X3788_X97f5,22,CONT,13.268001594999696
uid___A001_X3788_X97f5,24,COARSE,48.11717675200276
uid___A001_X3788_X97f9,18,CONT,13.286261649998474
uid___A001_X3788_X97f9,20,CONT,13.286103480000305
uid___A001_X3788_X97f9,22,CONT,13.286076834999083
uid___A001_X3788_X97f9,24,COARSE,41.253409567999675
uid___A001_X3788_X97fd,16,CONT,13.28977091499939
uid___A001_X3788_X97fd,18,CONT,13.289755930001832
uid___A001_X3788_X97fd,22,CONT,13.289623840000916
uid___A001_X3788_X97fd,24,COARSE,54.5877270506722
uid___A001_X3788_X9801,16,CONT,14.842545005000304
uid___A001_X3788_X9801,18,CONT,14.84253083500061
uid___A001_X3788_X9801,22,CONT,14.842407119999695
uid___A001_X3788_X9801,24,COARSE,41.24908256
uid___A001_X3788_X9805,4,CONT,13.291417599999999
uid___A001_X3788_X9805,10,CONT,13.291264975
uid___A001_X3788_X9805,17,CONT,13.291281625001524
uid___A001_X3788_X9805,20,COARSE,35.64472736533203
uid___A001_X3788_X9809,16,CONT,31.246358120001982
uid___A001_X3788_X9809,20,CONT,14.05784755
uid___A001_X3788_X9809,22,CONT,14.83912731000061
uid___A001_X3788_X9809,24,COARSE,38.95509079466716
uid___A001_X3788_X980d,16,CONT,19.52312896499939
uid___A001_X3788_X980d,20,CONT,13.27236222999878
uid___A001_X3788_X980d,22,CONT,13.272345025000002
uid___A001_X3788_X980d,24,COARSE,31.243047999999185
uid___A001_X3788_X9813,17,CONT,15.621308560003664
uid___A001_X3788_X9813,19,CONT,31.247096000000003
uid___A001_X3788_X9813,25,COARSE,19.986285055989583
uid___A001_X3788_X9813,27,COARSE,33.32188117334635
uid___A001_X3788_X9829,25,MEDIUM,2.8980879111111113
uid___A001_X3788_X9829,27,MEDIUM,13.56459847111274
uid___A001_X3788_X9829,29,FINE,53.286544668472224
uid___A001_X3788_X9829,31,MEDIUM,17.555433747555337
uid___A001_X3788_X982e,25,MEDIUM,13.17481836266927
uid___A001_X3788_X982e,27,MEDIUM,11.8726928
uid___A001_X3788_X982e,29,FINE,15.09821260796875
uid___A001_X3788_X982e,31,MEDIUM,33.95657794133626
uid___A001_X3788_X9831,25,MEDIUM,0.8792048213346355
uid___A001_X3788_X9831,27,MEDIUM,0.6264454239990235
uid___A001_X3788_X9831,29,FINE,39.860181845312496
uid___A001_X3788_X9831,31,MEDIUM,32.13099433600098
uid___A001_X3788_X9833,25,MEDIUM,1.377170645333659
uid___A001_X3788_X9833,27,MEDIUM,11.907859141333008
uid___A001_X3788_X9833,29,FINE,41.68942344528646
uid___A001_X3788_X9833,31,MEDIUM,11.189535973333333
uid___A001_X3788_X9839,25,MEDIUM,1.9234520000000002
uid___A001_X3788_X9839,27,MEDIUM,4.015203162666016
uid___A001_X3788_X9839,29,FINE,26.574335658645833
uid___A001_X3788_X9839,31,MEDIUM,11.309763775999349
uid___A001_X3788_X983d,25,MEDIUM,1.2035169973323567
uid___A001_X3788_X983d,27,MEDIUM,14.024276597333984
uid___A001_X3788_X983d,29,FINE,50.4611037013802
uid___A001_X3788_X983d,31,MEDIUM,22.28536100266276
uid___A001_X3788_X983f,25,MEDIUM,0.77676904
uid___A001_X3788_X983f,27,MEDIUM,3.58869689066569
uid___A001_X3788_X983f,29,FINE,59.78644104533855
uid___A001_X3788_X983f,31,MEDIUM,22.9131424
uid___A001_X3788_X9843,25,MEDIUM,49.39519502399089
uid___A001_X3788_X9843,27,MEDIUM,32.52675139200033
uid___A001_X3788_X9843,29,FINE,62.12725478401042
uid___A001_X3788_X9843,31,MEDIUM,23.867621797332355
uid___A001_X3788_X9846,25,MEDIUM,11.099058522667644
uid___A001_X3788_X9846,27,MEDIUM,1.9376330933333334
uid___A001_X3788_X9846,29,FINE,64.03837764265626
uid___A001_X3788_X9846,31,MEDIUM,33.016831541333005
uid___A001_X3788_X9849,25,MEDIUM,11.300905882667642
uid___A001_X3788_X9849,27,MEDIUM,1.6653668693326824
uid___A001_X3788_X9849,29,FINE,15.87179707734375
uid___A001_X3788_X9849,31,MEDIUM,24.00936167466634
uid___A001_X3788_X984f,25,MEDIUM,18.034739936000975
uid___A001_X3788_X984f,27,MEDIUM,1.5843178346663414
uid___A001_X3788_X984f,29,FINE,29.52123545598958
uid___A001_X3788_X984f,31,MEDIUM,28.06482988266764
uid___A001_X3788_X9942,16,COARSE,4.16544736
uid___A001_X3788_X9942,18,COARSE,3.748745823999837
uid___A001_X3788_X9942,20,COARSE,10.207138026666666
uid___A001_X3788_X9942,22,COARSE,3.12368064
uid___A001_X3788_X9946,16,COARSE,4.578758218666585
uid___A001_X3788_X9946,18,COARSE,2.49530752
uid___A001_X3788_X9946,20,COARSE,2.2869491520003256
uid___A001_X3788_X9946,22,COARSE,3.745335648000082
uid___A001_X3788_X994a,16,COARSE,3.75186032
uid___A001_X3788_X994a,18,COARSE,3.9601527466670734
uid___A001_X3788_X994a,20,COARSE,4.585101823999837
uid___A001_X3788_X994a,22,COARSE,3.5434149546671545
uid___A001_X3788_X994e,16,COARSE,6.66315195733317
uid___A001_X3788_X994e,18,COARSE,4.99640064
uid___A001_X3788_X994e,20,COARSE,3.121307279999593
uid___A001_X3788_X994e,22,COARSE,2.2879196693330894
uid___A001_X3788_X9956,16,COARSE,2.4875973760001626
uid___A001_X3788_X9956,18,COARSE,2.2792025226664228
uid___A001_X3788_X9956,20,COARSE,3.3209674240002443
uid___A001_X3788_X9956,22,COARSE,5.612893424000244
uid___A001_X3788_X995a,16,COARSE,3.3230411946663407
uid___A001_X3788_X995a,18,COARSE,2.6979497439998372
uid___A001_X3788_X995a,20,COARSE,4.364767360000407
uid___A001_X3788_X995a,22,COARSE,2.489541759999593
uid___A001_X3788_X995e,17,COARSE,2.5119733119999186
uid___A001_X3788_X995e,19,COARSE,2.9285689280000815
uid___A001_X3788_X995e,21,COARSE,2.928551530666911
uid___A001_X3788_X995e,23,COARSE,4.803302495999756
uid___A001_X3788_X9960,17,COARSE,2.5089207039998374
uid___A001_X3788_X9960,19,COARSE,4.1754299733329265
uid___A001_X3788_X9960,21,COARSE,3.5504821866666667
uid___A001_X3788_X9960,23,COARSE,2.9255343360001627
uid___A001_X3788_X9964,17,COARSE,3.3242513066666666
uid___A001_X3788_X9964,19,COARSE,3.9493001919999187
uid___A001_X3788_X9964,21,COARSE,2.282469263999837
uid___A001_X3788_X9964,23,COARSE,1.8657533280000815
uid___A001_X3788_X996a,21,COARSE,1.8640049759997561
uid___A001_X3788_X996a,23,COARSE,4.155903893333333
uid___A001_X3788_X996a,25,COARSE,3.7391633280000813
uid___A001_X3788_X996a,27,COARSE,2.280638288000488
uid___A001_X3788_X996c,21,COARSE,4.782229311999918
uid___A001_X3788_X996c,23,COARSE,4.365511552000326
uid___A001_X3788_X996c,25,COARSE,7.074101728000082
uid___A001_X3788_X996c,27,COARSE,1.8652408853336588
uid___A001_X3788_X9970,17,COARSE,3.5299817813330083
uid___A001_X3788_X9970,19,COARSE,2.696535045333252
uid___A001_X3788_X9970,21,COARSE,3.5299595573331706
uid___A001_X3788_X9970,23,COARSE,3.113229919999593
uid___A001_X3788_X9976,17,COARSE,2.0752769066666668
uid___A001_X3788_X9976,19,COARSE,4.575472831999919
uid___A001_X3788_X9976,21,COARSE,2.07525685333374
uid___A001_X3788_X9976,23,COARSE,2.283597365333252
uid___A001_X3788_X9978,17,COARSE,3.328864085333252
uid___A001_X3788_X9978,19,COARSE,4.162231040000407
uid___A001_X3788_X9978,21,COARSE,2.07879877333374
uid___A001_X3788_X9978,23,COARSE,2.9121682133337403
uid___A001_X3788_X997c,17,COARSE,3.9604256586669924
uid___A001_X3788_X997c,19,COARSE,2.71043794666626
uid___A001_X3788_X997c,21,COARSE,6.04368714666626
uid___A001_X3788_X997c,23,COARSE,3.335397205333252
uid___A001_X3788_X997e,17,COARSE,5.214630533333333
uid___A001_X3788_X997e,19,COARSE,3.1314331199999996
uid___A001_X3788_X997e,21,COARSE,4.589664725332844
uid___A001_X3788_X997e,23,COARSE,4.173023253333334
uid___A001_X3788_X9982,21,COARSE,4.992616447999675
uid___A001_X3788_X9982,23,COARSE,4.784262048000081
uid___A001_X3788_X9982,25,COARSE,2.7007641973331706
uid___A001_X3788_X9982,27,COARSE,4.3675556319999185
uid___A001_X3788_X9a11,23,CONT,14.84045983500061
uid___A001_X3788_X9a11,25,MEDIUM,4.16291584
uid___A001_X3788_X9a11,27,MEDIUM,13.08501032533203
uid___A001_X3788_X9a11,29,MEDIUM,18.225950346666668
uid___A001_X3788_X9a11,31,MEDIUM,26.620161514671224
uid___A001_X3788_X9a13,22,CONT,15.619747959999083
uid___A001_X3788_X9a13,24,MEDIUM,6.896822911998698
uid___A001_X3788_X9a13,26,MEDIUM,16.51296969599935
uid___A001_X3788_X9a13,28,MEDIUM,66.72973425066407
uid___A001_X3788_X9a13,30,MEDIUM,29.287567370660806
uid___A001_X3788_X9a19,23,CONT,15.621174094999695
uid___A001_X3788_X9a19,25,MEDIUM,40.30974118399902
uid___A001_X3788_X9a19,27,MEDIUM,39.788884224000654
uid___A001_X3788_X9a19,29,MEDIUM,42.49734041600261
uid___A001_X3788_X9a19,31,MEDIUM,55.53720693333659
uid___A001_X3788_X9a1b,22,CONT,15.620021739999391
uid___A001_X3788_X9a1b,24,MEDIUM,13.424241866666668
uid___A001_X3788_X9a1b,26,MEDIUM,34.15094600533203
uid___A001_X3788_X9a1b,28,MEDIUM,38.73930716799805
uid___A001_X3788_X9a1b,30,MEDIUM,47.755385290664066
uid___A001_X3788_X9a21,23,CONT,14.840376450001525
uid___A001_X3788_X9a21,25,MEDIUM,11.446364090667318
uid___A001_X3788_X9a21,27,MEDIUM,25.309489024000655
uid___A001_X3788_X9a21,29,MEDIUM,61.34294685866536
uid___A001_X3788_X9a21,31,MEDIUM,63.9377259519987
uid___A001_X3788_X9a23,22,CONT,15.618956319999693
uid___A001_X3788_X9a23,24,MEDIUM,11.170490229332684
uid___A001_X3788_X9a23,26,MEDIUM,34.54203480533204
uid___A001_X3788_X9a23,28,MEDIUM,40.82871389866862
uid___A001_X3788_X9a23,30,MEDIUM,45.55663896533529
uid___A001_X3788_X9a29,23,CONT,23.434450240000913
uid___A001_X3788_X9a29,25,MEDIUM,12.698811370667318
uid___A001_X3788_X9a29,27,MEDIUM,15.72575865599935
uid___A001_X3788_X9a29,29,MEDIUM,35.72175116799479
uid___A001_X3788_X9a29,31,MEDIUM,68.748704
uid___A001_X3788_X9a2b,22,CONT,15.61986136000061
uid___A001_X3788_X9a2b,24,MEDIUM,9.004858922667642
uid___A001_X3788_X9a2b,26,MEDIUM,2.3893255786686196
uid___A001_X3788_X9a2b,28,MEDIUM,17.533811722666016
uid___A001_X3788_X9a2b,30,MEDIUM,35.354601045335286
uid___A001_X3788_X9a34,25,FINE,4.008833528451639
uid___A001_X3788_X9a34,27,FINE,30.273337452090583
uid___A001_X3788_X9a34,29,MEDIUM,12.054018869333497
uid___A001_X3788_X9a34,31,FINE,11.587101195009584
uid___A001_X3788_X9a42,17,CONT,14.05243005
uid___A001_X3788_X9a42,21,CONT,34.36717036000061
uid___A001_X3788_X9a42,23,CONT,21.084309530000304
uid___A001_X3788_X9a42,25,COARSE,32.48908854400065
uid___A001_X3788_X9a48,13,CONT,22.325121634857265
uid___A001_X3788_X9a48,15,CONT,22.70457910257137
uid___A001_X3788_X9a48,17,CONT,22.994786933214243
uid___A001_X3788_X9a48,19,CONT,23.775927282928556
uid___A001_X3788_X9aa0,19,CONT,27.33520934500122
uid___A001_X3788_X9aa0,21,CONT,14.052229299999999
uid___A001_X3788_X9aa0,25,FINE,50.47471865626091
uid___A001_X3788_X9aa0,27,FINE,63.67480006417061
uid___A001_X3788_X9bc5,25,MEDIUM,17.340897215999348
uid___A001_X3788_X9bc5,27,MEDIUM,11.559451263999025
uid___A001_X3788_X9bc5,29,FINE,41.562725919807214
uid___A001_X3788_X9bc5,31,MEDIUM,60.363168421334635
uid___A001_X3788_X9bd4,20,COARSE,11.809231178666177
uid___A001_X3788_X9bd4,22,COARSE,12.694757930666098
uid___A001_X3788_X9bd4,24,COARSE,1.39090336
uid___A001_X3788_X9bd4,26,COARSE,11.861250367999675
uid___A001_X3788_X9bd8,20,COARSE,1.5151963413334146
uid___A001_X3788_X9bd8,22,COARSE,1.619327674666748
uid___A001_X3788_X9bd8,24,COARSE,1.2547418880000814
uid___A001_X3788_X9bd8,26,COARSE,0.9422367680000814
uid___A001_X3788_X9bdc,20,COARSE,12.020064911999919
uid___A001_X3788_X9bdc,22,COARSE,54.5775199573348
uid___A001_X3788_X9bdc,24,COARSE,62.911895381333416
uid___A001_X3788_X9bdc,26,COARSE,99.63531894933308
uid___A001_X3788_X9be0,20,COARSE,23.07447244266683
uid___A001_X3788_X9be0,22,COARSE,51.09471542400106
uid___A001_X3788_X9be0,24,COARSE,72.34427086400106
uid___A001_X3788_X9be0,26,COARSE,1.0436522666666666
uid___A001_X3788_X9c4f,7,CONT,13.276662924999998
uid___A001_X3788_X9c4f,11,CONT,13.276662924999998
uid___A001_X3788_X9c4f,15,CONT,13.276662924999998
uid___A001_X3788_X9c4f,18,CONT,15.620536900000001
uid___A001_X3788_X9c52,7,CONT,13.276634065000154
uid___A001_X3788_X9c52,11,CONT,29.6837533
uid___A001_X3788_X9c52,15,CONT,13.27663628499985
uid___A001_X3788_X9c52,18,CONT,20.308255780000305
uid___A001_X3788_X9c55,7,CONT,13.276821654999923
uid___A001_X3788_X9c55,11,CONT,13.276821655000306
uid___A001_X3788_X9c55,15,CONT,22.652300395000076
uid___A001_X3788_X9c55,18,CONT,28.121329659999468
uid___A001_X3788_X9c5e,7,CONT,13.27658133999977
uid___A001_X3788_X9c5e,11,CONT,13.27658134000015
uid___A001_X3788_X9c5e,15,CONT,21.8707945
uid___A001_X3788_X9c5e,18,CONT,13.27658134000015
uid___A001_X3788_X9c67,7,CONT,24.996371679999925
uid___A001_X3788_X9c67,11,CONT,13.277054755000306
uid___A001_X3788_X9c67,15,CONT,13.277054754999924
uid___A001_X3788_X9c67,18,CONT,13.277054755000306
uid___A001_X3788_X9c6d,7,CONT,19.527065109999846
uid___A001_X3788_X9c6d,11,CONT,14.839321329999924
uid___A001_X3788_X9c6d,15,CONT,14.839321875
uid___A001_X3788_X9c6d,18,CONT,14.839321329999924
uid___A001_X3788_X9c73,7,CONT,13.276541934999846
uid___A001_X3788_X9c73,11,CONT,13.276541934999846
uid___A001_X3788_X9c73,15,CONT,13.27654193500023
uid___A001_X3788_X9c73,18,CONT,13.27654193500023
uid___A001_X3788_X9c79,7,CONT,13.276544154999922
uid___A001_X3788_X9c79,11,CONT,13.276544155000305
uid___A001_X3788_X9c79,15,CONT,13.276544154999922
uid___A001_X3788_X9c79,18,CONT,13.276544154999922
uid___A001_X3788_X9c7f,7,CONT,13.276333809999846
uid___A001_X3788_X9c7f,11,CONT,13.276333254999923
uid___A001_X3788_X9c7f,15,CONT,13.276333809999846
uid___A001_X3788_X9c7f,18,CONT,13.27633381000023
uid___A001_X3788_X9c82,7,CONT,13.27639263999977
uid___A001_X3788_X9c82,11,CONT,13.27639263999977
uid___A001_X3788_X9c82,15,CONT,17.182861439999773
uid___A001_X3788_X9c82,18,CONT,13.27639263999977
uid___A001_X3788_X9c85,7,CONT,25.77737685
uid___A001_X3788_X9c85,11,CONT,13.276721199999999
uid___A001_X3788_X9c85,15,CONT,13.276725640000153
uid___A001_X3788_X9c85,18,CONT,13.276722865000535
uid___A001_X3788_X9c88,7,CONT,14.839284270000078
uid___A001_X3788_X9c88,11,CONT,13.276702330000306
uid___A001_X3788_X9c88,15,CONT,13.276702330000306
uid___A001_X3788_X9c88,18,CONT,23.433484939999772
uid___A001_X3788_X9c8b,7,CONT,13.276828869999695
uid___A001_X3788_X9c8b,11,CONT,13.276828869999695
uid___A001_X3788_X9c8b,15,CONT,24.214886490000534
uid___A001_X3788_X9c8b,18,CONT,13.276828869999695
uid___A001_X3788_X9c91,7,CONT,13.276891584999847
uid___A001_X3788_X9c91,11,CONT,13.276891585000229
uid___A001_X3788_X9c91,15,CONT,13.276891585000229
uid___A001_X3788_X9c91,18,CONT,13.276891584999847
uid___A001_X3788_X9c94,7,CONT,13.276821654999923
uid___A001_X3788_X9c94,11,CONT,23.43359028999977
uid___A001_X3788_X9c94,15,CONT,13.276821654999923
uid___A001_X3788_X9c94,18,CONT,57.029055775
uid___A001_X3788_X9cac,7,CONT,18.74630539999962
uid___A001_X3788_X9cac,11,CONT,28.121731699999618
uid___A001_X3788_X9cac,15,CONT,13.277306724999999
uid___A001_X3788_X9cac,18,CONT,13.277306724999999
uid___A001_X3788_X9cb5,7,CONT,22.65275035
uid___A001_X3788_X9cb5,11,CONT,13.277325595000075
uid___A001_X3788_X9cb5,15,CONT,13.277326149999999
uid___A001_X3788_X9cb5,18,CONT,18.746323080000305
uid___A001_X3788_X9cd6,17,MEDIUM,2.4972244479980468
uid___A001_X3788_X9cd6,19,MEDIUM,1.6638422186686197
uid___A001_X3788_X9cd6,21,MEDIUM,1.767881114667969
uid___A001_X3788_X9cd6,23,MEDIUM,12.809857311998698
uid___A001_X3788_X9cda,17,MEDIUM,1.55985904
uid___A001_X3788_X9cda,19,MEDIUM,1.7681728159993488
uid___A001_X3788_X9cda,21,MEDIUM,29.998010880003257
uid___A001_X3788_X9cda,23,MEDIUM,1.7680169066666669
uid___A001_X3788_X9ce2,17,MEDIUM,1.7655676213346354
uid___A001_X3788_X9ce2,19,MEDIUM,2.598920693330078
uid___A001_X3788_X9ce2,21,MEDIUM,2.2862587840006507
uid___A001_X3788_X9ce2,23,MEDIUM,1.3486816426660155
uid___A001_X3788_X9ce6,17,MEDIUM,1.8698863466666666
uid___A001_X3788_X9ce6,19,MEDIUM,18.125174426669922
uid___A001_X3788_X9ce6,21,MEDIUM,2.5280860106673178
uid___A001_X3788_X9ce6,23,MEDIUM,42.187843360009765
uid___A001_X3788_X9cea,17,MEDIUM,1.2487422666666665
uid___A001_X3788_X9cea,19,MEDIUM,2.292927338662109
uid___A001_X3788_X9cea,21,MEDIUM,1.2746755626660156
uid___A001_X3788_X9cea,23,MEDIUM,1.5913911093326822
uid___A001_X3788_X9cee,17,MEDIUM,1.8318923466666668
uid___A001_X3788_X9cee,19,MEDIUM,1.9436656533333332
uid___A001_X3788_X9cee,21,MEDIUM,2.191064704000651
uid___A001_X3788_X9cee,23,MEDIUM,1.7820053280013022
uid___A001_X3788_X9cf2,17,MEDIUM,2.26508346133138
uid___A001_X3788_X9cf2,19,MEDIUM,2.3799654986653644
uid___A001_X3788_X9cf2,21,MEDIUM,2.4350210453352865
uid___A001_X3788_X9cf2,23,MEDIUM,13.486721770667318
uid___A001_X3788_X9cf6,17,MEDIUM,2.3478195359993492
uid___A001_X3788_X9cf6,19,MEDIUM,13.295805514664712
uid___A001_X3788_X9cf6,21,MEDIUM,2.833179706666667
uid___A001_X3788_X9cf6,23,MEDIUM,47.42485685867513
uid___A001_X3788_X9cfa,17,MEDIUM,2.878593215999349
uid___A001_X3788_X9cfa,19,MEDIUM,3.51541368
uid___A001_X3788_X9cfa,21,MEDIUM,2.847211370667318
uid___A001_X3788_X9cfa,23,MEDIUM,2.6507637866666665
uid___A001_X3788_X9cfe,17,MEDIUM,12.194037184000651
uid___A001_X3788_X9cfe,19,MEDIUM,2.6186488906640624
uid___A001_X3788_X9cfe,21,MEDIUM,43.50493565333659
uid___A001_X3788_X9cfe,23,MEDIUM,32.474986234667966
uid___A001_X3788_X9d02,17,MEDIUM,2.4834920853352864
uid___A001_X3788_X9d02,19,MEDIUM,2.911516111998698
uid___A001_X3788_X9d02,21,MEDIUM,2.969967274667969
uid___A001_X3788_X9d02,23,MEDIUM,2.877196671998698
uid___A001_X3788_X9d06,17,MEDIUM,42.6945931039974
uid___A001_X3788_X9d06,19,MEDIUM,3.334186906666667
uid___A001_X3788_X9d06,21,MEDIUM,3.288660688001302
uid___A001_X3788_X9d06,23,MEDIUM,2.5709764853320314
uid___A001_X3788_X9d0a,17,MEDIUM,15.037665642669271
uid___A001_X3788_X9d0a,19,MEDIUM,2.4463004319986976
uid___A001_X3788_X9d0a,21,MEDIUM,2.714717797330729
uid___A001_X3788_X9d0a,23,MEDIUM,2.6222683519986982
uid___A001_X3788_X9d0e,17,MEDIUM,2.5026158933333336
uid___A001_X3788_X9d0e,19,MEDIUM,2.722433237333984
uid___A001_X3788_X9d0e,21,MEDIUM,14.343028239999999
uid___A001_X3788_X9d0e,23,MEDIUM,2.480476933333333
uid___A001_X3788_X9d12,17,MEDIUM,3.4445699199999997
uid___A001_X3788_X9d12,19,MEDIUM,3.548714144003906
uid___A001_X3788_X9d12,21,MEDIUM,3.4729934719986977
uid___A001_X3788_X9d12,23,MEDIUM,3.171809567998047
uid___A001_X3788_X9d16,17,MEDIUM,1.3519746773339845
uid___A001_X3788_X9d16,19,MEDIUM,12.49804224
uid___A001_X3788_X9d16,21,MEDIUM,2.393569541334635
uid___A001_X3788_X9d16,23,MEDIUM,1.8727090559993491
uid___A001_X3788_X9d1a,17,MEDIUM,1.9784239093359375
uid___A001_X3788_X9d1a,19,MEDIUM,2.0825713013346356
uid___A001_X3788_X9d1a,21,MEDIUM,2.4991613493326823
uid___A001_X3788_X9d1a,23,MEDIUM,1.3532979466634114
uid___A001_X3788_X9d1e,17,MEDIUM,2.1854266879980466
uid___A001_X3788_X9d1e,19,MEDIUM,1.8728999733333334
uid___A001_X3788_X9d1e,21,MEDIUM,2.2894654933333336
uid___A001_X3788_X9d1e,23,MEDIUM,2.2894454826660153
uid___A001_X3788_X9d22,17,MEDIUM,1.9707553813378904
uid___A001_X3788_X9d22,19,MEDIUM,13.638405493330078
uid___A001_X3788_X9d22,21,MEDIUM,43.97022952532552
uid___A001_X3788_X9d22,23,MEDIUM,12.700717589332683
uid___A001_X3788_X9d53,19,CONT,13.28140595
uid___A001_X3788_X9d53,21,CONT,13.281339355001831
uid___A001_X3788_X9d53,23,CONT,13.2813277
uid___A001_X3788_X9d53,25,COARSE,39.27095148799805
uid___A001_X3788_X9d65,17,CONT,13.276160094999694
uid___A001_X3788_X9d65,21,CONT,13.276107925
uid___A001_X3788_X9d65,23,CONT,13.276098489999388
uid___A001_X3788_X9d65,25,COARSE,88.95768433066732
uid___A001_X3788_X9d6b,17,CONT,13.288955064997864
uid___A001_X3788_X9d6b,21,CONT,30.474800219999693
uid___A001_X3788_X9d6b,23,CONT,22.662955269999696
uid___A001_X3788_X9d6b,25,COARSE,52.66937907200195
uid___A001_X3788_X9d75,25,COARSE,33.31931733333333
uid___A001_X3788_X9d75,27,COARSE,36.658152234667966
uid___A001_X3788_X9d75,29,COARSE,27.07335039999674
uid___A001_X3788_X9d75,31,COARSE,37.90814148266927
uid___A001_X3788_X9d79,25,COARSE,21.24198639999837
uid___A001_X3788_X9d79,27,COARSE,27.49260569599935
uid___A001_X3788_X9d79,29,COARSE,49.99280896000325
uid___A001_X3788_X9d79,31,COARSE,22.491942976000974
uid___A001_X3788_X9d7d,25,COARSE,12.073748869335937
uid___A001_X3788_X9d7d,27,COARSE,18.324403050664063
uid___A001_X3788_X9d7d,29,COARSE,19.15178816
uid___A001_X3788_X9d7d,31,COARSE,48.32755989333333
uid___A001_X3788_X9d81,25,COARSE,37.49499759999674
uid___A001_X3788_X9d81,27,COARSE,38.328386581334634
uid___A001_X3788_X9d81,29,COARSE,28.324714069329428
uid___A001_X3788_X9d81,31,COARSE,51.66273442133138
uid___A001_X3788_X9d85,25,COARSE,30.82858794666667
uid___A001_X3788_X9d85,27,COARSE,32.49533872
uid___A001_X3788_X9d85,29,COARSE,28.328205439999998
uid___A001_X3788_X9d85,31,COARSE,40.823784874667965
uid___A001_X3788_X9d8c,7,CONT,14.06822605
uid___A001_X3788_X9d8c,16,CONT,14.068273349999998
uid___A001_X3788_X9d8c,19,CONT,14.849172204999542
uid___A001_X3788_X9d8c,23,COARSE,11.56291453866618
uid___A001_X3788_X9d8e,5,CONT,14.84189100499954
uid___A001_X3788_X9d8e,7,CONT,14.841874655000305
uid___A001_X3788_X9d8e,9,CONT,14.841791815000152
uid___A001_X3788_X9d8e,17,COARSE,41.30067372266601
uid___A001_X3788_X9d95,25,MEDIUM,26.546103512637504
uid___A001_X3788_X9d95,27,MEDIUM,24.180230672843784
uid___A001_X3788_X9d95,29,MEDIUM,30.906587215727864
uid___A001_X3788_X9d95,31,MEDIUM,35.81670552169774
uid___A001_X3788_X9d99,25,MEDIUM,22.856377637193166
uid___A001_X3788_X9d99,27,MEDIUM,32.27929832163939
uid___A001_X3788_X9d99,29,MEDIUM,18.03297635584455
uid___A001_X3788_X9d99,31,MEDIUM,19.211522379500902
uid___A001_X3788_X9da0,25,FINE,41.94035938955217
uid___A001_X3788_X9da0,27,MEDIUM,44.166335317332354
uid___A001_X3788_X9da0,29,FINE,14.362071925680395
uid___A001_X3788_X9da0,31,FINE,21.347491031482132
uid___A001_X3788_X9da2,24,FINE,27.921294061823858
uid___A001_X3788_X9da2,26,MEDIUM,33.49724502399984
uid___A001_X3788_X9da2,28,FINE,15.974237205955605
uid___A001_X3788_X9da2,30,FINE,28.06484389133321
uid___A001_X3788_X9dcc,24,FINE,55.670398403968356
uid___A001_X3788_X9dcc,26,FINE,64.21533592293939
uid___A001_X3788_X9dcc,28,FINE,47.90130133229578
uid___A001_X3788_X9dcc,30,MEDIUM,37.078777344007165
uid___A001_X3788_X9dd2,24,COARSE,0.8797833333325196
uid___A001_X3788_X9dd2,26,COARSE,0.7632784853336588
uid___A001_X3788_X9dd2,28,COARSE,3.8135897280004882
uid___A001_X3788_X9dd2,30,FINE,39.421226325338544
uid___A001_X3788_X9dda,24,COARSE,11.557114816000977
uid___A001_X3788_X9dda,26,COARSE,12.13005704
uid___A001_X3788_X9dda,28,COARSE,37.600307424000654
uid___A001_X3788_X9dda,30,FINE,29.8663346346875
uid___A001_X3788_X9ded,23,FINE,100.00129706555984
uid___A001_X3788_X9ded,25,FINE,92.58534998570967
uid___A001_X3788_X9ded,27,MEDIUM,13.599121909332682
uid___A001_X3788_X9ded,29,FINE,84.69617570468006
uid___A001_X3788_X9ded,31,FINE,88.35402295123374
uid___A001_X3788_X9ded,33,FINE,88.19706317048525
uid___A001_X3788_X9def,23,FINE,39.9171571053801
uid___A001_X3788_X9def,25,FINE,62.50074325269909
uid___A001_X3788_X9def,27,MEDIUM,12.378598336002604
uid___A001_X3788_X9def,29,FINE,30.10683092748344
uid___A001_X3788_X9def,31,FINE,62.34254852915026
uid___A001_X3788_X9def,33,FINE,63.903745618074566
uid___A001_X3788_X9df1,22,FINE,32.039099017260504
uid___A001_X3788_X9df1,24,FINE,58.431172751961746
uid___A001_X3788_X9df1,26,MEDIUM,11.673709306663412
uid___A001_X3788_X9df1,28,FINE,24.27572132200947
uid___A001_X3788_X9df1,30,FINE,62.028228242578564
uid___A001_X3788_X9df1,32,FINE,54.67436725370661
uid___A001_X3788_X9dfd,45,MEDIUM,16.440583861328125
uid___A001_X3788_X9dfd,47,MEDIUM,46.195496453333334
uid___A001_X3788_X9dfd,49,FINE,23.218598554816733
uid___A001_X3788_X9dfd,51,FINE,34.17597919920608
uid___A001_X3788_X9e5f,45,MEDIUM,15.441917024003907
uid___A001_X3788_X9e5f,47,MEDIUM,1.5520232373307292
uid___A001_X3788_X9e5f,49,MEDIUM,12.365212981334635
uid___A001_X3788_X9e5f,51,MEDIUM,1.451366101328125
uid___A001_X3788_X9e5f,53,MEDIUM,11.840896581328126
uid___A001_X3788_X9e5f,55,MEDIUM,12.080744496002605
uid___A001_X3788_X9e5f,57,MEDIUM,13.690503962662762
uid___A001_X3788_X9e5f,59,MEDIUM,1.5015811573372395
uid___A001_X3788_X9e78,23,COARSE,31.660019200000818
uid___A001_X3788_X9e78,25,COARSE,7.490988576000163
uid___A001_X3788_X9e78,27,COARSE,49.99447104000163
uid___A001_X3788_X9e78,29,COARSE,24.991673439998372
uid___A001_X3788_X9e7c,21,COARSE,25.8268759680013
uid___A001_X3788_X9e7c,23,COARSE,5.4084074986669926
uid___A001_X3788_X9e7c,25,COARSE,21.24298633600098
uid___A001_X3788_X9e7c,27,COARSE,34.994755071998696
uid___A001_X3788_X9e89,23,COARSE,nan
uid___A001_X3788_X9e89,25,COARSE,5.408639946666667
uid___A001_X3788_X9e89,27,COARSE,78.74818385599936
uid___A001_X3788_X9e89,29,COARSE,76.66195012266276
uid___A001_X3788_X9e89,31,COARSE,34.98682526932942
uid___A001_X3788_X9e9e,45,MEDIUM,59.58772882665364
uid___A001_X3788_X9e9e,47,MEDIUM,75.31171062400391
uid___A001_X3788_X9e9e,49,MEDIUM,5.413027621334635
uid___A001_X3788_X9e9e,51,MEDIUM,64.68638569600913
uid___A001_X3788_X9e9e,53,MEDIUM,4.83374019734375
uid___A001_X3788_X9e9e,55,MEDIUM,80.25877904533854
uid___A001_X3788_X9e9e,57,FINE,13.225922831998698
uid___A001_X3788_X9e9e,59,FINE,13.55752168533203
uid___A001_X3788_X9eaf,25,MEDIUM,71.2988701280013
uid___A001_X3788_X9eaf,27,MEDIUM,1.8680506559993488
uid___A001_X3788_X9eaf,29,MEDIUM,6.966967509332682
uid___A001_X3788_X9eaf,31,MEDIUM,46.19798154667318
uid___A001_X3788_X9ee3,25,COARSE,53.336317013333336
uid___A001_X3788_X9ee3,27,COARSE,66.25215697600098
uid___A001_X3788_X9ee3,29,COARSE,34.58749906133464
uid___A001_X3788_X9ee3,31,COARSE,22.921574346663412
uid___A001_X3788_X9ee5,25,COARSE,69.58519395733236
uid___A001_X3788_X9ee5,27,COARSE,28.33771543466634
uid___A001_X3788_X9ee5,29,COARSE,60.835722687996416
uid___A001_X3788_X9ee5,31,COARSE,37.5038119946696
uid___A001_X3788_X9ee7,24,COARSE,65.00025132799966
uid___A001_X3788_X9ee7,26,COARSE,31.667154730667317
uid___A001_X3788_X9ee7,28,COARSE,39.58375248
uid___A001_X3788_X9ee7,30,COARSE,35.00045011200032
uid___A001_X3788_X9eef,25,COARSE,50.4162211306657
uid___A001_X3788_X9eef,27,COARSE,35.41608386666667
uid___A001_X3788_X9eef,29,COARSE,30.83269058133464
uid___A001_X3788_X9eef,31,COARSE,42.91613547199869
uid___A001_X3788_X9ef1,25,COARSE,33.33743786666667
uid___A001_X3788_X9ef1,27,COARSE,69.5852052480013
uid___A001_X3788_X9ef1,29,COARSE,53.33619694933268
uid___A001_X3788_X9ef1,31,COARSE,40.42032212799805
uid___A001_X3788_X9ef3,24,COARSE,57.91746820266764
uid___A001_X3788_X9ef3,26,COARSE,65.00066572799967
uid___A001_X3788_X9ef3,28,COARSE,26.668046506666666
uid___A001_X3788_X9ef3,30,COARSE,59.58409329599935
uid___A001_X3788_X9efb,25,COARSE,51.25312436799967
uid___A001_X3788_X9efb,27,COARSE,58.75264263999838
uid___A001_X3788_X9efb,29,COARSE,45.003512255999354
uid___A001_X3788_X9efb,31,COARSE,51.25311251199707
uid___A001_X3788_X9efd,25,COARSE,72.91833552
uid___A001_X3788_X9efd,27,COARSE,70.00184780799967
uid___A001_X3788_X9efd,29,COARSE,78.75130505600261
uid___A001_X3788_X9efd,31,COARSE,73.75161179199708
uid___A001_X3788_X9eff,24,COARSE,59.16758969599935
uid___A001_X3788_X9eff,26,COARSE,22.08509262933431
uid___A001_X3788_X9eff,28,COARSE,57.08429466666829
uid___A001_X3788_X9eff,30,COARSE,7.918728154666341
uid___A001_X3788_X9f07,25,COARSE,70.41853084266602
uid___A001_X3788_X9f07,27,COARSE,74.58493397333334
uid___A001_X3788_X9f07,29,COARSE,65.41883706133463
uid___A001_X3788_X9f07,31,COARSE,57.91930721066731
uid___A001_X3788_X9f09,25,COARSE,35.4204511466683
uid___A001_X3788_X9f09,27,COARSE,52.08613994666666
uid___A001_X3788_X9f09,29,COARSE,52.91941663466634
uid___A001_X3788_X9f09,31,COARSE,27.08759213333333
uid___A001_X3788_X9f0b,24,COARSE,64.16733081599935
uid___A001_X3788_X9f0b,26,COARSE,10.83498256
uid___A001_X3788_X9f0b,28,COARSE,32.91789370133301
uid___A001_X3788_X9f0b,30,COARSE,55.83414062933431
uid___A001_X3788_X9f13,25,COARSE,68.33531946666666
uid___A001_X3788_X9f13,27,COARSE,69.16859934933268
uid___A001_X3788_X9f13,29,COARSE,19.588352362667642
uid___A001_X3788_X9f13,31,COARSE,77.91804466666991
uid___A001_X3788_X9f15,25,COARSE,27.50441263466634
uid___A001_X3788_X9f15,27,COARSE,65.00212979200033
uid___A001_X3788_X9f15,29,COARSE,70.41846533333658
uid___A001_X3788_X9f15,31,COARSE,78.75129199999999
uid___A001_X3788_X9f17,24,COARSE,50.417562816000974
uid___A001_X3788_X9f17,26,COARSE,75.41711003200196
uid___A001_X3788_X9f17,28,COARSE,32.084543445335285
uid___A001_X3788_X9f17,30,COARSE,68.75055600000162
uid___A001_X3788_X9f1f,25,COARSE,21.67166496
uid___A001_X3788_X9f1f,27,COARSE,45.836787519998374
uid___A001_X3788_X9f1f,29,COARSE,27.08796639999837
uid___A001_X3788_X9f1f,31,COARSE,31.67100676266764
uid___A001_X3788_X9f21,25,COARSE,49.58640576533203
uid___A001_X3788_X9f21,27,COARSE,60.83572018133464
uid___A001_X3788_X9f21,29,COARSE,35.42059912
uid___A001_X3788_X9f21,31,COARSE,23.338001536000977
uid___A001_X3788_X9f23,24,COARSE,41.66772394666504
uid___A001_X3788_X9f23,26,COARSE,20.418106042667645
uid___A001_X3788_X9f23,28,COARSE,28.751273152000323
uid___A001_X3788_X9f23,30,COARSE,17.918132346668294
uid___A001_X3788_X9f2d,25,COARSE,23.33821448533529
uid___A001_X3788_X9f2d,27,COARSE,47.08670035733398
uid___A001_X3788_X9f2d,29,COARSE,21.6716318719987
uid___A001_X3788_X9f2d,31,COARSE,52.919650469334314
uid___A001_X3788_X9f2f,25,COARSE,47.50321888000325
uid___A001_X3788_X9f2f,27,COARSE,60.83573371733235
uid___A001_X3788_X9f2f,29,COARSE,60.41908701333496
uid___A001_X3788_X9f2f,31,COARSE,47.91985133333496
uid___A001_X3788_X9f31,24,COARSE,44.58404975999837
uid___A001_X3788_X9f31,26,COARSE,64.16712900266765
uid___A001_X3788_X9f31,28,COARSE,35.41748754666666
uid___A001_X3788_X9f31,30,COARSE,25.000952319999996
uid___A001_X3788_X9f4d,25,COARSE,29.17116192
uid___A001_X3788_X9f4d,27,COARSE,26.25467752
uid___A001_X3788_X9f4d,29,COARSE,56.25276415999837
uid___A001_X3788_X9f4d,31,COARSE,45.83675424
uid___A001_X3788_X9f4f,25,COARSE,41.670346986666665
uid___A001_X3788_X9f4f,27,COARSE,27.087933733333337
uid___A001_X3788_X9f4f,29,COARSE,38.337221589332685
uid___A001_X3788_X9f4f,31,COARSE,65.83548763733236
uid___A001_X3788_X9f51,24,COARSE,51.66754331733399
uid___A001_X3788_X9f51,26,COARSE,22.918061813333335
uid___A001_X3788_X9f51,28,COARSE,12.91822385599772
uid___A001_X3788_X9f51,30,COARSE,32.50120614399902
uid___A001_X3788_X9f75,7,CONT,14.833166099996948
uid___A001_X3788_X9f75,16,CONT,14.83319879999695
uid___A001_X3788_X9f75,23,COARSE,54.99429529599935
uid___A001_X3788_X9f75,25,COARSE,40.825809226666664
uid___A001_X3788_Xa0a4,16,CONT,14.836256249999998
uid___A001_X3788_Xa0a4,23,COARSE,45.411844469332685
uid___A001_X3788_Xa0a4,25,COARSE,63.746730192001955
uid___A001_X3788_Xa0a4,27,COARSE,42.911499391998696
uid___A001_X3788_Xa0b0,16,CONT,14.838907674999998
uid___A001_X3788_Xa0b0,23,COARSE,34.57959882666667
uid___A001_X3788_Xa0b0,25,COARSE,31.662680810667315
uid___A001_X3788_Xa0b0,27,COARSE,18.328551978665363
uid___A001_X3788_Xa0b6,16,CONT,13.280405290002442
uid___A001_X3788_Xa0b6,23,COARSE,32.49932435200195
uid___A001_X3788_Xa0b6,25,COARSE,18.749073359996746
uid___A001_X3788_Xa0b6,27,COARSE,7.4989225600000005
uid___A001_X3788_Xa0b8,15,CONT,15.618280239999391
uid___A001_X3788_Xa0b8,16,CONT,nan
uid___A001_X3788_Xa0b8,21,COARSE,48.745915088001304
uid___A001_X3788_Xa0b8,23,COARSE,39.99519769599935
uid___A001_X3788_Xa0b8,25,COARSE,28.327593578665365
uid___A001_X3788_Xa0b8,27,COARSE,nan
uid___A001_X3788_Xa0c2,16,CONT,24.22223278499756
uid___A001_X3788_Xa0c2,23,COARSE,30.41984278400065
uid___A001_X3788_Xa0c2,25,COARSE,30.836376223997398
uid___A001_X3788_Xa0c2,27,COARSE,25.83657531733398
uid___A001_X3788_Xa0c8,16,CONT,13.275696114999388
uid___A001_X3788_Xa0c8,23,COARSE,19.578161962666016
uid___A001_X3788_Xa0c8,25,COARSE,61.247453535999355
uid___A001_X3788_Xa0c8,27,COARSE,67.91455050133138
uid___A001_X3788_Xa0ce,15,CONT,13.277086945001221
uid___A001_X3788_Xa0ce,21,COARSE,46.66409915733398
uid___A001_X3788_Xa0ce,23,COARSE,21.246150448001302
uid___A001_X3788_Xa0ce,25,COARSE,34.58012718400065
uid___A001_X3788_Xa0e0,16,CONT,13.28514887000122
uid___A001_X3788_Xa0e0,23,COARSE,27.086588799996747
uid___A001_X3788_Xa0e0,25,COARSE,42.08582273067057
uid___A001_X3788_Xa0e0,27,COARSE,38.75261464
uid___A001_X3788_Xa0e2,16,CONT,13.28590533999939
uid___A001_X3788_Xa0e2,23,COARSE,47.50281568000651
uid___A001_X3788_Xa0e2,25,COARSE,17.087760154671226
uid___A001_X3788_Xa0e2,27,COARSE,7.921578170664062
uid___A001_X3788_Xa0f7,23,COARSE,68.33249092266928
uid___A001_X3788_Xa0f7,25,COARSE,60.15519104
uid___A001_X3788_Xa0f7,27,COARSE,49.425659786666664
uid___A001_X3788_Xa0f7,29,COARSE,75.83261892266601
uid___A001_X3788_Xa10a,17,CONT,14.82995659500122
uid___A001_X3788_Xa10a,19,CONT,14.829767479998779
uid___A001_X3788_Xa10a,21,CONT,14.829936974999999
uid___A001_X3788_Xa10a,23,CONT,14.829786555004883
uid___A001_X3788_Xa10a,25,CONT,14.829918444995116
uid___A001_X3788_Xa10a,27,CONT,14.829805084997558
uid___A001_X3788_Xa10a,29,CONT,14.829975130004883
uid___A001_X3788_Xa10a,31,CONT,14.829748949999999
uid___A001_X3788_Xa115,25,FINE,64.05894514428347
uid___A001_X3788_Xa115,27,FINE,39.43004942500365
uid___A001_X3788_Xa115,29,FINE,53.48076178709369
uid___A001_X3788_Xa115,31,FINE,47.054163751124015
uid___A001_X3788_Xa115,33,MEDIUM,34.19903203733236
uid___A001_X3788_Xa115,35,FINE,56.54082479714201
uid___A001_X3788_Xa115,37,FINE,49.881455034543784
uid___A001_X3788_Xa115,39,FINE,32.97372093982063
uid___A001_X3788_Xa115,41,FINE,28.796530861647827
uid___A001_X3788_Xa115,43,FINE,24.402106707546025
uid___A001_X3788_Xa115,45,FINE,63.93211346589859
uid___A001_X3788_Xa119,25,FINE,46.51723885456035
uid___A001_X3788_Xa119,27,FINE,55.70874990186675
uid___A001_X3788_Xa119,29,FINE,37.43148080513638
uid___A001_X3788_Xa119,31,FINE,41.21322119409292
uid___A001_X3788_Xa119,33,FINE,47.26573852526771
uid___A001_X3788_Xa119,35,FINE,46.04104410367362
uid___A001_X3788_Xa119,37,FINE,35.442972464705164
uid___A001_X3788_Xa119,39,FINE,61.20652970110507
uid___A001_X3788_Xa119,41,FINE,49.38018595833506
uid___A001_X3788_Xa119,43,FINE,38.72538186626789
uid___A001_X3788_Xa119,45,MEDIUM,16.19062935466471
uid___A001_X3788_Xa159,21,COARSE,14.366451044444716
uid___A001_X3788_Xa159,23,COARSE,17.76954746844469
uid___A001_X3788_Xa159,25,COARSE,9.643700512000054
uid___A001_X3788_Xa159,27,COARSE,12.421749525333388
uid___A001_X3788_Xa15d,25,COARSE,12.005071476444092
uid___A001_X3788_Xa15d,27,COARSE,12.907922793777807
uid___A001_X3788_Xa15d,29,COARSE,15.199739943999974
uid___A001_X3788_Xa15d,31,COARSE,14.78303915377794
uid___A001_X3788_Xa161,25,COARSE,22.492225695110676
uid___A001_X3788_Xa161,27,COARSE,9.574226007999403
uid___A001_X3788_Xa161,29,COARSE,21.93648644622233
uid___A001_X3788_Xa161,31,COARSE,20.61694116355591
uid___A001_X3788_Xa165,25,COARSE,14.574665692444661
uid___A001_X3788_Xa165,27,COARSE,11.379882131555584
uid___A001_X3788_Xa165,29,COARSE,24.645042971555718
uid___A001_X3788_Xa165,31,COARSE,14.505110461333551
uid___A001_X3788_Xa169,25,COARSE,18.325029060444333
uid___A001_X3788_Xa169,27,COARSE,16.519262080889217
uid___A001_X3788_Xa169,29,COARSE,18.394370232889134
uid___A001_X3788_Xa169,31,COARSE,18.53324569688897
uid___A001_X3788_Xa434,22,COARSE,42.49996982400065
uid___A001_X3788_Xa434,24,COARSE,15.416614698662109
uid___A001_X3788_Xa434,26,COARSE,61.24997321600261
uid___A001_X3788_Xa489,25,FINE,76.3270583235144
uid___A001_X3788_Xa489,27,FINE,85.92110172065986
uid___A001_X3788_Xa489,29,FINE,59.95431325502769
uid___A001_X3788_Xa489,31,FINE,94.64629073381107
uid___A001_X3788_Xa489,33,FINE,82.58387679243555
uid___A001_X3788_Xa489,35,FINE,74.55372070077291
uid___A001_X3788_Xa489,37,FINE,65.58349347531474
uid___A001_X3788_Xa489,39,FINE,88.3256333653125
uid___A001_X3788_Xa489,41,FINE,77.15969044508498
uid___A001_X3788_Xa489,43,MEDIUM,79.35984640532715
uid___A001_X3788_Xa48b,24,FINE,43.121448003031034
uid___A001_X3788_Xa48b,26,FINE,68.911687584787
uid___A001_X3788_Xa48b,28,FINE,52.64740706348348
uid___A001_X3788_Xa48b,30,FINE,52.2224504982485
uid___A001_X3788_Xa48b,32,FINE,41.984325815979474
uid___A001_X3788_Xa48b,34,FINE,55.03433776267761
uid___A001_X3788_Xa48b,36,FINE,52.271022189977735
uid___A001_X3788_Xa48b,38,FINE,84.67677132802083
uid___A001_X3788_Xa48b,40,FINE,44.05732944436012
uid___A001_X3788_Xa48b,42,MEDIUM,62.23733199999837
uid___A001_X3788_Xa491,25,FINE,56.938362420461985
uid___A001_X3788_Xa491,27,FINE,71.31956794063535
uid___A001_X3788_Xa491,29,FINE,25.69071557058938
uid___A001_X3788_Xa491,31,FINE,75.49121750077565
uid___A001_X3788_Xa491,33,FINE,80.39277739290287
uid___A001_X3788_Xa491,35,FINE,67.67905529262282
uid___A001_X3788_Xa491,37,FINE,25.49817813488799
uid___A001_X3788_Xa491,39,FINE,90.61853184
uid___A001_X3788_Xa491,41,FINE,64.22595138052148
uid___A001_X3788_Xa491,43,MEDIUM,11.794252810667318
uid___A001_X3788_Xa493,24,FINE,52.33154292770836
uid___A001_X3788_Xa493,26,FINE,44.9780019387196
uid___A001_X3788_Xa493,28,FINE,74.65311364002011
uid___A001_X3788_Xa493,30,FINE,74.39190614020885
uid___A001_X3788_Xa493,32,FINE,23.57435872055764
uid___A001_X3788_Xa493,34,FINE,42.45574429370237
uid___A001_X3788_Xa493,36,FINE,82.16174185666777
uid___A001_X3788_Xa493,38,FINE,96.04767650132813
uid___A001_X3788_Xa493,40,FINE,33.86332376459914
uid___A001_X3788_Xa493,42,MEDIUM,10.803413605335287
uid___A001_X3788_Xa499,25,FINE,27.556147920107943
uid___A001_X3788_Xa499,27,FINE,45.47122869653068
uid___A001_X3788_Xa499,29,FINE,56.835874443907976
uid___A001_X3788_Xa499,31,FINE,45.06767524891712
uid___A001_X3788_Xa499,33,FINE,45.02981356393409
uid___A001_X3788_Xa499,35,FINE,58.479909990476806
uid___A001_X3788_Xa499,37,FINE,29.225376575647406
uid___A001_X3788_Xa499,39,FINE,58.67684292268229
uid___A001_X3788_Xa499,41,FINE,57.54055019472008
uid___A001_X3788_Xa499,43,MEDIUM,3.7894951733333335
uid___A001_X3788_Xa49b,24,FINE,62.23282360934469
uid___A001_X3788_Xa49b,26,FINE,22.586939915030023
uid___A001_X3788_Xa49b,28,FINE,14.091620273796531
uid___A001_X3788_Xa49b,30,FINE,20.60493328644651
uid___A001_X3788_Xa49b,32,FINE,32.60216063813542
uid___A001_X3788_Xa49b,34,FINE,25.776597694699134
uid___A001_X3788_Xa49b,36,FINE,6.199488341801199
uid___A001_X3788_Xa49b,38,FINE,58.71565209604167
uid___A001_X3788_Xa49b,40,FINE,32.387748874433456
uid___A001_X3788_Xa49b,42,MEDIUM,11.219207258666993
uid___A001_X3788_Xa4a1,25,FINE,62.71218166435498
uid___A001_X3788_Xa4a1,27,FINE,68.5032921571386
uid___A001_X3788_Xa4a1,29,FINE,67.77350760660684
uid___A001_X3788_Xa4a1,31,FINE,65.59160525516351
uid___A001_X3788_Xa4a1,33,FINE,78.72382811837501
uid___A001_X3788_Xa4a1,35,FINE,66.12915786306655
uid___A001_X3788_Xa4a1,37,FINE,49.2060851147657
uid___A001_X3788_Xa4a1,39,FINE,96.24724070401042
uid___A001_X3788_Xa4a1,41,FINE,63.60326467995372
uid___A001_X3788_Xa4a1,43,MEDIUM,99.45301819200195
uid___A001_X3788_Xa4a3,24,FINE,70.14437431940475
uid___A001_X3788_Xa4a3,26,FINE,57.249243264552
uid___A001_X3788_Xa4a3,28,FINE,50.12331236404428
uid___A001_X3788_Xa4a3,30,FINE,98.01747659310747
uid___A001_X3788_Xa4a3,32,FINE,51.83481767699725
uid___A001_X3788_Xa4a3,34,FINE,51.54151787394642
uid___A001_X3788_Xa4a3,36,FINE,68.3864335476392
uid___A001_X3788_Xa4a3,38,FINE,79.82580881067707
uid___A001_X3788_Xa4a3,40,FINE,37.306628005010765
uid___A001_X3788_Xa4a3,42,MEDIUM,99.4530529119987
uid___A001_X3788_Xa4a9,25,FINE,52.88007536629402
uid___A001_X3788_Xa4a9,27,FINE,47.771636930911484
uid___A001_X3788_Xa4a9,29,FINE,27.955542736530614
uid___A001_X3788_Xa4a9,31,FINE,53.212016117673336
uid___A001_X3788_Xa4a9,33,FINE,65.65258901124903
uid___A001_X3788_Xa4a9,35,FINE,83.73693462448244
uid___A001_X3788_Xa4a9,37,FINE,29.422072642487596
uid___A001_X3788_Xa4a9,39,FINE,57.67165713065104
uid___A001_X3788_Xa4a9,41,FINE,56.56112097180177
uid___A001_X3788_Xa4a9,43,MEDIUM,12.007850512000326
uid___A001_X3788_Xa4ab,24,FINE,59.83925261711902
uid___A001_X3788_Xa4ab,26,FINE,24.11464079816277
uid___A001_X3788_Xa4ab,28,FINE,10.108929101682582
uid___A001_X3788_Xa4ab,30,FINE,46.537770549175384
uid___A001_X3788_Xa4ab,32,FINE,23.40009574394955
uid___A001_X3788_Xa4ab,34,FINE,28.320684270255676
uid___A001_X3788_Xa4ab,36,FINE,5.141477767241056
uid___A001_X3788_Xa4ab,38,FINE,32.70269764270834
uid___A001_X3788_Xa4ab,40,FINE,57.53831480470053
uid___A001_X3788_Xa4ab,42,MEDIUM,10.803998133333332
uid___A001_X3788_Xa4b1,25,FINE,56.156418654092185
uid___A001_X3788_Xa4b1,27,FINE,42.10522088798061
uid___A001_X3788_Xa4b1,29,FINE,40.74976854773223
uid___A001_X3788_Xa4b1,31,FINE,53.53916367148484
uid___A001_X3788_Xa4b1,33,FINE,49.33863488973816
uid___A001_X3788_Xa4b1,35,FINE,61.263359718382695
uid___A001_X3788_Xa4b1,37,FINE,50.614840819363614
uid___A001_X3788_Xa4b1,39,FINE,66.96389616356336
uid___A001_X3788_Xa4b1,41,FINE,59.19285399363439
uid___A001_X3788_Xa4b1,43,MEDIUM,32.405254442664926
uid___A001_X3788_Xa4b3,24,FINE,29.968488645535523
uid___A001_X3788_Xa4b3,26,FINE,51.32538596235467
uid___A001_X3788_Xa4b3,28,FINE,40.2672833417012
uid___A001_X3788_Xa4b3,30,FINE,39.999070777676614
uid___A001_X3788_Xa4b3,32,FINE,36.580477058426936
uid___A001_X3788_Xa4b3,34,FINE,45.192027114357344
uid___A001_X3788_Xa4b3,36,FINE,39.12607650754492
uid___A001_X3788_Xa4b3,38,FINE,51.184847630204
uid___A001_X3788_Xa4b3,40,FINE,37.18706057633852
uid___A001_X3788_Xa4b3,42,MEDIUM,24.8221599955542
uid___A001_X3788_Xa4c1,8,CONT,14.061070550000762
uid___A001_X3788_Xa4c1,15,CONT,14.842527565000152
uid___A001_X3788_Xa4c1,17,CONT,14.842498680000304
uid___A001_X3788_Xa4c1,22,MEDIUM,28.41227750401042
uid___A001_X3788_Xa5ec,25,MEDIUM,87.32912221869792
uid___A001_X3788_Xa5ec,27,MEDIUM,86.0341243306901
uid___A001_X3788_Xa5ec,29,MEDIUM,70.81757525335938
uid___A001_X3788_Xa5ec,31,MEDIUM,88.32700654933593
uid___A001_X3788_Xa5ec,33,MEDIUM,73.11041548796875
uid___A001_X3788_Xa5ec,35,MEDIUM,71.02593181864584
uid___A001_X3788_Xa5ec,37,MEDIUM,87.49316352003906
uid___A001_X3788_Xa5ec,39,MEDIUM,83.74111795200521
uid___A001_X3788_Xa5ec,41,MEDIUM,97.08258594132812
uid___A001_X3788_Xa5ec,43,MEDIUM,90.61961792002604
uid___A001_X3788_Xa5ec,45,MEDIUM,78.32095300265624
uid___A001_X3788_Xa5ec,47,MEDIUM,79.03043264001303
uid___A001_X3788_Xa5ec,49,MEDIUM,85.9221888
uid___A001_X3788_Xa5ee,25,MEDIUM,83.1268911360026
uid___A001_X3788_Xa5ee,27,MEDIUM,98.74951193598959
uid___A001_X3788_Xa5ee,29,MEDIUM,72.07349128533855
uid___A001_X3788_Xa5ee,31,MEDIUM,92.11881749334636
uid___A001_X3788_Xa5ee,33,MEDIUM,76.65839854933594
uid___A001_X3788_Xa5ee,35,MEDIUM,70.09509499734375
uid___A001_X3788_Xa5ee,37,MEDIUM,83.32738559997395
uid___A001_X3788_Xa5ee,39,MEDIUM,92.28888674134114
uid___A001_X3788_Xa5ee,41,MEDIUM,95.75436881066733
uid___A001_X3788_Xa5ee,43,MEDIUM,74.99067391998699
uid___A001_X3788_Xa5ee,45,MEDIUM,72.48973516804688
uid___A001_X3788_Xa5ee,47,MEDIUM,97.29060846930989
uid___A001_X3788_Xa5ee,49,MEDIUM,95.83173205334636
uid___A001_X3788_Xad63,25,MEDIUM,84.26945333333008
uid___A001_X3788_Xad63,27,MEDIUM,70.51828871467448
uid___A001_X3788_Xad63,29,MEDIUM,70.10157454933594
uid___A001_X3788_Xad63,31,MEDIUM,64.80893394667318
uid___A001_X3788_Xad68,25,MEDIUM,78.1270566453418
uid___A001_X3788_Xad68,27,MEDIUM,89.68844143466634
uid___A001_X3788_Xad68,29,MEDIUM,89.74051555733887
uid___A001_X3788_Xad68,31,MEDIUM,90.6258473600065
uid___A001_X3788_Xad6d,25,MEDIUM,84.74099616533447
uid___A001_X3788_Xad6d,27,MEDIUM,87.76160803466635
uid___A001_X3788_Xad6d,29,MEDIUM,86.27860122132893
uid___A001_X3788_Xad6d,31,MEDIUM,91.40701189333251
uid___A001_X3788_Xad72,25,MEDIUM,91.14697983999838
uid___A001_X3788_Xad72,27,MEDIUM,85.47139222400065
uid___A001_X3788_Xad72,29,MEDIUM,89.93847332266601
uid___A001_X3788_Xad72,31,MEDIUM,81.04416832
uid___A001_X3788_Xad77,25,MEDIUM,69.74356349866211
uid___A001_X3788_Xad77,27,MEDIUM,79.2735416
uid___A001_X3788_Xad77,29,MEDIUM,73.41518173333334
uid___A001_X3788_Xad77,31,MEDIUM,68.85824565333496
uid___A001_X3788_Xad7c,25,MEDIUM,90.73037428266113
uid___A001_X3788_Xad7c,27,MEDIUM,92.1685952
uid___A001_X3788_Xad7c,29,MEDIUM,90.90905741866699
uid___A001_X3788_Xad7c,31,MEDIUM,90.36583354667317
uid___A001_X3788_Xad7f,25,MEDIUM,85.67687519999674
uid___A001_X3788_Xad7f,27,MEDIUM,87.13521529066732
uid___A001_X3788_Xad7f,29,MEDIUM,84.7393024213265
uid___A001_X3788_Xad7f,31,MEDIUM,79.84338507199544
uid___A001_X3788_Xad81,25,MEDIUM,88.23071012266601
uid___A001_X3788_Xad81,27,MEDIUM,85.90148848
uid___A001_X3788_Xad81,29,MEDIUM,91.98374929599935
uid___A001_X3788_Xad81,31,MEDIUM,82.45023255466634
uid___A001_X3788_Xad86,25,MEDIUM,91.87603955200032
uid___A001_X3788_Xad86,27,MEDIUM,80.73682351467285
uid___A001_X3788_Xad86,29,MEDIUM,89.1619782080013
uid___A001_X3788_Xad86,31,MEDIUM,91.19904080532878
uid___A001_X3788_Xad8b,25,MEDIUM,83.75211366399739
uid___A001_X3788_Xad8b,27,MEDIUM,82.40078237333334
uid___A001_X3788_Xad8b,29,MEDIUM,90.0446501226709
uid___A001_X3788_Xad8b,31,MEDIUM,87.76198728000489
uid___A001_X3788_Xae27,23,MEDIUM,10.988739157333985
uid___A001_X3788_Xae27,25,MEDIUM,21.119037738666176
uid___A001_X3788_Xae27,27,MEDIUM,35.103537322670086
uid___A001_X3788_Xae27,29,MEDIUM,23.77531140266683
uid___A001_X3788_Xae27,43,MEDIUM,23.410724821334636
uid___A001_X3788_Xae27,45,MEDIUM,14.79085636266683
uid___A001_X3788_Xae27,47,MEDIUM,23.176347733333333
uid___A001_X3788_Xae27,49,MEDIUM,21.66591761066976
uid___A001_X3788_Xae27,63,MEDIUM,13.176258645333657
uid___A001_X3788_Xae27,65,MEDIUM,18.20234508799886
uid___A001_X3788_Xae27,67,MEDIUM,22.733635455996907
uid___A001_X3788_Xae27,69,MEDIUM,25.20761582933187
uid___A001_X3788_Xae27,83,MEDIUM,14.426269781333007
uid___A001_X3788_Xae27,85,MEDIUM,25.38990912
uid___A001_X3788_Xae27,87,MEDIUM,19.55652381866862
uid___A001_X3788_Xae27,89,MEDIUM,52.968279808002116
uid___A001_X3788_Xae27,103,MEDIUM,15.467945727999673
uid___A001_X3788_Xae27,105,MEDIUM,16.613789269333495
uid___A001_X3788_Xae27,107,MEDIUM,73.85388253866863
uid___A001_X3788_Xae27,109,MEDIUM,18.33255458133138
uid___A001_X3788_Xae2f,23,MEDIUM,58.462873717334794
uid___A001_X3788_Xae2f,25,MEDIUM,26.170727605335287
uid___A001_X3788_Xae2f,27,MEDIUM,27.10822659199707
uid___A001_X3788_Xae2f,29,MEDIUM,22.602950437337242
uid___A001_X3788_Xae2f,43,MEDIUM,29.21764783466471
uid___A001_X3788_Xae2f,45,MEDIUM,52.837780554663084
uid___A001_X3788_Xae2f,47,MEDIUM,20.9883428
uid___A001_X3788_Xae2f,49,MEDIUM,56.093037887998044
uid___A001_X3788_Xae2f,63,MEDIUM,60.28580933333577
uid___A001_X3788_Xae2f,65,MEDIUM,67.62966987733479
uid___A001_X3788_Xae2f,67,MEDIUM,53.28049554666829
uid___A001_X3788_Xae2f,69,MEDIUM,37.863596816002605
uid___A001_X3788_Xae2f,83,MEDIUM,10.962150218666993
uid___A001_X3788_Xae2f,85,MEDIUM,12.081958741333008
uid___A001_X3788_Xae2f,87,MEDIUM,60.07747286399739
uid___A001_X3788_Xae2f,89,MEDIUM,59.087874629335936
uid___A001_X3788_Xae3f,25,MEDIUM,12.127583578666993
uid___A001_X3788_Xae3f,27,MEDIUM,16.5053096106722
uid___A001_X3788_Xae3f,29,MEDIUM,61.4594385013265
uid___A001_X3788_Xae3f,31,MEDIUM,32.20869928533203
uid___A001_X3788_Xae3f,45,MEDIUM,22.861859701333007
uid___A001_X3788_Xae3f,47,MEDIUM,29.140568106661785
uid___A001_X3788_Xae3f,49,MEDIUM,22.02925001599772
uid___A001_X3788_Xae3f,51,MEDIUM,17.839521669332683
uid___A001_X3788_Xae3f,65,MEDIUM,41.98128630400228
uid___A001_X3788_Xae3f,67,MEDIUM,42.215224245335286
uid___A001_X3788_Xae3f,69,MEDIUM,11.462043637332357
uid___A001_X3788_Xae3f,71,MEDIUM,11.591124986666665
uid___A001_X3788_Xae3f,85,MEDIUM,20.268595189335937
uid___A001_X3788_Xae3f,87,MEDIUM,18.81313938133301
uid___A001_X3788_Xae3f,89,MEDIUM,65.45019567999675
uid___A001_X3788_Xae3f,91,MEDIUM,17.346161823999022
uid___A001_X3788_Xae3f,105,MEDIUM,37.05911605866374
uid___A001_X3788_Xae3f,107,MEDIUM,43.36101159998698
uid___A001_X3788_Xae3f,109,MEDIUM,55.78251644800131
uid___A001_X3788_Xae3f,111,MEDIUM,10.928795647999674
uid___A001_X3788_Xae47,25,MEDIUM,58.64694243199544
uid___A001_X3788_Xae47,27,MEDIUM,12.085748863997397
uid___A001_X3788_Xae47,29,MEDIUM,54.52128977066081
uid___A001_X3788_Xae47,31,MEDIUM,30.98307317866862
uid___A001_X3788_Xae47,45,MEDIUM,2.9193493333365885
uid___A001_X3788_Xae47,47,MEDIUM,69.21956559997395
uid___A001_X3788_Xae47,49,MEDIUM,73.3861122080013
uid___A001_X3788_Xae47,51,MEDIUM,35.78300062399089
uid___A001_X3788_Xae47,65,MEDIUM,11.617030117333984
uid___A001_X3788_Xae47,67,MEDIUM,6.078801247998046
uid___A001_X3788_Xae47,69,MEDIUM,64.375952
uid___A001_X3788_Xae47,71,MEDIUM,17.189780799996747
uid___A001_X3788_Xae47,85,MEDIUM,25.88747529599935
uid___A001_X3788_Xae47,87,MEDIUM,4.313286965328776
uid___A001_X3788_Xae47,89,MEDIUM,50.05792224535156
uid___A001_X3788_Xae47,91,MEDIUM,15.061700677333983
uid___A001_X3788_Xae47,105,MEDIUM,11.200438880003254
uid___A001_X3788_Xae47,107,MEDIUM,4.579014085335286
uid___A001_X3788_Xae47,109,MEDIUM,8.970652117333984
uid___A001_X3788_Xae47,111,MEDIUM,43.13911254400391
uid___A001_X3788_Xae83,25,MEDIUM,20.519543722667642
uid___A001_X3788_Xae83,27,MEDIUM,0.3890736
uid___A001_X3788_Xae83,29,MEDIUM,0.49324162133300775
uid___A001_X3788_Xae83,31,MEDIUM,0.4151156053352864
uid___A001_X3788_Xae83,45,MEDIUM,1.0401237333317057
uid___A001_X3788_Xae83,47,MEDIUM,0.7015776639990234
uid___A001_X3788_Xae83,49,MEDIUM,0.5453256320003255
uid___A001_X3788_Xae83,51,MEDIUM,0.9619977173323567
uid___A001_X3788_Xae83,65,MEDIUM,0.41511560533203123
uid___A001_X3788_Xae83,67,MEDIUM,1.9255519146663413
uid___A001_X3788_Xae83,69,MEDIUM,0.46719961599934895
uid___A001_X3788_Xae83,71,MEDIUM,1.3526277973339844
uid___A001_X3788_Xae83,85,MEDIUM,0.3630315946647136
uid___A001_X3788_Xae83,87,MEDIUM,0.4411576106673177
uid___A001_X3788_Xae83,89,MEDIUM,1.092207744000651
uid___A001_X3788_Xae83,91,MEDIUM,0.7276196693343099
uid___A001_X3788_Xae83,105,MEDIUM,0.6494936533333333
uid___A001_X3788_Xae83,107,MEDIUM,0.6755356586669922
uid___A001_X3788_Xae83,109,MEDIUM,0.83178769066569
uid___A001_X3788_Xae83,111,MEDIUM,21.717475967998045
uid___A001_X3788_Xae87,25,MEDIUM,0.7058075520003255
uid___A001_X3788_Xae87,27,MEDIUM,0.41629625599934894
uid___A001_X3788_Xae87,29,MEDIUM,1.2787011413330078
uid___A001_X3788_Xae87,31,MEDIUM,0.4220254933333333
uid___A001_X3788_Xae87,45,MEDIUM,0.9197346986669921
uid___A001_X3788_Xae87,47,MEDIUM,48.152320063997394
uid___A001_X3788_Xae87,49,MEDIUM,10.951206485333659
uid___A001_X3788_Xae87,51,MEDIUM,67.91736012800294
uid___A001_X3788_Xae87,65,MEDIUM,0.6016439679996745
uid___A001_X3788_Xae87,67,MEDIUM,60.23529580800944
uid___A001_X3788_Xae87,69,MEDIUM,10.783634303997395
uid___A001_X3788_Xae87,71,MEDIUM,68.56838252799479
uid___A001_X3788_Xae87,85,MEDIUM,0.6537257599999999
uid___A001_X3788_Xae87,87,MEDIUM,46.67298971733236
uid___A001_X3788_Xae87,89,MEDIUM,56.18077783466797
uid___A001_X3788_Xae87,91,MEDIUM,10.690238933333333
uid___A001_X3788_Xb001,25,MEDIUM,74.16221098666992
uid___A001_X3788_Xb001,27,MEDIUM,73.48499592533528
uid___A001_X3788_Xb001,29,MEDIUM,75.24693177066732
uid___A001_X3788_Xb001,31,MEDIUM,26.235152266666667
uid___A001_X3788_Xb012,21,CONT,14.83141283499756
uid___A001_X3788_Xb012,23,CONT,16.393940720001222
uid___A001_X3788_Xb012,25,CONT,14.83142755
uid___A001_X3788_Xb012,27,CONT,16.393926280004884
uid___A001_X3788_Xb012,29,CONT,16.39405253499756
uid___A001_X3788_Xb012,31,CONT,16.39391129500122
uid___A001_X3788_Xb012,33,CONT,16.39406697999878
uid___A001_X3788_Xb012,35,CONT,16.393896849993897
uid___A001_X3788_Xb12a,17,CONT,14.847585164999389
uid___A001_X3788_Xb12a,25,FINE,82.58164923729167
uid___A001_X3788_Xb12a,27,FINE,75.38402696536458
uid___A001_X3788_Xb12a,29,FINE,17.23742918933268
uid___A001_X3788_Xb14e,33,COARSE,22.074870960000002
uid___A001_X3788_Xb14e,35,COARSE,34.15946608000651
uid___A001_X3788_Xb14e,37,COARSE,40.826915690670575
uid___A001_X3788_Xb14e,39,COARSE,69.99671449599609
uid___A001_X3788_Xb14e,41,COARSE,59.16224333866536
uid___A001_X3788_Xb14e,43,COARSE,53.32821657600261
uid___A001_X3788_Xb14e,45,COARSE,45.827472586666666
uid___A001_X3788_Xb14e,47,COARSE,69.57999402133464
uid___A001_X3788_Xb156,53,COARSE,69.5801372960026
uid___A001_X3788_Xb156,55,COARSE,62.07932836266927
uid___A001_X3788_Xb156,57,COARSE,29.57593068266276
uid___A001_X3788_Xb156,59,COARSE,59.99577702401042
uid___A001_X3788_Xb156,61,COARSE,49.578030629329426
uid___A001_X3788_Xb156,63,COARSE,64.9963066880078
uid___A001_X3788_Xb156,65,COARSE,52.49500224
uid___A001_X3788_Xb156,67,COARSE,75.83078411733072
uid___A001_X3788_Xb15a,53,COARSE,30.825893877330728
uid___A001_X3788_Xb15a,55,COARSE,56.28740695999349
uid___A001_X3788_Xb15a,57,COARSE,25.408653194661458
uid___A001_X3788_Xb15a,59,COARSE,34.62428725866536
uid___A001_X3788_Xb15a,61,COARSE,27.906490698665365
uid___A001_X3788_Xb15a,63,COARSE,5.460347968001302
uid___A001_X3788_Xb15a,65,COARSE,60.82913416533854
uid___A001_X3788_Xb15a,67,COARSE,23.384793039999998
uid___A001_X3788_Xb15e,53,COARSE,14.158488191998696
uid___A001_X3788_Xb15e,55,COARSE,19.24301467733724
uid___A001_X3788_Xb15e,57,COARSE,35.87157510932943
uid___A001_X3788_Xb15e,59,COARSE,31.750134474667966
uid___A001_X3788_Xb15e,61,COARSE,40.82770558934896
uid___A001_X3788_Xb15e,63,COARSE,33.326938453333334
uid___A001_X3788_Xb15e,65,COARSE,22.525128026673176
uid___A001_X3788_Xb15e,67,COARSE,68.747
uid___A001_X3788_Xb166,53,COARSE,10.822314901328125
uid___A001_X3788_Xb166,55,COARSE,38.93620689066406
uid___A001_X3788_Xb166,57,COARSE,79.99753062400391
uid___A001_X3788_Xb166,59,COARSE,17.07303203200521
uid___A001_X3788_Xb166,61,COARSE,19.573412618665365
uid___A001_X3788_Xb166,63,COARSE,19.156616949335938
uid___A001_X3788_Xb166,65,COARSE,41.2427574880013
uid___A001_X3788_Xb166,67,COARSE,52.07737112
uid___A001_X3788_Xb172,45,COARSE,22.909352506666668
uid___A001_X3788_Xb172,47,COARSE,4.574217301328125
uid___A001_X3788_Xb172,49,COARSE,42.07784450133464
uid___A001_X3788_Xb172,51,COARSE,60.82958686933594
uid___A001_X3788_Xb172,53,COARSE,75.83104612266276
uid___A001_X3788_Xb172,55,COARSE,48.32838523732422
uid___A001_X3788_Xb172,57,COARSE,27.909852778665368
uid___A001_X3788_Xb172,59,COARSE,24.576102021334638
uid___A001_X3788_Xb176,33,COARSE,19.234938309342446
uid___A001_X3788_Xb176,35,COARSE,28.32664872533203
uid___A001_X3788_Xb176,37,COARSE,72.91416200533854
uid___A001_X3788_Xb176,39,COARSE,52.9122690080013
uid___A001_X3788_Xb176,41,COARSE,67.49699814399088
uid___A001_X3788_Xb176,43,COARSE,27.076514400013018
uid___A001_X3788_Xb176,45,COARSE,12.075223055996094
uid___A001_X3788_Xb176,47,COARSE,31.660268480006508
uid___A001_X3788_Xb17e,45,COARSE,44.57676206934244
uid___A001_X3788_Xb17e,47,COARSE,30.28360055466146
uid___A001_X3788_Xb17e,49,COARSE,29.81600126933594
uid___A001_X3788_Xb17e,51,COARSE,42.49314710401041
uid___A001_X3788_Xb17e,53,COARSE,62.49556
uid___A001_X3788_Xb17e,55,COARSE,12.489563839999999
uid___A001_X3788_Xb17e,57,COARSE,37.4926056
uid___A001_X3788_Xb17e,59,COARSE,48.225363338671876
uid___A001_X3788_Xb182,45,COARSE,37.25468491466146
uid___A001_X3788_Xb182,47,COARSE,26.42934056799805
uid___A001_X3788_Xb182,49,COARSE,40.82572781866537
uid___A001_X3788_Xb182,51,COARSE,34.99419049065755
uid___A001_X3788_Xb182,53,COARSE,44.3678832719987
uid___A001_X3788_Xb182,55,COARSE,38.52360417333659
uid___A001_X3788_Xb182,57,COARSE,33.11646893066406
uid___A001_X3788_Xb182,59,COARSE,35.628037957330726
uid___A001_X3788_Xb186,45,COARSE,31.393973674654944
uid___A001_X3788_Xb186,47,COARSE,66.2457020319922
uid___A001_X3788_Xb186,49,COARSE,55.555415583997394
uid___A001_X3788_Xb186,51,COARSE,6.030592591998698
uid___A001_X3788_Xb186,53,COARSE,24.990500794661457
uid___A001_X3788_Xb186,55,COARSE,30.625346448001302
uid___A001_X3788_Xb186,57,COARSE,55.95549513600911
uid___A001_X3788_Xb186,59,COARSE,36.88449172266276
uid___A001_X3788_Xb18e,33,COARSE,70.41427690133463
uid___A001_X3788_Xb18e,35,COARSE,19.1600851519987
uid___A001_X3788_Xb18e,37,COARSE,47.07906477866536
uid___A001_X3788_Xb18e,39,COARSE,66.66394879999349
uid___A001_X3788_Xb18e,41,COARSE,20.826956426660157
uid___A001_X3788_Xb18e,43,COARSE,79.16496559999348
uid___A001_X3788_Xb18e,45,COARSE,56.663180586660154
uid___A001_X3788_Xb18e,47,COARSE,34.1612837119987
uid___A001_X3788_Xb192,45,COARSE,65.41232587733073
uid___A001_X3788_Xb192,47,COARSE,67.07917730132813
uid___A001_X3788_Xb192,49,COARSE,32.95158147732422
uid___A001_X3788_Xb192,51,COARSE,51.24383800533203
uid___A001_X3788_Xb192,53,COARSE,64.1621786080013
uid___A001_X3788_Xb192,55,COARSE,27.171114869322917
uid___A001_X3788_Xb192,57,COARSE,67.4959340159961
uid___A001_X3788_Xb192,59,COARSE,nan
uid___A001_X3788_Xb1f8,24,FINE,77.23539549869791
uid___A001_X3788_Xb1f8,26,MEDIUM,60.57358007466471
uid___A001_X3788_Xb1f8,28,MEDIUM,53.43417421867187
uid___A001_X3788_Xb1f8,30,FINE,72.26353151997395
uid___A001_X3788_Xb1fe,24,FINE,69.37510626132813
uid___A001_X3788_Xb1fe,26,MEDIUM,26.75233426133464
uid___A001_X3788_Xb1fe,28,MEDIUM,5.309771962669271
uid___A001_X3788_Xb1fe,30,FINE,51.195679381341144
uid___A001_X3788_Xb2de,19,CONT,14.04690475499878
uid___A001_X3788_Xb2de,21,CONT,14.04670455
uid___A001_X3788_Xb2de,23,CONT,14.828062174996948
uid___A001_X3788_Xb2de,25,COARSE,69.57782582400066
uid___A001_X3788_Xb323,5,CONT,14.840653309999846
uid___A001_X3788_Xb323,7,CONT,14.840645680000305
uid___A001_X3788_Xb323,9,CONT,14.840607529999541
uid___A001_X3788_Xb323,11,CONT,15.621878799999237
uid___A001_X3788_Xb327,5,CONT,15.631104159999849
uid___A001_X3788_Xb327,7,CONT,14.849883430000304
uid___A001_X3788_Xb327,9,CONT,15.630938379999543
uid___A001_X3788_Xb327,11,CONT,14.849716114999389
uid___A001_X3788_Xb336,25,MEDIUM,55.73021886933268
uid___A001_X3788_Xb336,27,FINE,30.949231317304687
uid___A001_X3788_Xb336,29,MEDIUM,52.99405392800129
uid___A001_X3788_Xb336,31,FINE,46.044701077343746
uid___A001_X3788_Xb3a8,45,COARSE,39.585596880000004
uid___A001_X3788_Xb3a8,47,COARSE,50.30537934400391
uid___A001_X3788_Xb3a8,49,COARSE,29.58596612799479
uid___A001_X3788_Xb3a8,51,COARSE,46.5660202560026
uid___A001_X3788_Xb3a8,53,COARSE,22.086262501321617
uid___A001_X3788_Xb3a8,55,COARSE,15.836321856002606
uid___A001_X3788_Xb3a8,57,COARSE,6.042456202669271
uid___A001_X3788_Xb3a8,59,COARSE,67.0844957919987
uid___A001_X3788_Xb3b7,53,COARSE,18.536852599996745
uid___A001_X3788_Xb3b7,55,COARSE,43.53813546400065
uid___A001_X3788_Xb3b7,57,COARSE,60.41430773600911
uid___A001_X3788_Xb3b7,59,COARSE,35.204334045341795
uid___A001_X3788_Xb3b7,61,COARSE,26.037274464000653
uid___A001_X3788_Xb3b7,63,COARSE,17.703376573336588
uid___A001_X3788_Xb3b7,65,COARSE,30.412496405335286
uid___A001_X3788_Xb3b7,67,COARSE,23.95381135999674
uid___A001_X3788_Xb3fd,33,COARSE,41.24330268800781
uid___A001_X3788_Xb3fd,35,COARSE,28.48159696000651
uid___A001_X3788_Xb3fd,37,COARSE,51.2444464
uid___A001_X3788_Xb3fd,39,COARSE,56.66170517333333
uid___A001_X3788_Xb3fd,41,COARSE,55.82830525866537
uid___A001_X3788_Xb3fd,43,COARSE,49.99427199999349
uid___A001_X3788_Xb3fd,45,COARSE,93.3325747200065
uid___A001_X3788_Xb3fd,47,COARSE,81.2478508
uid___A001_X3788_Xb3ff,33,COARSE,22.081365594667968
uid___A001_X3788_Xb3ff,35,COARSE,72.4992970560026
uid___A001_X3788_Xb3ff,37,COARSE,65.8324722239974
uid___A001_X3788_Xb3ff,39,COARSE,51.248750752005215
uid___A001_X3788_Xb3ff,41,COARSE,54.58219159466145
uid___A001_X3788_Xb3ff,43,COARSE,75.41603544533203
uid___A001_X3788_Xb3ff,45,COARSE,33.7483370719987
uid___A001_X3788_Xb3ff,47,COARSE,81.2495176
uid___A001_X3788_Xb409,25,COARSE,51.66291940266764
uid___A001_X3788_Xb409,27,COARSE,69.99767334400066
uid___A001_X3788_Xb409,29,COARSE,49.99611263999837
uid___A001_X3788_Xb409,31,COARSE,42.495528064000645
uid___A001_X3788_Xb40f,25,COARSE,68.748566
uid___A001_X3788_Xb40f,27,COARSE,79.99908198400227
uid___A001_X3788_Xb40f,29,COARSE,56.664672640001626
uid___A001_X3788_Xb40f,31,COARSE,48.330954517333986
uid___A001_X3788_Xb416,33,COARSE,19.896394869335936
uid___A001_X3788_Xb416,35,COARSE,25.820729984003904
uid___A001_X3788_Xb416,37,COARSE,59.159792554667966
uid___A001_X3788_Xb416,39,COARSE,29.571350106666667
uid___A001_X3788_Xb416,41,COARSE,54.158968426673184
uid___A001_X3788_Xb416,43,COARSE,80.83006426666667
uid___A001_X3788_Xb416,45,COARSE,63.3271799039974
uid___A001_X3788_Xb416,47,COARSE,79.57984793066406
uid___A001_X3788_Xb446,21,COARSE,11.497009061333008
uid___A001_X3788_Xb446,23,COARSE,11.288617034666748
uid___A001_X3788_Xb446,25,COARSE,58.326967466665856
uid___A001_X3788_Xb446,27,COARSE,12.278296149333496
uid___A001_X3788_Xb448,21,COARSE,13.071111904000244
uid___A001_X3788_Xb448,23,COARSE,58.90535720000041
uid___A001_X3788_Xb448,25,COARSE,11.30017926933309
uid___A001_X3788_Xb448,27,COARSE,8.07091690666626
uid___A001_X3788_Xb453,25,COARSE,30.832953525333657
uid___A001_X3788_Xb453,27,COARSE,10.416150666666667
uid___A001_X3788_Xb453,29,COARSE,15.416051712000325
uid___A001_X3788_Xb453,31,COARSE,32.08282303466634
uid___A001_X3788_Xb457,25,COARSE,13.324637269333497
uid___A001_X3788_Xb457,27,COARSE,24.575731333333334
uid___A001_X3788_Xb457,29,COARSE,27.909292714667156
uid___A001_X3788_Xb457,31,COARSE,29.159405173333337
uid___A001_X3788_Xb45b,25,COARSE,6.2519116
uid___A001_X3788_Xb45b,27,COARSE,5.001912768000488
uid___A001_X3788_Xb45b,29,COARSE,10.834971146666666
uid___A001_X3788_Xb45b,31,COARSE,47.917608
uid___A001_X3788_Xb479,24,COARSE,11.876839562667643
uid___A001_X3788_Xb479,26,COARSE,1.2590470773331706
uid___A001_X3788_Xb479,28,COARSE,11.711737999999999
uid___A001_X3788_Xb479,30,FINE,83.78470792532552
uid___A001_X3788_Xb4f2,16,CONT,14.832961724999999
uid___A001_X3788_Xb4f2,20,CONT,14.832839644998169
uid___A001_X3788_Xb4f2,22,CONT,14.832821114999389
uid___A001_X3788_Xb4f2,24,COARSE,49.576938080000815
uid___A001_X3788_Xb4f6,18,CONT,45.3034252
uid___A001_X3788_Xb4f6,22,CONT,14.82947208999939
uid___A001_X3788_Xb4f6,24,COARSE,51.98645977066732
uid___A001_X3788_Xb4f6,26,MEDIUM,76.03760671999675
uid___A001_X3788_Xb512,25,FINE,36.22737934732379
uid___A001_X3788_Xb512,27,FINE,52.114523550241984
uid___A001_X3788_Xb512,29,MEDIUM,75.88944315732422
uid___A001_X3788_Xb512,31,MEDIUM,55.097178090664066
uid___A001_X3788_Xb512,33,MEDIUM,11.386040405338543
uid___A001_X3788_Xb512,35,MEDIUM,37.46830449636975
uid___A001_X3788_Xb512,37,MEDIUM,39.425123818555804
uid___A001_X3788_Xb512,39,FINE,54.76933293282548
uid___A001_X3788_Xb512,41,FINE,37.757587150869384
uid___A001_X3788_Xb515,25,FINE,31.012499445349434
uid___A001_X3788_Xb515,27,FINE,38.003455143666194
uid___A001_X3788_Xb515,29,MEDIUM,12.779486314667968
uid___A001_X3788_Xb515,31,MEDIUM,63.28205350400064
uid___A001_X3788_Xb515,33,MEDIUM,60.11845657598959
uid___A001_X3788_Xb515,35,MEDIUM,33.034414903965946
uid___A001_X3788_Xb515,37,MEDIUM,32.89388911455837
uid___A001_X3788_Xb515,39,FINE,46.12876072212939
uid___A001_X3788_Xb515,41,FINE,31.055186896917597
uid___A001_X3788_Xb517,25,FINE,51.23073567508472
uid___A001_X3788_Xb517,27,FINE,25.491337820751102
uid___A001_X3788_Xb517,29,MEDIUM,3.692440106666667
uid___A001_X3788_Xb517,31,MEDIUM,2.827350848001302
uid___A001_X3788_Xb517,33,MEDIUM,10.626589013333334
uid___A001_X3788_Xb517,35,MEDIUM,33.86784369675775
uid___A001_X3788_Xb517,37,MEDIUM,46.450641706103454
uid___A001_X3788_Xb517,39,FINE,40.70134348685877
uid___A001_X3788_Xb517,41,FINE,44.5582114489981
uid___A001_X3788_Xb51a,25,FINE,44.78292088922522
uid___A001_X3788_Xb51a,27,FINE,54.26345551922108
uid___A001_X3788_Xb51a,29,MEDIUM,14.789722069332683
uid___A001_X3788_Xb51a,31,MEDIUM,63.540812800000005
uid___A001_X3788_Xb51a,33,MEDIUM,42.911412906653645
uid___A001_X3788_Xb51a,35,MEDIUM,52.6999402667541
uid___A001_X3788_Xb51a,37,MEDIUM,22.903138215988722
uid___A001_X3788_Xb51a,39,FINE,56.03362505932745
uid___A001_X3788_Xb51a,41,FINE,48.11565660529074
uid___A001_X3788_Xb51f,25,FINE,62.17483539218735
uid___A001_X3788_Xb51f,27,FINE,45.23135741320001
uid___A001_X3788_Xb51f,29,MEDIUM,43.745484800003254
uid___A001_X3788_Xb51f,31,MEDIUM,1.4242990506673179
uid___A001_X3788_Xb51f,33,MEDIUM,10.562825557317709
uid___A001_X3788_Xb51f,35,MEDIUM,26.09015493106258
uid___A001_X3788_Xb51f,37,MEDIUM,27.371793602736126
uid___A001_X3788_Xb51f,39,FINE,57.82954612943835
uid___A001_X3788_Xb51f,41,FINE,43.47076670226346
uid___A001_X3788_Xb521,25,FINE,55.518252784476374
uid___A001_X3788_Xb521,27,FINE,47.73562561226614
uid___A001_X3788_Xb521,29,MEDIUM,1.250140928001302
uid___A001_X3788_Xb521,31,MEDIUM,19.270939200003255
uid___A001_X3788_Xb521,33,MEDIUM,60.31075251196615
uid___A001_X3788_Xb521,35,MEDIUM,29.436094945209394
uid___A001_X3788_Xb521,37,MEDIUM,24.863038580858117
uid___A001_X3788_Xb521,39,FINE,34.160294092512586
uid___A001_X3788_Xb521,41,FINE,38.45489044919661
uid___A001_X3788_Xb524,25,FINE,28.940775303871742
uid___A001_X3788_Xb524,27,FINE,82.80793701722708
uid___A001_X3788_Xb524,29,MEDIUM,15.202386602666015
uid___A001_X3788_Xb524,31,MEDIUM,13.367621546666667
uid___A001_X3788_Xb524,33,MEDIUM,68.84909158397136
uid___A001_X3788_Xb524,35,MEDIUM,39.775254378449596
uid___A001_X3788_Xb524,37,MEDIUM,40.59407206904809
uid___A001_X3788_Xb524,39,FINE,33.83562766023835
uid___A001_X3788_Xb524,41,FINE,41.16274554648838
uid___A001_X3788_Xb526,25,FINE,34.72792257889149
uid___A001_X3788_Xb526,27,FINE,51.923858667630185
uid___A001_X3788_Xb526,29,MEDIUM,2.3953323520052083
uid___A001_X3788_Xb526,31,MEDIUM,14.791222826669923
uid___A001_X3788_Xb526,33,MEDIUM,13.434487296002603
uid___A001_X3788_Xb526,35,MEDIUM,28.53665200067675
uid___A001_X3788_Xb526,37,MEDIUM,17.91088988937396
uid___A001_X3788_Xb526,39,FINE,52.420392430588045
uid___A001_X3788_Xb526,41,FINE,49.18480743693307
uid___A001_X3788_Xb529,25,FINE,28.873585942534785
uid___A001_X3788_Xb529,27,FINE,93.43553601235301
uid___A001_X3788_Xb529,29,MEDIUM,58.22315884799805
uid___A001_X3788_Xb529,31,MEDIUM,15.17534854400065
uid___A001_X3788_Xb529,33,MEDIUM,67.4290997760026
uid___A001_X3788_Xb529,35,MEDIUM,37.88028989415783
uid___A001_X3788_Xb529,37,MEDIUM,33.782123876624084
uid___A001_X3788_Xb529,39,FINE,67.06242128004114
uid___A001_X3788_Xb529,41,FINE,37.06912932767631
uid___A001_X3788_Xb52b,25,FINE,16.651455785419188
uid___A001_X3788_Xb52b,27,FINE,60.749503189746854
uid___A001_X3788_Xb52b,29,MEDIUM,2.083392426669922
uid___A001_X3788_Xb52b,31,MEDIUM,15.10422848000651
uid___A001_X3788_Xb52b,33,MEDIUM,59.78970214398438
uid___A001_X3788_Xb52b,35,MEDIUM,17.249369728532624
uid___A001_X3788_Xb52b,37,MEDIUM,18.51057586298047
uid___A001_X3788_Xb52b,39,FINE,80.51848403756028
uid___A001_X3788_Xb52b,41,FINE,57.80787899060993
uid___A001_X3788_Xb530,25,FINE,28.974406165824444
uid___A001_X3788_Xb530,27,FINE,53.225803071403256
uid___A001_X3788_Xb530,29,MEDIUM,39.63206425598958
uid___A001_X3788_Xb530,31,MEDIUM,58.252039487994786
uid___A001_X3788_Xb530,33,MEDIUM,48.34446737066406
uid___A001_X3788_Xb530,35,MEDIUM,36.189639518200316
uid___A001_X3788_Xb530,37,MEDIUM,48.749105195451065
uid___A001_X3788_Xb530,39,FINE,59.22045318789557
uid___A001_X3788_Xb530,41,FINE,67.70794350258092
uid___A001_X3788_Xb533,25,FINE,14.599513429743332
uid___A001_X3788_Xb533,27,FINE,52.84528038799095
uid___A001_X3788_Xb533,29,MEDIUM,3.3306589866666667
uid___A001_X3788_Xb533,31,MEDIUM,8.226643967994791
uid___A001_X3788_Xb533,33,MEDIUM,89.00267750399739
uid___A001_X3788_Xb533,35,MEDIUM,24.775255231808245
uid___A001_X3788_Xb533,37,MEDIUM,17.154124156501553
uid___A001_X3788_Xb533,39,FINE,25.231073594822405
uid___A001_X3788_Xb533,41,FINE,66.69100928765644
uid___A001_X3788_Xb535,25,FINE,25.458823629824668
uid___A001_X3788_Xb535,27,FINE,92.39539336926433
uid___A001_X3788_Xb535,29,MEDIUM,34.393604309329426
uid___A001_X3788_Xb535,31,MEDIUM,13.123671509332683
uid___A001_X3788_Xb535,33,MEDIUM,42.30335974395834
uid___A001_X3788_Xb535,35,MEDIUM,27.243199451141674
uid___A001_X3788_Xb535,37,MEDIUM,31.87990589445947
uid___A001_X3788_Xb535,39,FINE,63.540165000361284
uid___A001_X3788_Xb535,41,FINE,52.18599015592381
uid___A001_X3788_Xb53f,9,CONT,15.634217800000764
uid___A001_X3788_Xb53f,18,CONT,33.601117800000765
uid___A001_X3788_Xb53f,21,CONT,15.634190799999237
uid___A001_X3788_Xb53f,23,COARSE,43.33963502933431
uid___A001_X3788_Xb543,25,COARSE,51.664036863999016
uid___A001_X3788_Xb543,27,COARSE,51.66407321599935
uid___A001_X3788_Xb543,29,COARSE,68.95684571733317
uid___A001_X3788_Xb543,31,COARSE,67.18591912000001
uid___A001_X3788_Xb547,25,COARSE,65.83494315733317
uid___A001_X3788_Xb547,27,COARSE,12.5040936
uid___A001_X3788_Xb547,29,COARSE,52.91878443733399
uid___A001_X3788_Xb547,31,COARSE,25.001740960001626
uid___A001_X3788_Xb577,17,CONT,13.269610539999391
uid___A001_X3788_Xb577,19,CONT,37.4916048
uid___A001_X3788_Xb577,21,CONT,13.269541719998168
uid___A001_X3788_Xb577,23,CONT,13.26953228500061
uid___A001_X3788_Xb577,29,CONT,39.05443206999817
uid___A001_X3788_Xb577,31,CONT,39.05442621999817
uid___A001_X3788_Xb577,33,CONT,21.08324650500183
uid___A001_X3788_Xb577,35,CONT,32.803549550003055
uid___A001_X3788_Xb57b,5,CONT,13.26823691499939
uid___A001_X3788_Xb57b,7,CONT,13.26821693500061
uid___A001_X3788_Xb57b,9,CONT,13.268113150003053
uid___A001_X3788_Xb57b,11,CONT,13.268092615002441
uid___A001_X3788_Xb5c6,25,FINE,38.78221962052676
uid___A001_X3788_Xb5c6,27,FINE,38.1832905528629
uid___A001_X3788_Xb5c6,29,MEDIUM,27.83352926934245
uid___A001_X3788_Xb5c6,31,MEDIUM,62.91077138133464
uid___A001_X3788_Xb5d0,25,FINE,52.244972846894
uid___A001_X3788_Xb5d0,27,FINE,57.11990534840994
uid___A001_X3788_Xb5d0,29,MEDIUM,24.684544981328123
uid___A001_X3788_Xb5d0,31,MEDIUM,2.0835944
uid___A001_X3788_Xb600,16,CONT,13.27942182999878
uid___A001_X3788_Xb600,18,CONT,13.279370214996339
uid___A001_X3788_Xb600,20,CONT,13.27943182000122
uid___A001_X3788_Xb600,22,CONT,13.27935967000122
uid___A001_X3788_Xb600,24,CONT,13.279441809997557
uid___A001_X3788_Xb600,26,CONT,13.279349679998779
uid___A001_X3788_Xb600,28,CONT,13.27945235499878
uid___A001_X3788_Xb600,30,CONT,13.279339690002443
uid___A001_X3788_Xb60a,21,CONT,23.702578016666667
uid___A001_X3788_Xb60a,23,CONT,14.848920415000407
uid___A001_X3788_Xb60a,25,CONT,14.849012701666261
uid___A001_X3788_Xb60a,27,CONT,14.848905336667887
uid___A001_X3788_Xb60a,29,CONT,22.661036261665853
uid___A001_X3788_Xb60a,31,CONT,14.848890076668294
uid___A001_X3788_Xb60a,33,CONT,21.359072248331703
uid___A001_X3788_Xb60a,35,CONT,15.109274773331705
uid___A001_X3788_Xb60c,17,CONT,14.847082280000814
uid___A001_X3788_Xb60c,19,CONT,18.49277122999878
uid___A001_X3788_Xb60c,21,CONT,17.190750634995524
uid___A001_X3788_Xb60c,23,CONT,13.284621254998777
uid___A001_X3788_Xb60c,25,CONT,13.284644010001626
uid___A001_X3788_Xb60c,27,CONT,13.284618481667074
uid___A001_X3788_Xb60c,29,CONT,13.284646970001221
uid___A001_X3788_Xb60c,31,CONT,13.545021540000407
uid___A001_X3788_Xb64b,19,CONT,14.054659744999695
uid___A001_X3788_Xb64b,21,CONT,14.835945055000305
uid___A001_X3788_Xb64b,23,CONT,14.835935790000915
uid___A001_X3788_Xb64b,25,COARSE,22.909639626668294
uid___A001_X3788_Xb651,19,CONT,14.835177694999697
uid___A001_X3788_Xb651,21,CONT,24.99237807999878
uid___A001_X3788_Xb651,23,CONT,14.835074689997862
uid___A001_X3788_Xb651,25,COARSE,63.3296481280013
uid___A001_X3788_Xb657,19,CONT,13.274217594999696
uid___A001_X3788_Xb657,21,CONT,13.274211490000914
uid___A001_X3788_Xb657,23,CONT,13.274210380000307
uid___A001_X3788_Xb657,25,COARSE,52.07944847999837
uid___A001_X3788_Xb65b,19,CONT,13.267912794999695
uid___A001_X3788_Xb65b,21,CONT,13.267771269999695
uid___A001_X3788_Xb65b,23,CONT,13.267734084999084
uid___A001_X3788_Xb65b,25,COARSE,35.82348226133138
uid___A001_X3788_Xb65d,19,CONT,13.27507229499817
uid___A001_X3788_Xb65d,21,CONT,13.275043989999388
uid___A001_X3788_Xb65d,23,CONT,13.275036219999695
uid___A001_X3788_Xb65d,25,COARSE,45.412781381333005
uid___A001_X3788_Xb661,19,CONT,13.268659825001524
uid___A001_X3788_Xb661,21,CONT,13.268584899998473
uid___A001_X3788_Xb661,23,CONT,13.268565480000305
uid___A001_X3788_Xb661,25,COARSE,40.82475198933431
uid___A001_X3788_Xb663,19,CONT,13.274069965000916
uid___A001_X3788_Xb663,21,CONT,14.05535935
uid___A001_X3788_Xb663,23,CONT,13.274038330000304
uid___A001_X3788_Xb663,25,COARSE,61.24679336
uid___A001_X3788_Xb667,17,CONT,14.838152304999541
uid___A001_X3788_Xb667,21,CONT,14.838098350000001
uid___A001_X3788_Xb667,23,CONT,14.838089629999542
uid___A001_X3788_Xb667,25,COARSE,62.91422545600016
uid___A001_X3788_Xb669,17,CONT,13.283533825
uid___A001_X3788_Xb669,21,CONT,13.283516619999695
uid___A001_X3788_Xb669,23,CONT,13.283513844999694
uid___A001_X3788_Xb669,25,COARSE,6.669121706666667
uid___A001_X3788_Xb66d,19,CONT,13.269228144999696
uid___A001_X3788_Xb66d,21,CONT,13.26917930499878
uid___A001_X3788_Xb66d,23,CONT,13.269166540000915
uid___A001_X3788_Xb66d,25,COARSE,46.65927748266764
uid___A001_X3788_Xb66f,19,CONT,13.274475669999694
uid___A001_X3788_Xb66f,21,CONT,13.27445846499939
uid___A001_X3788_Xb66f,23,CONT,13.274454024999999
uid___A001_X3788_Xb66f,25,COARSE,58.74677867199707
uid___A001_X3788_Xb673,5,CONT,14.82984705
uid___A001_X3788_Xb673,17,CONT,14.82982525
uid___A001_X3788_Xb673,21,CONT,14.82968027999878
uid___A001_X3788_Xb673,23,COARSE,19.570067285333657
uid___A001_X3788_Xb675,5,CONT,14.836727675001526
uid___A001_X3788_Xb675,17,CONT,14.836722230000305
uid___A001_X3788_Xb675,21,CONT,14.836684075
uid___A001_X3788_Xb675,23,COARSE,37.07811718933268
uid___A001_X3788_Xb679,19,CONT,13.269516189997862
uid___A001_X3788_Xb679,21,CONT,13.269436825
uid___A001_X3788_Xb679,23,CONT,13.26941628999939
uid___A001_X3788_Xb679,25,COARSE,11.654726826668295
uid___A001_X3788_Xb67b,19,CONT,13.275736069999693
uid___A001_X3788_Xb67b,21,CONT,13.27570998999939
uid___A001_X3788_Xb67b,23,CONT,13.275703329998779
uid___A001_X3788_Xb67b,25,COARSE,22.07838257066732
uid___A001_X3788_Xb67f,17,CONT,14.832016694999695
uid___A001_X3788_Xb67f,19,CONT,14.050645300000001
uid___A001_X3788_Xb67f,23,CONT,14.83191859499817
uid___A001_X3788_Xb67f,25,COARSE,48.32616249599935
uid___A001_X3788_Xb681,17,CONT,13.2773317
uid___A001_X3788_Xb681,19,CONT,13.277328370001221
uid___A001_X3788_Xb681,23,CONT,13.277306170001221
uid___A001_X3788_Xb681,25,COARSE,4.9956832
uid___A001_X3788_Xb685,17,CONT,13.266711219999694
uid___A001_X3788_Xb685,19,CONT,13.266691239999389
uid___A001_X3788_Xb685,23,CONT,13.266566365000914
uid___A001_X3788_Xb685,25,COARSE,9.15130551466797
uid___A001_X3788_Xb687,17,CONT,14.062508800001524
uid___A001_X3788_Xb687,19,CONT,13.281253330000306
uid___A001_X3788_Xb687,23,CONT,13.281214480000306
uid___A001_X3788_Xb687,25,COARSE,44.16664737066732
uid___A001_X3788_Xb691,19,CONT,13.277783469999695
uid___A001_X3788_Xb691,21,CONT,13.277685790000914
uid___A001_X3788_Xb691,23,CONT,13.277670249998474
uid___A001_X3788_Xb691,25,COARSE,27.91379809599772
uid___A001_X3788_Xb693,19,CONT,14.065634450000001
uid___A001_X3788_Xb693,21,CONT,24.221498010000612
uid___A001_X3788_Xb693,23,CONT,24.221495584999083
uid___A001_X3788_Xb693,25,COARSE,13.336497152000327
uid___A001_X3788_Xb697,17,CONT,13.281435925001524
uid___A001_X3788_Xb697,19,CONT,13.281425935000609
uid___A001_X3788_Xb697,23,CONT,13.281361555000304
uid___A001_X3788_Xb697,25,COARSE,54.583396698663734
uid___A001_X3788_Xb699,17,CONT,13.28849941000061
uid___A001_X3788_Xb699,19,CONT,13.288497745001221
uid___A001_X3788_Xb699,23,CONT,23.44389057999878
uid___A001_X3788_Xb699,25,COARSE,6.6744582826676435
uid___A001_X3788_Xb69d,19,CONT,14.853380150001527
uid___A001_X3788_Xb69d,21,CONT,14.853312569999694
uid___A001_X3788_Xb69d,23,CONT,14.853295130000305
uid___A001_X3788_Xb69d,25,COARSE,36.67383701333496
uid___A001_X3788_Xb69f,19,CONT,13.289806434999086
uid___A001_X3788_Xb69f,21,CONT,13.289788679998779
uid___A001_X3788_Xb69f,23,CONT,13.28978423500061
uid___A001_X3788_Xb69f,25,COARSE,21.25777268799805
uid___A001_X3788_Xb6a3,7,CONT,13.281282189999391
uid___A001_X3788_Xb6a3,19,CONT,13.281217255000305
uid___A001_X3788_Xb6a3,21,CONT,13.281204489999391
uid___A001_X3788_Xb6a3,23,COARSE,8.333380266666666
uid___A001_X3788_Xb6a5,9,CONT,13.290795999999999
uid___A001_X3788_Xb6a5,11,CONT,13.290794334999848
uid___A001_X3788_Xb6a5,17,CONT,13.290806544999695
uid___A001_X3788_Xb6a5,21,COARSE,45.42268288533285
uid___A001_X3788_Xb6a9,19,CONT,14.853468985000609
uid___A001_X3788_Xb6a9,21,CONT,14.853390505000306
uid___A001_X3788_Xb6a9,23,CONT,14.853369794999693
uid___A001_X3788_Xb6a9,25,COARSE,22.50885657599935
uid___A001_X3788_Xb6ab,19,CONT,13.287862270001222
uid___A001_X3788_Xb6ab,21,CONT,13.287808990000915
uid___A001_X3788_Xb6ab,23,CONT,13.28779511499939
uid___A001_X3788_Xb6ab,25,COARSE,19.172838453333334
uid___A001_X3788_Xb6af,19,CONT,13.289620510002138
uid___A001_X3788_Xb6af,21,CONT,13.289562234999083
uid___A001_X3788_Xb6af,23,CONT,13.28954669500122
uid___A001_X3788_Xb6af,25,COARSE,53.7544696
uid___A001_X3788_Xb6b1,19,CONT,13.280936425
uid___A001_X3788_Xb6b1,21,CONT,35.93725687000275
uid___A001_X3788_Xb6b1,23,CONT,13.280917
uid___A001_X3788_Xb6b1,25,COARSE,57.91651584
uid___A001_X3788_Xb6b5,19,CONT,14.84899126499939
uid___A001_X3788_Xb6b5,21,CONT,37.5037796
uid___A001_X3788_Xb6b5,23,CONT,26.56692081999817
uid___A001_X3788_Xb6b5,25,COARSE,33.33744810666341
uid___A001_X3788_Xb6b7,19,CONT,13.279870819999696
uid___A001_X3788_Xb6b7,21,CONT,13.279824759999084
uid___A001_X3788_Xb6b7,23,CONT,20.3111791
uid___A001_X3788_Xb6b7,25,COARSE,50.83255547733398
uid___A001_X3788_Xb6bb,19,CONT,34.37703405999908
uid___A001_X3788_Xb6bb,21,CONT,13.28379578500061
uid___A001_X3788_Xb6bb,23,CONT,13.283759155000304
uid___A001_X3788_Xb6bb,25,COARSE,18.335887082667643
uid___A001_X3788_Xb6bd,19,CONT,13.276332144999694
uid___A001_X3788_Xb6bd,21,CONT,13.27627109500122
uid___A001_X3788_Xb6bd,23,CONT,13.276255554998778
uid___A001_X3788_Xb6bd,25,COARSE,8.744836272000326
uid___A001_X3788_Xb6c1,17,CONT,14.853349630000306
uid___A001_X3788_Xb6c1,19,CONT,14.853333280000305
uid___A001_X3788_Xb6c1,23,CONT,14.853228095001219
uid___A001_X3788_Xb6c1,25,COARSE,32.50752544
uid___A001_X3788_Xb6c3,17,CONT,13.276739514999388
uid___A001_X3788_Xb6c3,19,CONT,13.276731744998168
uid___A001_X3788_Xb6c3,23,CONT,13.276680130000305
uid___A001_X3788_Xb6c3,25,COARSE,33.329826133333334
uid___A001_X3788_Xb6c7,19,CONT,13.275159429998778
uid___A001_X3788_Xb6c7,21,CONT,13.275021235000612
uid___A001_X3788_Xb6c7,23,CONT,13.274985160002137
uid___A001_X3788_Xb6c7,25,COARSE,29.995101567999676
uid___A001_X3788_Xb6c9,19,CONT,13.276825540000917
uid___A001_X3788_Xb6c9,21,CONT,27.33999558999939
uid___A001_X3788_Xb6c9,23,CONT,13.2767545
uid___A001_X3788_Xb6c9,25,COARSE,9.162041578666992
uid___A001_X3788_Xb6cd,17,CONT,13.286624065000915
uid___A001_X3788_Xb6cd,19,CONT,13.286614630000305
uid___A001_X3788_Xb6cd,23,CONT,13.286556355000306
uid___A001_X3788_Xb6cd,25,COARSE,10.00551577599935
uid___A001_X3788_Xb6cf,17,CONT,13.275622855000305
uid___A001_X3788_Xb6cf,19,CONT,13.275619524999998
uid___A001_X3788_Xb6cf,23,CONT,13.275601209999085
uid___A001_X3788_Xb6cf,25,COARSE,7.493976991998698
uid___A001_X3788_Xb6d3,17,CONT,13.283367879998778
uid___A001_X3788_Xb6d3,19,CONT,15.627043894999696
uid___A001_X3788_Xb6d3,21,CONT,13.283257435000612
uid___A001_X3788_Xb6d3,25,COARSE,21.251807343997395
uid___A001_X3788_Xb6d5,17,CONT,13.27504676499939
uid___A001_X3788_Xb6d5,19,CONT,13.275040659999085
uid___A001_X3788_Xb6d5,21,CONT,13.27500902999878
uid___A001_X3788_Xb6d5,25,COARSE,7.910033130667318
uid___A001_X3788_Xb6db,17,CONT,14.055186650000001
uid___A001_X3788_Xb6db,19,CONT,13.27386461499939
uid___A001_X3788_Xb6db,23,CONT,13.273825765000916
uid___A001_X3788_Xb6db,25,COARSE,26.243690303997397
uid___A001_X3788_Xb6df,7,CONT,13.273280755000306
uid___A001_X3788_Xb6df,9,CONT,13.273222479999541
uid___A001_X3788_Xb6df,15,CONT,13.273291854999542
uid___A001_X3788_Xb6df,21,COARSE,66.24687145599934
uid___A001_X3788_Xb6e1,5,CONT,13.28285006499939
uid___A001_X3788_Xb6e1,9,CONT,13.28282675499954
uid___A001_X3788_Xb6e1,16,CONT,13.282846180000304
uid___A001_X3788_Xb6e1,21,COARSE,4.168404853333333
uid___A001_X3788_Xb6e5,17,CONT,14.07255785
uid___A001_X3788_Xb6e5,19,CONT,14.853705515000915
uid___A001_X3788_Xb6e5,21,CONT,14.853647744999696
uid___A001_X3788_Xb6e5,25,COARSE,22.092380143999023
uid___A001_X3788_Xb6e7,17,CONT,14.84608368999939
uid___A001_X3788_Xb6e7,19,CONT,14.84608151000061
uid___A001_X3788_Xb6e7,21,CONT,14.84607006499939
uid___A001_X3788_Xb6e7,25,COARSE,14.169002431998697
uid___A001_X3788_Xb6fe,18,CONT,13.28424477999878
uid___A001_X3788_Xb6fe,20,CONT,13.284113244999695
uid___A001_X3788_Xb6fe,22,CONT,13.28409104500122
uid___A001_X3788_Xb6fe,24,COARSE,43.33530406400065
uid___A001_X3788_Xb702,18,CONT,41.397206874999995
uid___A001_X3788_Xb702,20,CONT,49.2108021199997
uid___A001_X3788_Xb702,22,CONT,13.267645839999389
uid___A001_X3788_Xb702,24,COARSE,5.818833173333333
uid___A001_X3788_Xb706,18,CONT,13.269538390000916
uid___A001_X3788_Xb706,20,CONT,13.269477894999696
uid___A001_X3788_Xb706,22,CONT,13.269467905000305
uid___A001_X3788_Xb706,24,COARSE,34.574506165335286
uid___A001_X3788_Xb70a,18,CONT,13.271095720001222
uid___A001_X3788_Xb70a,20,CONT,37.4926684
uid___A001_X3788_Xb70a,22,CONT,13.27107462999878
uid___A001_X3788_Xb70a,24,COARSE,27.491512512000327
uid___A001_X3788_Xb70e,18,CONT,13.271156215000914
uid___A001_X3788_Xb70e,20,CONT,13.2711379
uid___A001_X3788_Xb70e,22,CONT,13.271135125
uid___A001_X3788_Xb70e,24,COARSE,18.323830207999674
uid___A001_X3788_Xb712,18,CONT,13.26917986000061
uid___A001_X3788_Xb712,20,CONT,13.269054430000304
uid___A001_X3788_Xb712,22,CONT,13.269033339999389
uid___A001_X3788_Xb712,24,COARSE,9.15404592
uid___A001_X3788_Xb716,18,CONT,25.7699982
uid___A001_X3788_Xb716,20,CONT,14.83074193999939
uid___A001_X3788_Xb716,22,CONT,14.830725589999389
uid___A001_X3788_Xb716,24,COARSE,32.07304998933594
uid___A001_X3788_Xb71a,18,CONT,13.271967625
uid___A001_X3788_Xb71a,20,CONT,13.271950975001525
uid___A001_X3788_Xb71a,22,CONT,45.306634
uid___A001_X3788_Xb71a,24,COARSE,5.406545493333334
uid___A001_X3788_Xb71e,18,CONT,13.269750955000307
uid___A001_X3788_Xb71e,20,CONT,13.269714325
uid___A001_X3788_Xb71e,22,CONT,13.269708219999696
uid___A001_X3788_Xb71e,24,COARSE,49.576651551998694
uid___A001_X3788_Xb722,18,CONT,14.829969130000306
uid___A001_X3788_Xb722,20,CONT,14.82982906499939
uid___A001_X3788_Xb722,22,CONT,14.829805629998779
uid___A001_X3788_Xb722,24,COARSE,10.818927423999023
uid___A001_X3788_Xb72a,18,CONT,13.266769494999695
uid___A001_X3788_Xb72a,20,CONT,13.266600775
uid___A001_X3788_Xb72a,22,CONT,13.266573025
uid___A001_X3788_Xb72a,24,COARSE,30.405069296000974
uid___A001_X3788_Xb72e,18,CONT,24.20684131000061
uid___A001_X3788_Xb72e,20,CONT,20.299842819999693
uid___A001_X3788_Xb72e,22,CONT,14.830199664999387
uid___A001_X3788_Xb72e,24,COARSE,55.82640460799967
uid___A001_X3788_Xb732,18,CONT,13.26971266000061
uid___A001_X3788_Xb732,20,CONT,13.269696010000612
uid___A001_X3788_Xb732,22,CONT,26.552713189999388
uid___A001_X3788_Xb732,24,COARSE,4.1539191466666665
uid___A001_X3788_Xb736,18,CONT,14.839604730000305
uid___A001_X3788_Xb736,20,CONT,14.839502270001221
uid___A001_X3788_Xb736,22,CONT,14.839485375001527
uid___A001_X3788_Xb736,24,COARSE,11.245697967999673
uid___A001_X3788_Xb73a,18,CONT,14.83955895
uid___A001_X3788_Xb73a,20,CONT,14.839428695001219
uid___A001_X3788_Xb73a,22,CONT,14.83940689500122
uid___A001_X3788_Xb73a,24,COARSE,29.579884831998697
uid___A001_X3788_Xb73e,18,CONT,16.394555434999084
uid___A001_X3788_Xb73e,20,CONT,37.49120679999847
uid___A001_X3788_Xb73e,22,CONT,13.269038890000914
uid___A001_X3788_Xb73e,24,COARSE,3.7365465599983723
uid___A001_X3788_Xb742,16,CONT,14.83004924500122
uid___A001_X3788_Xb742,20,CONT,14.830037800000001
uid___A001_X3788_Xb742,22,CONT,14.830020904998777
uid___A001_X3788_Xb742,24,COARSE,5.818176266666667
uid___A001_X3788_Xb74a,25,FINE,39.693742853370686
uid___A001_X3788_Xb74a,27,FINE,40.97949100416768
uid___A001_X3788_Xb74a,29,FINE,39.496160685932466
uid___A001_X3788_Xb74a,31,FINE,39.599198550038075
uid___A001_X3788_Xb74a,33,MEDIUM,11.625775658665365
uid___A001_X3788_Xb74a,35,FINE,44.40596445362908
uid___A001_X3788_Xb74a,37,FINE,49.29590553957727
uid___A001_X3788_Xb74a,39,FINE,47.96014254067836
uid___A001_X3788_Xb74a,41,FINE,49.09795729250352
uid___A001_X3788_Xb74a,43,FINE,43.903909969965575
uid___A001_X3788_Xb74a,45,FINE,51.39059644544103
uid___A001_X3788_Xb74a,47,FINE,21.967225258697916
uid___A001_X3788_Xb773,25,FINE,70.17739180602149
uid___A001_X3788_Xb773,27,FINE,52.242244059899654
uid___A001_X3788_Xb773,29,FINE,65.84864968644393
uid___A001_X3788_Xb773,31,FINE,45.438114100830134
uid___A001_X3788_Xb773,33,FINE,39.723268502862965
uid___A001_X3788_Xb773,35,FINE,55.169409050020946
uid___A001_X3788_Xb773,37,FINE,54.79592789679778
uid___A001_X3788_Xb773,39,MEDIUM,26.76377088
uid___A001_X3788_Xb775,25,FINE,62.15501076907831
uid___A001_X3788_Xb775,27,FINE,27.613554164454612
uid___A001_X3788_Xb775,29,FINE,38.61876256532261
uid___A001_X3788_Xb775,31,FINE,72.58030917943825
uid___A001_X3788_Xb775,33,FINE,33.638425567085186
uid___A001_X3788_Xb775,35,FINE,29.835894582640787
uid___A001_X3788_Xb775,37,FINE,59.13627789995952
uid___A001_X3788_Xb775,39,MEDIUM,12.675832826669922
uid___A001_X3788_Xb778,25,FINE,82.68470657300873
uid___A001_X3788_Xb778,27,FINE,68.92809461068218
uid___A001_X3788_Xb778,29,FINE,69.33311715574003
uid___A001_X3788_Xb778,31,FINE,44.691759537771446
uid___A001_X3788_Xb778,33,FINE,53.35660086903392
uid___A001_X3788_Xb778,35,FINE,51.62289662044072
uid___A001_X3788_Xb778,37,FINE,84.48730275208499
uid___A001_X3788_Xb778,39,MEDIUM,66.06348418133952
uid___A001_X3788_Xb77a,25,FINE,31.23563551090353
uid___A001_X3788_Xb77a,27,FINE,23.025784127320463
uid___A001_X3788_Xb77a,29,FINE,64.6627238717673
uid___A001_X3788_Xb77a,31,FINE,76.96340210076146
uid___A001_X3788_Xb77a,33,FINE,43.34609122456465
uid___A001_X3788_Xb77a,35,FINE,38.45814693701669
uid___A001_X3788_Xb77a,37,FINE,35.933683427267226
uid___A001_X3788_Xb77a,39,MEDIUM,6.546159893339844
uid___A001_X3788_Xb77d,25,FINE,22.64093214643061
uid___A001_X3788_Xb77d,27,FINE,23.950487423552815
uid___A001_X3788_Xb77d,29,FINE,38.85060364751093
uid___A001_X3788_Xb77d,31,FINE,32.95127095358733
uid___A001_X3788_Xb77d,33,FINE,38.19773320717912
uid___A001_X3788_Xb77d,35,FINE,37.66585304245644
uid___A001_X3788_Xb77d,37,FINE,36.73264202007256
uid___A001_X3788_Xb77d,39,MEDIUM,56.43026980800212
uid___A001_X3788_Xb77f,25,FINE,32.043568716571365
uid___A001_X3788_Xb77f,27,FINE,50.24347388293007
uid___A001_X3788_Xb77f,29,FINE,43.09886819656998
uid___A001_X3788_Xb77f,31,FINE,34.89367356276315
uid___A001_X3788_Xb77f,33,FINE,27.194047265506754
uid___A001_X3788_Xb77f,35,FINE,43.128415918855914
uid___A001_X3788_Xb77f,37,FINE,32.76477465763535
uid___A001_X3788_Xb77f,39,MEDIUM,13.852242897776149
uid___A001_X3788_Xb782,25,FINE,48.897190658407716
uid___A001_X3788_Xb782,27,FINE,52.75077619131682
uid___A001_X3788_Xb782,29,FINE,60.860512887049836
uid___A001_X3788_Xb782,31,FINE,51.9364014622395
uid___A001_X3788_Xb782,33,FINE,65.16249398399472
uid___A001_X3788_Xb782,35,FINE,67.87465431487831
uid___A001_X3788_Xb782,37,FINE,74.86143243824432
uid___A001_X3788_Xb782,39,MEDIUM,56.32904194666667
uid___A001_X3788_Xb784,25,FINE,52.414229150430714
uid___A001_X3788_Xb784,27,FINE,48.30619161074774
uid___A001_X3788_Xb784,29,FINE,78.8435385655971
uid___A001_X3788_Xb784,31,FINE,51.77968317467035
uid___A001_X3788_Xb784,33,FINE,75.34350067750442
uid___A001_X3788_Xb784,35,FINE,41.16920817560902
uid___A001_X3788_Xb784,37,FINE,55.326623294666874
uid___A001_X3788_Xb784,39,MEDIUM,22.15516610666504
uid___A001_X3788_Xb787,25,FINE,41.4812303520324
uid___A001_X3788_Xb787,27,FINE,55.22232292491985
uid___A001_X3788_Xb787,29,FINE,49.05007876257862
uid___A001_X3788_Xb787,31,FINE,40.63561622562832
uid___A001_X3788_Xb787,33,FINE,59.19224661995997
uid___A001_X3788_Xb787,35,FINE,73.96604367699689
uid___A001_X3788_Xb787,37,FINE,59.745300782733956
uid___A001_X3788_Xb787,39,MEDIUM,42.08925391200277
uid___A001_X3788_Xb789,25,FINE,57.01380293936733
uid___A001_X3788_Xb789,27,FINE,45.479701492842224
uid___A001_X3788_Xb789,29,FINE,59.93551467905526
uid___A001_X3788_Xb789,31,FINE,44.009765538333404
uid___A001_X3788_Xb789,33,FINE,42.54450664292377
uid___A001_X3788_Xb789,35,FINE,45.54248009175379
uid___A001_X3788_Xb789,37,FINE,49.3960801313519
uid___A001_X3788_Xb789,39,MEDIUM,19.394846031996526
uid___A001_X3788_Xb78d,25,FINE,70.37318214550957
uid___A001_X3788_Xb78d,27,FINE,66.44446033541468
uid___A001_X3788_Xb78d,29,MEDIUM,67.05302717332195
uid___A001_X3788_Xb78d,31,FINE,74.0209411234844
uid___A001_X3788_Xb78d,33,FINE,63.48338902745595
uid___A001_X3788_Xb78d,35,FINE,77.15504780378629
uid___A001_X3788_Xb78d,37,FINE,56.75135253228334
uid___A001_X3788_Xb78d,39,FINE,79.03025064095695
uid___A001_X3788_Xb78d,41,FINE,73.55247893136381
uid___A001_X3788_Xb78f,25,FINE,80.87274882322308
uid___A001_X3788_Xb78f,27,FINE,38.49826432137694
uid___A001_X3788_Xb78f,29,MEDIUM,15.276728661336264
uid___A001_X3788_Xb78f,31,FINE,78.10781686789211
uid___A001_X3788_Xb78f,33,FINE,82.59043209356045
uid___A001_X3788_Xb78f,35,FINE,44.99252207575616
uid___A001_X3788_Xb78f,37,FINE,34.80058214355532
uid___A001_X3788_Xb78f,39,FINE,29.698190081502794
uid___A001_X3788_Xb78f,41,FINE,58.87536991973642
uid___A001_X3788_Xb792,25,FINE,58.03609119045219
uid___A001_X3788_Xb792,27,FINE,49.18869607361477
uid___A001_X3788_Xb792,29,MEDIUM,21.96929657066569
uid___A001_X3788_Xb792,31,FINE,84.14375855466977
uid___A001_X3788_Xb792,33,FINE,57.439015049332156
uid___A001_X3788_Xb792,35,FINE,60.22181681332049
uid___A001_X3788_Xb792,37,FINE,67.87028252136933
uid___A001_X3788_Xb792,39,FINE,85.60562056059963
uid___A001_X3788_Xb792,41,FINE,57.49267908879926
uid___A001_X3788_Xb794,25,FINE,87.77523594648616
uid___A001_X3788_Xb794,27,FINE,64.92705081422913
uid___A001_X3788_Xb794,29,MEDIUM,6.39830812266927
uid___A001_X3788_Xb794,31,FINE,85.82350077983142
uid___A001_X3788_Xb794,33,FINE,42.13190218056847
uid___A001_X3788_Xb794,35,FINE,27.601715710546344
uid___A001_X3788_Xb794,37,FINE,49.302547027139035
uid___A001_X3788_Xb794,39,FINE,73.64378005866185
uid___A001_X3788_Xb794,41,FINE,73.4728152125206
uid___A001_X3788_Xb79c,25,FINE,81.22220781033059
uid___A001_X3788_Xb79c,27,FINE,74.96259331192037
uid___A001_X3788_Xb79c,29,MEDIUM,11.394730880004882
uid___A001_X3788_Xb79c,31,FINE,51.64808648691411
uid___A001_X3788_Xb79c,33,FINE,63.27283227926645
uid___A001_X3788_Xb79c,35,FINE,56.297099351787715
uid___A001_X3788_Xb79c,37,FINE,61.81166898195913
uid___A001_X3788_Xb79c,39,FINE,58.787247114882454
uid___A001_X3788_Xb79c,41,FINE,65.56902436776588
uid___A001_X3788_Xb79e,25,FINE,28.47203338917734
uid___A001_X3788_Xb79e,27,FINE,44.09535223858067
uid___A001_X3788_Xb79e,29,MEDIUM,10.813609013330078
uid___A001_X3788_Xb79e,31,FINE,70.29402018644653
uid___A001_X3788_Xb79e,33,FINE,50.61940802617807
uid___A001_X3788_Xb79e,35,FINE,36.80000614404684
uid___A001_X3788_Xb79e,37,FINE,58.51994664954135
uid___A001_X3788_Xb79e,39,FINE,37.1489149021447
uid___A001_X3788_Xb79e,41,FINE,60.184992268546175
uid___A001_X3788_Xb7a1,25,FINE,40.20732483641614
uid___A001_X3788_Xb7a1,27,FINE,69.30655666637374
uid___A001_X3788_Xb7a1,29,MEDIUM,10.62496942933431
uid___A001_X3788_Xb7a1,31,FINE,65.31972222321204
uid___A001_X3788_Xb7a1,33,FINE,60.425844543227235
uid___A001_X3788_Xb7a1,35,FINE,42.047265239667
uid___A001_X3788_Xb7a1,37,FINE,81.62005280427368
uid___A001_X3788_Xb7a1,39,FINE,64.65515361702933
uid___A001_X3788_Xb7a1,41,FINE,70.0323877269979
uid___A001_X3788_Xb7a3,25,FINE,48.17777580564173
uid___A001_X3788_Xb7a3,27,FINE,39.36448560541326
uid___A001_X3788_Xb7a3,29,MEDIUM,11.069822000001086
uid___A001_X3788_Xb7a3,31,FINE,40.24274940361774
uid___A001_X3788_Xb7a3,33,FINE,61.00763840770064
uid___A001_X3788_Xb7a3,35,FINE,34.04179987184814
uid___A001_X3788_Xb7a3,37,FINE,62.140646848870254
uid___A001_X3788_Xb7a3,39,FINE,32.576631486621686
uid___A001_X3788_Xb7a3,41,FINE,52.83167690091002
uid___A001_X3788_Xb7a7,25,FINE,56.056076069492164
uid___A001_X3788_Xb7a7,27,FINE,48.56699394814433
uid___A001_X3788_Xb7a7,29,FINE,82.78946407299065
uid___A001_X3788_Xb7a7,31,FINE,72.01868713066824
uid___A001_X3788_Xb7a7,33,MEDIUM,61.34986133333334
uid___A001_X3788_Xb7a7,35,FINE,64.63804378616096
uid___A001_X3788_Xb7a7,37,FINE,76.00792404667564
uid___A001_X3788_Xb7a7,39,FINE,69.64479910846934
uid___A001_X3788_Xb7a7,41,FINE,77.29092856247013
uid___A001_X3788_Xb7a7,43,FINE,96.14004928846003
uid___A001_X3788_Xb7a7,45,FINE,54.670889582142976
uid___A001_X3788_Xb7a7,47,FINE,93.42789134679313
uid___A001_X3788_Xb7a7,49,FINE,50.813843444166096
uid___A001_X3788_Xb7a9,25,FINE,65.8902189310236
uid___A001_X3788_Xb7a9,27,FINE,34.21391751344664
uid___A001_X3788_Xb7a9,29,FINE,59.76432113981054
uid___A001_X3788_Xb7a9,31,FINE,42.600354815718056
uid___A001_X3788_Xb7a9,33,MEDIUM,75.33889704533854
uid___A001_X3788_Xb7a9,35,FINE,73.14220583047394
uid___A001_X3788_Xb7a9,37,FINE,83.42535677843513
uid___A001_X3788_Xb7a9,39,FINE,64.38269714546301
uid___A001_X3788_Xb7a9,41,FINE,30.196503042942403
uid___A001_X3788_Xb7a9,43,FINE,42.67776590690018
uid___A001_X3788_Xb7a9,45,FINE,41.42814410412953
uid___A001_X3788_Xb7a9,47,FINE,77.49549099061852
uid___A001_X3788_Xb7a9,49,FINE,49.25748645756989
uid___A001_X3788_Xb7ac,25,FINE,71.08832214327761
uid___A001_X3788_Xb7ac,27,FINE,59.42160330955476
uid___A001_X3788_Xb7ac,29,FINE,79.8321100526411
uid___A001_X3788_Xb7ac,31,FINE,55.57179530930758
uid___A001_X3788_Xb7ac,33,MEDIUM,49.29035976000163
uid___A001_X3788_Xb7ac,35,FINE,94.54646464295435
uid___A001_X3788_Xb7ac,37,FINE,88.83724557862335
uid___A001_X3788_Xb7ac,39,FINE,50.32561806880591
uid___A001_X3788_Xb7ac,41,FINE,80.38725872011214
uid___A001_X3788_Xb7ac,43,FINE,72.95432639642272
uid___A001_X3788_Xb7ac,45,FINE,87.06362994038996
uid___A001_X3788_Xb7ac,47,FINE,61.79789807100198
uid___A001_X3788_Xb7ac,49,FINE,72.7711373899836
uid___A001_X3788_Xb7ae,25,FINE,90.30454706819275
uid___A001_X3788_Xb7ae,27,FINE,76.86068116424998
uid___A001_X3788_Xb7ae,29,FINE,86.86672548976925
uid___A001_X3788_Xb7ae,31,FINE,33.12754506449488
uid___A001_X3788_Xb7ae,33,MEDIUM,11.204729807999675
uid___A001_X3788_Xb7ae,35,FINE,56.32594267649766
uid___A001_X3788_Xb7ae,37,FINE,31.5144165423333
uid___A001_X3788_Xb7ae,39,FINE,26.556244005390532
uid___A001_X3788_Xb7ae,41,FINE,41.73329294243378
uid___A001_X3788_Xb7ae,43,FINE,42.85614723738978
uid___A001_X3788_Xb7ae,45,FINE,88.43073686967745
uid___A001_X3788_Xb7ae,47,FINE,61.2027093309797
uid___A001_X3788_Xb7ae,49,FINE,27.334860172898484
uid___A001_X3788_Xb7b3,25,FINE,26.02420785133916
uid___A001_X3788_Xb7b3,27,FINE,46.62817704263614
uid___A001_X3788_Xb7b3,29,FINE,49.836444868438576
uid___A001_X3788_Xb7b3,31,FINE,36.47359532919865
uid___A001_X3788_Xb7b3,33,MEDIUM,8.010311310219183
uid___A001_X3788_Xb7b3,35,FINE,49.91369320078389
uid___A001_X3788_Xb7b3,37,FINE,50.490292203926344
uid___A001_X3788_Xb7b3,39,FINE,41.53749924622981
uid___A001_X3788_Xb7b3,41,FINE,40.677943001992105
uid___A001_X3788_Xb7b3,43,FINE,24.092445105141287
uid___A001_X3788_Xb7b3,45,FINE,37.77963521736753
uid___A001_X3788_Xb7b3,47,FINE,60.942821026535775
uid___A001_X3788_Xb7b3,49,FINE,54.67315449751927
uid___A001_X3788_Xb7b6,25,FINE,62.65374152214057
uid___A001_X3788_Xb7b6,27,FINE,49.573991958214364
uid___A001_X3788_Xb7b6,29,FINE,55.98294392918993
uid___A001_X3788_Xb7b6,31,FINE,62.653527677010544
uid___A001_X3788_Xb7b6,33,MEDIUM,82.55313093333496
uid___A001_X3788_Xb7b6,35,FINE,58.63039383013685
uid___A001_X3788_Xb7b6,37,FINE,50.824004758151354
uid___A001_X3788_Xb7b6,39,FINE,67.24058074407944
uid___A001_X3788_Xb7b6,41,FINE,56.96506558710237
uid___A001_X3788_Xb7b6,43,FINE,51.489995869891025
uid___A001_X3788_Xb7b6,45,FINE,60.980597093900904
uid___A001_X3788_Xb7b6,47,FINE,55.97233495694084
uid___A001_X3788_Xb7b6,49,FINE,65.77934115902471
uid___A001_X3788_Xb7b8,25,FINE,41.09834060941601
uid___A001_X3788_Xb7b8,27,FINE,53.307078906084335
uid___A001_X3788_Xb7b8,29,FINE,39.72862999156908
uid___A001_X3788_Xb7b8,31,FINE,61.937895988985005
uid___A001_X3788_Xb7b8,33,MEDIUM,11.404224426666666
uid___A001_X3788_Xb7b8,35,FINE,33.22160638157297
uid___A001_X3788_Xb7b8,37,FINE,54.86928599951136
uid___A001_X3788_Xb7b8,39,FINE,51.9419467588096
uid___A001_X3788_Xb7b8,41,FINE,86.45011758928507
uid___A001_X3788_Xb7b8,43,FINE,83.62610754004449
uid___A001_X3788_Xb7b8,45,FINE,73.75968805558702
uid___A001_X3788_Xb7b8,47,FINE,59.35063607407181
uid___A001_X3788_Xb7b8,49,FINE,51.85935952266946
uid___A001_X3788_Xb7bb,25,FINE,48.197804972534556
uid___A001_X3788_Xb7bb,27,FINE,47.490713010555105
uid___A001_X3788_Xb7bb,29,FINE,37.117850779434
uid___A001_X3788_Xb7bb,31,FINE,63.407655844164935
uid___A001_X3788_Xb7bb,33,MEDIUM,46.40491436
uid___A001_X3788_Xb7bb,35,FINE,42.908466851493706
uid___A001_X3788_Xb7bb,37,FINE,45.34183787366294
uid___A001_X3788_Xb7bb,39,FINE,66.70721859640263
uid___A001_X3788_Xb7bb,41,FINE,36.439282313166586
uid___A001_X3788_Xb7bb,43,FINE,39.93653833678416
uid___A001_X3788_Xb7bb,45,FINE,55.289786206049094
uid___A001_X3788_Xb7bb,47,FINE,38.27029864937119
uid___A001_X3788_Xb7bb,49,FINE,62.30110796703892
uid___A001_X3788_Xb7bd,25,FINE,58.86369502122678
uid___A001_X3788_Xb7bd,27,FINE,40.95456248497126
uid___A001_X3788_Xb7bd,29,FINE,45.316855366943145
uid___A001_X3788_Xb7bd,31,FINE,35.4868640822857
uid___A001_X3788_Xb7bd,33,MEDIUM,9.708862001777886
uid___A001_X3788_Xb7bd,35,FINE,36.63033068348935
uid___A001_X3788_Xb7bd,37,FINE,44.24837144312582
uid___A001_X3788_Xb7bd,39,FINE,48.542361933642816
uid___A001_X3788_Xb7bd,41,FINE,47.127942546794586
uid___A001_X3788_Xb7bd,43,FINE,33.742721186697366
uid___A001_X3788_Xb7bd,45,FINE,37.78102939216741
uid___A001_X3788_Xb7bd,47,FINE,55.2519188036404
uid___A001_X3788_Xb7bd,49,FINE,54.603759214514355
uid___A001_X3788_Xb7ce,24,COARSE,55.830044789332675
uid___A001_X3788_Xb7ce,26,COARSE,6.2430064
uid___A001_X3788_Xb7ce,28,COARSE,37.91197495466634
uid___A001_X3788_Xb7ce,30,COARSE,32.078191226668295
uid___A001_X3788_Xb7d2,24,COARSE,65.00123379200032
uid___A001_X3788_Xb7d2,26,COARSE,32.919021989332684
uid___A001_X3788_Xb7d2,28,COARSE,36.668820608001305
uid___A001_X3788_Xb7d2,30,COARSE,19.58605489066569
uid___A001_X3788_Xb7d6,24,COARSE,44.58483357333171
uid___A001_X3788_Xb7d6,26,COARSE,34.168438794666336
uid___A001_X3788_Xb7d6,28,COARSE,7.085729839996745
uid___A001_X3788_Xb7d6,30,COARSE,43.75144144
uid___A001_X3788_Xb7da,24,COARSE,19.16323985066569
uid___A001_X3788_Xb7da,26,COARSE,7.079382367999674
uid___A001_X3788_Xb7da,28,COARSE,51.66456814933268
uid___A001_X3788_Xb7da,30,COARSE,17.496407488001303
uid___A001_X3788_Xb7de,24,COARSE,5.002171775999349
uid___A001_X3788_Xb7de,26,COARSE,22.50176080533366
uid___A001_X3788_Xb7de,28,COARSE,59.600505343999025
uid___A001_X3788_Xb7de,30,COARSE,25.00161184
uid___A001_X3788_Xb7e2,24,COARSE,25.419514437333984
uid___A001_X3788_Xb7e2,26,COARSE,11.253377327999676
uid___A001_X3788_Xb7e2,28,COARSE,39.58556904000163
uid___A001_X3788_Xb7e2,30,COARSE,35.835697130665686
uid___A001_X3788_Xb7e6,24,COARSE,35.00086860799805
uid___A001_X3788_Xb7e6,26,COARSE,30.00092646400065
uid___A001_X3788_Xb7e6,28,COARSE,6.251148400000001
uid___A001_X3788_Xb7e6,30,COARSE,17.084336293331706
uid___A001_X3788_Xb7ea,24,COARSE,8.330316693333334
uid___A001_X3788_Xb7ea,26,COARSE,10.413701386668295
uid___A001_X3788_Xb7ea,28,COARSE,15.830423456000977
uid___A001_X3788_Xb7ea,30,COARSE,28.747521183999027
uid___A001_X3788_Xb7ee,20,COARSE,6.2413384
uid___A001_X3788_Xb7ee,22,COARSE,10.408377413333334
uid___A001_X3788_Xb7ee,24,COARSE,32.910394112000326
uid___A001_X3788_Xb7ee,26,COARSE,8.74145608
uid___A001_X3788_Xb7f4,20,COARSE,19.368877058664957
uid___A001_X3788_Xb7f4,22,COARSE,18.639646170666506
uid___A001_X3788_Xb7f4,24,COARSE,11.972350662666829
uid___A001_X3788_Xb7f4,26,COARSE,7.5969892426668295
uid___A001_X3788_Xb7f7,20,COARSE,14.99169408076102
uid___A001_X3788_Xb7f7,22,COARSE,14.15826984076172
uid___A001_X3788_Xb7f7,24,COARSE,21.123088797714377
uid___A001_X3788_Xb7f7,26,COARSE,11.003010828952519
uid___A001_X3788_Xb82a,25,COARSE,41.7164727359961
uid___A001_X3788_Xb82a,27,COARSE,73.69685277333497
uid___A001_X3788_Xb82a,29,COARSE,64.79021299200033
uid___A001_X3788_Xb82a,31,COARSE,80.67625847466309
uid___A001_X3788_Xb82c,22,COARSE,nan
uid___A001_X3788_Xb82c,24,COARSE,99.9999488
uid___A001_X3788_Xb82c,26,COARSE,99.9999488
uid___A001_X3788_Xb82c,28,COARSE,99.9999488
uid___A001_X3788_Xb82c,30,COARSE,44.139843941333005
uid___A001_X3788_Xb830,25,COARSE,78.64495338666667
uid___A001_X3788_Xb830,27,MEDIUM,68.85290032533692
uid___A001_X3788_Xb830,29,MEDIUM,81.87422496000488
uid___A001_X3788_Xb830,31,MEDIUM,82.81175887999511
uid___A001_X3788_Xb832,24,COARSE,94.2185993440039
uid___A001_X3788_Xb832,26,MEDIUM,79.11416642133301
uid___A001_X3788_Xb832,28,MEDIUM,92.7081447466683
uid___A001_X3788_Xb832,30,MEDIUM,94.79151626666341
uid___A001_X3788_Xb83f,25,MEDIUM,35.10288608
uid___A001_X3788_Xb83f,27,MEDIUM,61.56171276799968
uid___A001_X3788_Xb83f,29,MEDIUM,47.759279551998695
uid___A001_X3788_Xb83f,31,MEDIUM,26.040062933334962
uid___A001_X3788_Xb841,24,MEDIUM,22.60302177066569
uid___A001_X3788_Xb841,26,MEDIUM,21.873828800001625
uid___A001_X3788_Xb841,28,MEDIUM,25.936296031998694
uid___A001_X3788_Xb841,30,MEDIUM,27.342553040001626
uid___A001_X3788_Xb845,25,MEDIUM,33.329930239998376
uid___A001_X3788_Xb845,27,MEDIUM,40.41360750933431
uid___A001_X3788_Xb845,29,MEDIUM,37.54876445333659
uid___A001_X3788_Xb845,31,MEDIUM,25.41268987733398
uid___A001_X3788_Xb847,24,MEDIUM,18.901614992006834
uid___A001_X3788_Xb847,26,MEDIUM,66.50846218665852
uid___A001_X3788_Xb847,28,MEDIUM,42.913236863999025
uid___A001_X3788_Xb847,30,MEDIUM,30.047870623999025
uid___A001_X3788_Xb84b,25,MEDIUM,35.57035188266438
uid___A001_X3788_Xb84b,27,MEDIUM,30.04928166933431
uid___A001_X3788_Xb84b,29,MEDIUM,35.83061444266927
uid___A001_X3788_Xb84b,31,MEDIUM,28.174024080001626
uid___A001_X3788_Xb84d,24,MEDIUM,32.549076079996745
uid___A001_X3788_Xb84d,26,MEDIUM,31.194821882666012
uid___A001_X3788_Xb84d,28,MEDIUM,33.17389819199544
uid___A001_X3788_Xb84d,30,MEDIUM,36.09068201600586
uid___A001_X3788_Xb851,24,MEDIUM,31.142454218671872
uid___A001_X3788_Xb851,26,MEDIUM,32.132071482666014
uid___A001_X3788_Xb851,28,MEDIUM,17.756205327999673
uid___A001_X3788_Xb851,30,MEDIUM,46.14304134399902
uid___A001_X3788_Xb855,24,MEDIUM,15.41128008533366
uid___A001_X3788_Xb855,26,MEDIUM,31.45393056533366
uid___A001_X3788_Xb855,28,MEDIUM,52.132213909332684
uid___A001_X3788_Xb855,30,MEDIUM,31.245400959996743
uid___A001_X3788_Xb868,17,CONT,13.284316930000307
uid___A001_X3788_Xb868,19,CONT,13.28429861499939
uid___A001_X3788_Xb868,21,CONT,13.284182619999696
uid___A001_X3788_Xb868,23,CONT,53.12657470000305
uid___A001_X3788_Xb86c,17,CONT,13.285180510000611
uid___A001_X3788_Xb86c,19,CONT,14.847597155000306
uid___A001_X3788_Xb86c,21,CONT,13.285087825001526
uid___A001_X3788_Xb86c,23,CONT,13.285073950000001
uid___A001_X3788_Xb870,17,CONT,14.846161080000305
uid___A001_X3788_Xb870,19,CONT,14.84613491999817
uid___A001_X3788_Xb870,21,CONT,46.87638447999725
uid___A001_X3788_Xb870,23,CONT,14.845941444999694
uid___A001_X3788_Xb874,17,CONT,24.22136027000122
uid___A001_X3788_Xb874,19,CONT,27.34623775
uid___A001_X3788_Xb874,21,CONT,45.31430145000152
uid___A001_X3788_Xb874,23,CONT,13.28408716000061
uid___A001_X3788_Xb878,17,CONT,13.283775805000305
uid___A001_X3788_Xb878,19,CONT,13.28375305
uid___A001_X3788_Xb878,21,CONT,40.62661461999969
uid___A001_X3788_Xb878,23,CONT,13.283583774999999
uid___A001_X3788_Xb87c,17,CONT,13.28270521000061
uid___A001_X3788_Xb87c,19,CONT,13.282693000000002
uid___A001_X3788_Xb87c,21,CONT,13.28261418999939
uid___A001_X3788_Xb87c,23,CONT,13.282600869999694
uid___A001_X3788_Xb880,17,CONT,14.846679919999694
uid___A001_X3788_Xb880,19,CONT,29.68990300000153
uid___A001_X3788_Xb880,21,CONT,44.53306298499756
uid___A001_X3788_Xb880,23,CONT,14.846511514999388
uid___A001_X3788_Xb884,17,CONT,14.84619596000061
uid___A001_X3788_Xb884,19,CONT,14.84616871000061
uid___A001_X3788_Xb884,21,CONT,35.939189199998474
uid___A001_X3788_Xb884,23,CONT,14.845966515000915
uid___A001_X3788_Xb888,17,CONT,14.846354554998777
uid___A001_X3788_Xb888,19,CONT,14.84634092999878
uid___A001_X3788_Xb888,21,CONT,44.532881225
uid___A001_X3788_Xb888,23,CONT,14.84623956000061
uid___A001_X3788_Xb88c,17,CONT,14.847251619999694
uid___A001_X3788_Xb88c,19,CONT,15.628450600001525
uid___A001_X3788_Xb88c,21,CONT,38.28368833500061
uid___A001_X3788_Xb88c,23,CONT,14.847094665000915
uid___A001_X3788_Xb890,17,CONT,14.847347545001222
uid___A001_X3788_Xb890,19,CONT,14.847333919999695
uid___A001_X3788_Xb890,21,CONT,14.066029899999998
uid___A001_X3788_Xb890,23,CONT,44.53351916000061
uid___A001_X3788_Xb894,17,CONT,59.3767784
uid___A001_X3788_Xb894,19,CONT,14.847466355000305
uid___A001_X3788_Xb894,21,CONT,44.533623174999995
uid___A001_X3788_Xb894,23,CONT,14.847380790000916
uid___A001_X3788_Xb898,17,CONT,18.232066423332725
uid___A001_X3788_Xb898,19,CONT,14.846748954999288
uid___A001_X3788_Xb898,21,CONT,20.05476561666565
uid___A001_X3788_Xb898,23,CONT,14.846583818333944
uid___A001_X3788_Xb89c,17,CONT,14.846052806666565
uid___A001_X3788_Xb89c,19,CONT,14.585614933333332
uid___A001_X3788_Xb89c,21,CONT,18.491589375000004
uid___A001_X3788_Xb89c,23,CONT,14.324996031667583
uid___A001_X3788_Xb8a2,21,CONT,14.05565745
uid___A001_X3788_Xb8a2,25,FINE,52.64573081604167
uid___A001_X3788_Xb8a2,27,FINE,48.473282048020835
uid___A001_X3788_Xb8a2,29,FINE,73.71378227203125
uid___A001_X3788_Xb8aa,5,CONT,13.282318375001525
uid___A001_X3788_Xb8aa,7,CONT,13.28228562999878
uid___A001_X3788_Xb8aa,9,CONT,13.282118019999695
uid___A001_X3788_Xb8aa,11,CONT,13.282085275
uid___A001_X3788_Xb8ae,17,CONT,14.844435065002443
uid___A001_X3788_Xb8ae,19,CONT,14.844405089999391
uid___A001_X3788_Xb8ae,21,CONT,14.84423232999878
uid___A001_X3788_Xb8ae,23,CONT,14.844197989999389
uid___A001_X3788_Xb8c1,24,MEDIUM,35.46480823466146
uid___A001_X3788_Xb8c1,26,MEDIUM,5.6697435306640624
uid___A001_X3788_Xb8c1,28,MEDIUM,36.62190062934896
uid___A001_X3788_Xb8c1,30,MEDIUM,68.70964689063803
uid___A001_X3788_Xb8c1,32,MEDIUM,16.74934033065104
uid___A001_X3788_Xb8c1,34,MEDIUM,15.604287743997396
uid___A001_X3788_Xb8c1,36,MEDIUM,69.47727317333333
uid___A001_X3788_Xb8c1,38,MEDIUM,34.47492565333333
uid___A001_X3788_Xb8c1,40,FINE,10.50453883734375
uid___A001_X3788_Xb8c1,42,MEDIUM,29.138432426640627
uid___A001_X3788_Xb8c1,44,FINE,13.099820330677083
uid___A001_X3788_Xb8c1,46,FINE,19.87409715199219
uid___A001_X3788_Xb8c1,48,MEDIUM,10.886323626668295
uid___A001_X3788_Xb8c7,24,MEDIUM,17.451641642669273
uid___A001_X3788_Xb8c7,26,MEDIUM,24.161733973333334
uid___A001_X3788_Xb8c7,28,MEDIUM,45.82983168
uid___A001_X3788_Xb8c7,30,MEDIUM,29.652472319986977
uid___A001_X3788_Xb8c7,32,MEDIUM,18.536289962682293
uid___A001_X3788_Xb8c7,34,MEDIUM,17.367317205325524
uid___A001_X3788_Xb8c7,36,MEDIUM,45.289084245325526
uid___A001_X3788_Xb8c7,38,MEDIUM,63.52313446401041
uid___A001_X3788_Xb8c7,40,FINE,16.9732417706901
uid___A001_X3788_Xb8c7,42,MEDIUM,52.986298709335934
uid___A001_X3788_Xb8c7,44,FINE,15.071390378658855
uid___A001_X3788_Xb8c7,46,FINE,16.24405606401042
uid___A001_X3788_Xb8c7,48,MEDIUM,10.729764501333008
uid___A001_X3788_Xb8cd,24,MEDIUM,57.49762346666667
uid___A001_X3788_Xb8cd,26,MEDIUM,40.51239300266927
uid___A001_X3788_Xb8cd,28,MEDIUM,52.076524373333335
uid___A001_X3788_Xb8cd,30,MEDIUM,59.05670515199218
uid___A001_X3788_Xb8cd,32,MEDIUM,14.883551103997394
uid___A001_X3788_Xb8cd,34,MEDIUM,18.440249130651043
uid___A001_X3788_Xb8cd,36,MEDIUM,48.86613196799479
uid___A001_X3788_Xb8cd,38,MEDIUM,45.51300386132813
uid___A001_X3788_Xb8cd,40,FINE,21.35843396268229
uid___A001_X3788_Xb8cd,42,MEDIUM,61.87275383466145
uid___A001_X3788_Xb8cd,44,FINE,15.412719658671875
uid___A001_X3788_Xb8cd,46,FINE,45.095961344023436
uid___A001_X3788_Xb8cd,48,MEDIUM,3.3744080319986978
uid___A001_X3788_Xb8d3,24,MEDIUM,46.55414463997396
uid___A001_X3788_Xb8d3,26,MEDIUM,13.42387008001302
uid___A001_X3788_Xb8d3,28,MEDIUM,32.97024119466146
uid___A001_X3788_Xb8d3,30,MEDIUM,32.557966421328125
uid___A001_X3788_Xb8d3,32,MEDIUM,15.176045141354166
uid___A001_X3788_Xb8d3,34,MEDIUM,18.407341610664062
uid___A001_X3788_Xb8d3,36,MEDIUM,66.33795345067708
uid___A001_X3788_Xb8d3,38,MEDIUM,57.38911573333333
uid___A001_X3788_Xb8d3,40,FINE,11.201516586666667
uid___A001_X3788_Xb8d3,42,MEDIUM,52.85227037865885
uid___A001_X3788_Xb8d3,44,FINE,17.12428279467448
uid___A001_X3788_Xb8d3,46,FINE,12.33724228265625
uid___A001_X3788_Xb8d3,48,MEDIUM,11.028147317332357
uid___A001_X3788_Xb8d9,24,MEDIUM,61.66082628269531
uid___A001_X3788_Xb8d9,26,MEDIUM,19.527435264010418
uid___A001_X3788_Xb8d9,28,MEDIUM,75.4129662293099
uid___A001_X3788_Xb8d9,30,MEDIUM,41.76183423997396
uid___A001_X3788_Xb8d9,32,MEDIUM,16.849545130664062
uid___A001_X3788_Xb8d9,34,MEDIUM,14.663065087994791
uid___A001_X3788_Xb8d9,36,MEDIUM,33.421688149335935
uid___A001_X3788_Xb8d9,38,MEDIUM,42.179196885325524
uid___A001_X3788_Xb8d9,40,FINE,12.798306304010417
uid___A001_X3788_Xb8d9,42,MEDIUM,66.48519611733073
uid___A001_X3788_Xb8d9,44,FINE,15.545027541315104
uid___A001_X3788_Xb8d9,46,FINE,17.528438058645833
uid___A001_X3788_Xb8d9,48,MEDIUM,11.453129082666015
uid___A001_X3788_Xb8e2,7,CONT,15.616242819999696
uid___A001_X3788_Xb8e2,11,CONT,29.680169500000382
uid___A001_X3788_Xb8e2,15,CONT,15.616262259999846
uid___A001_X3788_Xb8e2,18,CONT,15.616222839999772
uid___A001_X3788_Xb8e6,6,CONT,15.61610943999977
uid___A001_X3788_Xb8e6,10,CONT,27.336054250000004
uid___A001_X3788_Xb8e6,14,CONT,15.616132120000076
uid___A001_X3788_Xb8e6,17,CONT,15.616085679999925
uid___A001_X3788_Xb8fb,25,COARSE,5.410505583999024
uid___A001_X3788_Xb8fb,27,COARSE,44.16302329600423
uid___A001_X3788_Xb8fb,29,COARSE,23.328264736004233
uid___A001_X3788_Xb8fb,31,COARSE,15.827759210667317
uid___A001_X3788_Xb8ff,25,COARSE,16.659659733331704
uid___A001_X3788_Xb8ff,27,COARSE,10.40911701333496
uid___A001_X3788_Xb8ff,29,COARSE,34.16101995733236
uid___A001_X3788_Xb8ff,31,COARSE,38.32803138133464
uid___A001_X3788_Xb903,25,COARSE,24.575861653333334
uid___A001_X3788_Xb903,27,COARSE,20.82546784
uid___A001_X3788_Xb903,29,COARSE,34.57670249066895
uid___A001_X3788_Xb903,31,COARSE,26.242503696002608
uid___A001_X3788_Xb907,25,COARSE,10.82766318933431
uid___A001_X3788_Xb907,27,COARSE,8.32748192
uid___A001_X3788_Xb907,29,COARSE,13.327629141334635
uid___A001_X3788_Xb907,31,COARSE,51.24677766399902
uid___A001_X3788_Xb90b,25,COARSE,68.74732
uid___A001_X3788_Xb90b,27,COARSE,36.661210069331055
uid___A001_X3788_Xb90b,29,COARSE,7.075069845335287
uid___A001_X3788_Xb90b,31,COARSE,8.325145813331705
uid___A001_X3788_Xb90f,25,COARSE,14.992964992000326
uid___A001_X3788_Xb90f,27,COARSE,14.576249626666668
uid___A001_X3788_Xb90f,29,COARSE,86.24884227200033
uid___A001_X3788_Xb90f,31,COARSE,24.57696985600098
uid___A001_X3788_Xb923,25,COARSE,22.500979104000653
uid___A001_X3788_Xb923,27,COARSE,23.33427443200358
uid___A001_X3788_Xb923,29,COARSE,36.2506258719987
uid___A001_X3788_Xb923,31,COARSE,36.66726656
uid___A001_X3788_Xb92e,23,MEDIUM,18.31884998400065
uid___A001_X3788_Xb92e,25,MEDIUM,36.72916541866862
uid___A001_X3788_Xb92e,27,MEDIUM,23.94981802666504
uid___A001_X3788_Xb92e,29,MEDIUM,15.537628213333331
uid___A001_X3788_Xb92e,31,MEDIUM,13.88727376
uid___A001_X3788_Xb92e,33,MEDIUM,30.280715749332682
uid___A001_X3788_Xb934,22,MEDIUM,29.990293504000654
uid___A001_X3788_Xb934,24,MEDIUM,20.683877269332683
uid___A001_X3788_Xb934,26,MEDIUM,31.3376080319987
uid___A001_X3788_Xb934,28,MEDIUM,11.690495466666667
uid___A001_X3788_Xb934,30,MEDIUM,19.546474597334797
uid___A001_X3788_Xb934,32,MEDIUM,25.20098342400065
uid___A001_X3788_Xb940,19,MEDIUM,54.89500157866537
uid___A001_X3788_Xb940,21,MEDIUM,1.664933887998047
uid___A001_X3788_Xb940,23,MEDIUM,23.02039588266927
uid___A001_X3788_Xb940,25,MEDIUM,0.33817479466634115
uid___A001_X3788_Xb940,27,MEDIUM,31.874969727996422
uid___A001_X3788_Xb940,29,MEDIUM,32.16141407999837
uid___A001_X3788_Xb957,7,CONT,13.274289745000075
uid___A001_X3788_Xb957,11,CONT,14.0555568
uid___A001_X3788_Xb957,15,CONT,13.274311945000457
uid___A001_X3788_Xb957,18,CONT,13.274266435000229
uid___A001_X3788_Xb96a,7,CONT,13.273822435000229
uid___A001_X3788_Xb96a,11,CONT,13.273817995000076
uid___A001_X3788_Xb96a,15,CONT,13.273824654999924
uid___A001_X3788_Xb96a,18,CONT,13.273820215000153
uid___A001_X3788_Xb974,7,CONT,13.279168195000077
uid___A001_X3788_Xb974,11,CONT,31.248347799999998
uid___A001_X3788_Xb974,15,CONT,13.279169304999924
uid___A001_X3788_Xb974,18,CONT,13.279167084999846
uid___A001_X3788_Xb9ab,7,CONT,13.270278205000304
uid___A001_X3788_Xb9ab,11,CONT,13.270102830000305
uid___A001_X3788_Xb9ab,15,CONT,13.27029985
uid___A001_X3788_Xb9ab,18,CONT,13.270125030000305
uid___A001_X3788_Xb9af,5,CONT,13.268253010000612
uid___A001_X3788_Xb9af,7,CONT,38.27197816499939
uid___A001_X3788_Xb9af,9,CONT,13.268065419998168
uid___A001_X3788_Xb9af,11,CONT,13.268034894998168
uid___A001_X3788_Xb9b3,7,CONT,31.241599520001223
uid___A001_X3788_Xb9b3,11,CONT,21.083957544999695
uid___A001_X3788_Xb9b3,15,CONT,13.270674480000306
uid___A001_X3788_Xb9b3,18,CONT,13.270509084999086
uid___A001_X3788_Xb9b7,17,CONT,29.679111099998472
uid___A001_X3788_Xb9b7,19,CONT,13.270882045001219
uid___A001_X3788_Xb9b7,21,CONT,13.270765494999695
uid___A001_X3788_Xb9b7,23,CONT,13.270742740000916
uid___A001_X3788_Xb9bb,5,CONT,13.27009338999939
uid___A001_X3788_Xb9bb,7,CONT,13.27006730499878
uid___A001_X3788_Xb9bb,9,CONT,13.269935215002441
uid___A001_X3788_Xb9bb,11,CONT,13.269909684997558
uid___A001_X3788_Xb9bf,7,CONT,13.270830984999085
uid___A001_X3788_Xb9bf,11,CONT,13.27066392999878
uid___A001_X3788_Xb9bf,15,CONT,13.270851519999693
uid___A001_X3788_Xb9bf,18,CONT,13.270684464997865
uid___A001_X3788_Xb9c3,7,CONT,13.270404189999391
uid___A001_X3788_Xb9c3,11,CONT,13.27023713500061
uid___A001_X3788_Xb9c3,15,CONT,13.270425280000305
uid___A001_X3788_Xb9c3,18,CONT,13.27025766999817
uid___A001_X3788_Xb9c7,17,CONT,13.26990136000061
uid___A001_X3788_Xb9c7,19,CONT,13.269873055001833
uid___A001_X3788_Xb9c7,21,CONT,16.39514447000122
uid___A001_X3788_Xb9c7,23,CONT,20.30188741000061
uid___A001_X3788_Xb9cb,7,CONT,13.271555814999388
uid___A001_X3788_Xb9cb,11,CONT,14.052734750001525
uid___A001_X3788_Xb9cb,15,CONT,13.271575794998169
uid___A001_X3788_Xb9cb,18,CONT,13.271415955000304
uid___A001_X3788_Xb9cf,5,CONT,13.270130019998168
uid___A001_X3788_Xb9cf,7,CONT,13.27010116000061
uid___A001_X3788_Xb9cf,9,CONT,13.269953530001832
uid___A001_X3788_Xb9cf,11,CONT,13.26992467000122
uid___A001_X3788_Xb9d3,7,CONT,13.270309839999388
uid___A001_X3788_Xb9d3,16,CONT,13.27033703499756
uid___A001_X3788_Xb9d3,19,CONT,13.270163875
uid___A001_X3788_Xb9d3,21,CONT,13.270135569998168
uid___A001_X3788_Xb9d7,17,CONT,13.27035701499939
uid___A001_X3788_Xb9d7,19,CONT,13.270314279998779
uid___A001_X3788_Xb9d7,21,CONT,13.27009561000061
uid___A001_X3788_Xb9d7,23,CONT,13.27005343000183
uid___A001_X3788_Xb9df,7,CONT,14.833646789999388
uid___A001_X3788_Xb9df,16,CONT,14.833666410000609
uid___A001_X3788_Xb9df,19,CONT,27.335041479995724
uid___A001_X3788_Xb9df,21,CONT,14.833523079998779
uid___A001_X3788_Xb9e3,5,CONT,13.27232393500061
uid___A001_X3788_Xb9e3,7,CONT,39.83753532999878
uid___A001_X3788_Xb9e3,9,CONT,13.27212468999939
uid___A001_X3788_Xb9e3,11,CONT,13.272091945001222
uid___A001_X3788_Xb9e7,5,CONT,13.26756203500061
uid___A001_X3788_Xb9e7,7,CONT,13.267532619998168
uid___A001_X3788_Xb9e7,9,CONT,22.643880940002443
uid___A001_X3788_Xb9e7,11,CONT,13.267352245001222
uid___A001_X3788_Xb9eb,17,CONT,13.28580433000183
uid___A001_X3788_Xb9eb,19,CONT,13.28578268500061
uid___A001_X3788_Xb9eb,21,CONT,13.285666135003662
uid___A001_X3788_Xb9eb,23,CONT,13.28564338000183
uid___A001_X3788_Xb9ef,17,CONT,13.285830414999388
uid___A001_X3788_Xb9ef,19,CONT,13.28580821499939
uid___A001_X3788_Xb9ef,21,CONT,13.28569610499878
uid___A001_X3788_Xb9ef,23,CONT,13.285673905001833
uid___A001_X3788_Xb9f3,17,CONT,14.829059530001832
uid___A001_X3788_Xb9f3,19,CONT,14.82902845999756
uid___A001_X3788_Xb9f3,21,CONT,24.98689168000183
uid___A001_X3788_Xb9f3,23,CONT,14.828834985000611
uid___A001_X3788_Xb9f7,5,CONT,13.26976149999695
uid___A001_X3788_Xb9f7,7,CONT,42.17982138999939
uid___A001_X3788_Xb9f7,9,CONT,13.269582235000609
uid___A001_X3788_Xb9f7,11,CONT,13.269552819998168
uid___A001_X3788_Xb9fb,7,CONT,14.052406950001526
uid___A001_X3788_Xb9fb,11,CONT,23.428314955000303
uid___A001_X3788_Xb9fb,15,CONT,14.833775409999085
uid___A001_X3788_Xb9fb,18,CONT,14.833560680000305
uid___A001_X3788_Xb9ff,7,CONT,13.271634069999694
uid___A001_X3788_Xb9ff,11,CONT,13.271420949998475
uid___A001_X3788_Xb9ff,15,CONT,13.271660709999084
uid___A001_X3788_Xb9ff,18,CONT,13.271447589999388
uid___A001_X3788_Xba03,5,CONT,13.26862042000122
uid___A001_X3788_Xba03,7,CONT,13.26858878500061
uid___A001_X3788_Xba03,9,CONT,13.26842894500122
uid___A001_X3788_Xba03,11,CONT,13.26839786499939
uid___A001_X3788_Xba07,7,CONT,14.052994899999998
uid___A001_X3788_Xba07,11,CONT,44.52498531500091
uid___A001_X3788_Xba07,15,CONT,14.834356379998779
uid___A001_X3788_Xba07,18,CONT,14.83415691000061
uid___A001_X3788_Xba0b,5,CONT,47.64968231500244
uid___A001_X3788_Xba0b,7,CONT,13.27034480500183
uid___A001_X3788_Xba0b,9,CONT,13.270222149996949
uid___A001_X3788_Xba0b,11,CONT,13.270198285003662
uid___A001_X3788_Xba0f,7,CONT,14.053384850001526
uid___A001_X3788_Xba0f,11,CONT,14.834552030000307
uid___A001_X3788_Xba0f,15,CONT,14.05340575
uid___A001_X3788_Xba0f,18,CONT,35.14926181499939
uid___A001_X3788_Xba13,5,CONT,14.051088049996949
uid___A001_X3788_Xba13,7,CONT,13.269707109997558
uid___A001_X3788_Xba13,9,CONT,13.26956669500122
uid___A001_X3788_Xba13,11,CONT,13.269539500003052
uid___A001_X3788_Xba17,17,CONT,14.831831395001222
uid___A001_X3788_Xba17,19,CONT,14.831803599999999
uid___A001_X3788_Xba17,21,CONT,14.83166081000061
uid___A001_X3788_Xba17,23,CONT,14.83163301499939
uid___A001_X3788_Xba1f,5,CONT,13.267667485003662
uid___A001_X3788_Xba1f,7,CONT,13.267639180001831
uid___A001_X3788_Xba1f,9,CONT,13.26749321499939
uid___A001_X3788_Xba1f,11,CONT,13.267464910003662
uid___A001_X3788_Xba23,5,CONT,13.270076740002443
uid___A001_X3788_Xba23,7,CONT,13.270051210000611
uid___A001_X3788_Xba23,9,CONT,13.269921894998168
uid___A001_X3788_Xba23,11,CONT,14.05124865
uid___A001_X3788_Xba27,17,CONT,13.267861735000611
uid___A001_X3788_Xba27,19,CONT,13.26783398500061
uid___A001_X3788_Xba27,21,CONT,13.26769023999939
uid___A001_X3788_Xba27,23,CONT,13.26766248999939
uid___A001_X3788_Xba2b,5,CONT,13.26814811499939
uid___A001_X3788_Xba2b,7,CONT,14.04948205
uid___A001_X3788_Xba2b,9,CONT,45.30410315000305
uid___A001_X3788_Xba2b,11,CONT,13.26790058500061
uid___A001_X3788_Xba2f,5,CONT,32.80321758999939
uid___A001_X3788_Xba2f,7,CONT,14.050594700003053
uid___A001_X3788_Xba2f,9,CONT,13.26906885999756
uid___A001_X3788_Xba2f,11,CONT,13.269036114999388
uid___A001_X3788_Xba33,17,CONT,13.281457570001221
uid___A001_X3788_Xba33,19,CONT,13.281435919998168
uid___A001_X3788_Xba33,21,CONT,13.281320485000611
uid___A001_X3788_Xba33,23,CONT,43.75003132000122
uid___A001_X3788_Xba37,17,CONT,13.27113900999756
uid___A001_X3788_Xba37,19,CONT,13.271114034997558
uid___A001_X3788_Xba37,21,CONT,13.270984719998168
uid___A001_X3788_Xba37,23,CONT,18.74035868000183
uid___A001_X3788_Xba3b,17,CONT,13.273463905001831
uid___A001_X3788_Xba3b,19,CONT,13.27343171499939
uid___A001_X3788_Xba3b,21,CONT,13.273266325003053
uid___A001_X3788_Xba3b,23,CONT,13.273234134997558
uid___A001_X3788_Xba3f,17,CONT,14.055543049999999
uid___A001_X3788_Xba3f,19,CONT,14.055525450000001
uid___A001_X3788_Xba3f,21,CONT,14.055435799996948
uid___A001_X3788_Xba3f,23,CONT,14.055418750000001
uid___A001_X3788_Xba43,17,CONT,14.83784710499878
uid___A001_X3788_Xba43,19,CONT,14.837828575
uid___A001_X3788_Xba43,21,CONT,14.837731564999391
uid___A001_X3788_Xba43,23,CONT,14.837712489996338
uid___A001_X3788_Xba47,5,CONT,14.83761002999878
uid___A001_X3788_Xba47,7,CONT,14.837589320001221
uid___A001_X3788_Xba47,9,CONT,14.837484135000611
uid___A001_X3788_Xba47,11,CONT,14.837463419998171
uid___A001_X3788_Xba62,5,CONT,14.838227515000153
uid___A001_X3788_Xba62,7,CONT,14.056892200000002
uid___A001_X3788_Xba62,9,CONT,14.05671345
uid___A001_X3788_Xba62,11,CONT,14.837981175000001
uid___A001_X3788_Xba68,5,CONT,13.28516108499756
uid___A001_X3788_Xba68,7,CONT,13.28515276000061
uid___A001_X3788_Xba68,9,CONT,13.28511168999939
uid___A001_X3788_Xba68,11,CONT,13.285103920001221
uid___A001_X3788_Xba7c,5,CONT,14.07192425
uid___A001_X3788_Xba7c,7,CONT,14.071896200000001
uid___A001_X3788_Xba7c,9,CONT,44.537220745000454
uid___A001_X3788_Xba7c,11,CONT,14.07172185
uid___A001_X3788_Xba7e,5,CONT,14.066354949999237
uid___A001_X3788_Xba7e,7,CONT,14.0663335
uid___A001_X3788_Xba7e,9,CONT,14.847440194999695
uid___A001_X3788_Xba7e,11,CONT,14.847419485000609
uid___A001_X3788_Xba80,4,CONT,14.06718985
uid___A001_X3788_Xba80,6,CONT,14.067180500000001
uid___A001_X3788_Xba80,8,CONT,14.067132099999998
uid___A001_X3788_Xba80,10,CONT,14.06712275
uid___A001_X3788_Xba87,17,CONT,14.822001774999999
uid___A001_X3788_Xba87,19,CONT,14.821755434997558
uid___A001_X3788_Xba87,21,CONT,14.040601744995119
uid___A001_X3788_Xba87,23,CONT,14.040254700006102
uid___A001_X3788_Xba87,25,CONT,14.822098784997559
uid___A001_X3788_Xba87,27,CONT,14.82165897000122
uid___A001_X3788_Xba87,29,CONT,14.040699650006102
uid___A001_X3788_Xba87,31,CONT,14.040156800006104
uid___A001_X3788_Xba8b,7,CONT,14.056758
uid___A001_X3788_Xba8b,11,CONT,14.056531399999999
uid___A001_X3788_Xba8b,15,CONT,14.05678605
uid___A001_X3788_Xba8b,18,CONT,26.557423999998477
uid___A001_X3788_Xba91,24,COARSE,35.5641965706665
uid___A001_X3788_Xba91,26,COARSE,77.177277338667
uid___A001_X3788_Xba91,28,COARSE,74.89213436800048
uid___A001_X3788_Xba91,30,COARSE,37.23870403733399
uid___A001_X3788_Xbaa8,7,CONT,14.05800595
uid___A001_X3788_Xbaa8,11,CONT,13.27668346000023
uid___A001_X3788_Xbaa8,15,CONT,13.276730634999847
uid___A001_X3788_Xbaa8,18,CONT,13.27669899999962
uid___A001_X3788_Xbaac,11,CONT,13.276705660000609
uid___A001_X3788_Xbaac,16,CONT,13.276812779999542
uid___A001_X3788_Xbaac,18,CONT,13.276798345000456
uid___A001_X3788_Xbaac,23,COARSE,67.18578471999919
uid___A001_X3788_Xbaae,11,CONT,13.286889909999083
uid___A001_X3788_Xbaae,16,CONT,13.286902679999542
uid___A001_X3788_Xbaae,18,CONT,31.254480079998782
uid___A001_X3788_Xbaae,23,COARSE,19.79688624
uid___A001_X3788_Xbab2,7,CONT,14.836034980000305
uid___A001_X3788_Xbab2,11,CONT,14.83599192499962
uid___A001_X3788_Xbab2,15,CONT,14.836055689999771
uid___A001_X3788_Xbab2,18,CONT,14.83601317999954
uid___A001_X3788_Xbab6,5,CONT,14.055156949999237
uid___A001_X3788_Xbab6,11,CONT,13.273694230000304
uid___A001_X3788_Xbab6,16,CONT,13.273820770000459
uid___A001_X3788_Xbab6,21,COARSE,44.682691263999835
uid___A001_X3788_Xbab8,17,CONT,13.285387525
uid___A001_X3788_Xbab8,19,CONT,13.285384194999693
uid___A001_X3788_Xbab8,23,CONT,13.285361994999695
uid___A001_X3788_Xbab8,25,COARSE,34.69059988800049
uid___A001_X3788_Xbabc,19,CONT,13.27974428500061
uid___A001_X3788_Xbabc,21,CONT,13.279707100001525
uid___A001_X3788_Xbabc,23,CONT,13.279700995001221
uid___A001_X3788_Xbabc,25,COARSE,46.353238293333334
uid___A001_X3788_Xbabe,19,CONT,13.290606744999694
uid___A001_X3788_Xbabe,21,CONT,13.290602859999085
uid___A001_X3788_Xbabe,23,CONT,13.29060230499878
uid___A001_X3788_Xbabe,25,COARSE,54.75172766400065
uid___A001_X3788_Xbac6,17,CONT,13.271255559999847
uid___A001_X3788_Xbac6,19,CONT,13.271231695000457
uid___A001_X3788_Xbac6,23,CONT,13.271075740000152
uid___A001_X3788_Xbac6,25,COARSE,16.448555349333496
uid___A001_X3788_Xbac8,17,CONT,13.270048989999388
uid___A001_X3788_Xbac8,19,CONT,45.30543385
uid___A001_X3788_Xbac8,23,CONT,13.270020130000304
uid___A001_X3788_Xbac8,25,COARSE,31.37557746133301
uid___A001_X3788_Xbacc,7,CONT,13.277378320000077
uid___A001_X3788_Xbacc,11,CONT,13.277367774999618
uid___A001_X3788_Xbacc,15,CONT,13.277383870000076
uid___A001_X3788_Xbacc,18,CONT,13.277373325000383
uid___A001_X3788_Xbad0,19,CONT,14.83354868999939
uid___A001_X3788_Xbad0,21,CONT,14.052058800000001
uid___A001_X3788_Xbad0,23,CONT,14.052015899998475
uid___A001_X3788_Xbad0,25,COARSE,59.55934386666342
uid___A001_X3788_Xbad2,19,CONT,13.273189180000305
uid___A001_X3788_Xbad2,21,CONT,16.398418669999696
uid___A001_X3788_Xbad2,23,CONT,13.27310703999939
uid___A001_X3788_Xbad2,25,COARSE,42.18213352000163
uid___A001_X3788_Xbadc,17,CONT,13.293689214999391
uid___A001_X3788_Xbadc,19,CONT,13.293685884999848
uid___A001_X3788_Xbadc,21,CONT,46.88260784000015
uid___A001_X3788_Xbadc,25,COARSE,37.300643690665694
uid___A001_X3788_Xbb32,17,CONT,13.267163544995118
uid___A001_X3788_Xbb32,19,CONT,72.6517154
uid___A001_X3788_Xbb32,21,CONT,13.267140789996338
uid___A001_X3788_Xbb32,23,CONT,nan
uid___A001_X3788_Xbb32,25,CONT,13.267116924993896
uid___A001_X3788_Xbb32,27,CONT,13.267092505004882
uid___A001_X3788_Xbb3a,19,CONT,14.055698150001525
uid___A001_X3788_Xbb3a,21,CONT,14.836877549999999
uid___A001_X3788_Xbb3a,23,CONT,14.836852480000307
uid___A001_X3788_Xbb3a,25,COARSE,49.579356144002276
uid___A001_X3788_Xbb3c,19,CONT,13.283135334999086
uid___A001_X3788_Xbb3c,21,CONT,13.28310758500061
uid___A001_X3788_Xbb3c,23,CONT,13.283102589999391
uid___A001_X3788_Xbb3c,25,COARSE,64.16744777066569
uid___A001_X3788_Xbb49,21,FINE,36.75623382222388
uid___A001_X3788_Xbb49,23,FINE,45.94846724397462
uid___A001_X3788_Xbb49,25,FINE,58.886197572662624
uid___A001_X3788_Xbb49,27,FINE,50.15564672940802
uid___A001_X3788_Xbb49,29,COARSE,23.189313310222033
uid___A001_X3788_Xbb49,31,FINE,49.76893601939248
uid___A001_X3788_Xbb49,33,FINE,38.11045565686864
uid___A001_X3788_Xbb4d,14,CONT,26.044185231666823
uid___A001_X3788_Xbb4d,19,FINE,42.33868998654878
uid___A001_X3788_Xbb4d,21,FINE,33.01663304535508
uid___A001_X3788_Xbb4d,23,FINE,32.1782410994287
uid___A001_X3788_Xbb4d,25,FINE,56.90397214950453
uid___A001_X3788_Xbb4d,27,FINE,26.814394538663194
uid___A001_X3788_Xbb54,18,CONT,17.9614168
uid___A001_X3788_Xbb54,20,CONT,15.617412999999999
uid___A001_X3788_Xbb54,22,CONT,16.398726830000303
uid___A001_X3788_Xbb54,24,MEDIUM,26.402207925335286
uid___A001_X3788_Xbb6b,17,CONT,18.83138565550018
uid___A001_X3788_Xbb6b,19,CONT,13.519094456500092
uid___A001_X3788_Xbb6b,21,CONT,35.002588018499296
uid___A001_X3788_Xbb6b,23,CONT,31.330850727500607
uid___A001_X3788_Xbb6f,17,CONT,19.690569837500764
uid___A001_X3788_Xbb6f,19,CONT,23.987278676000063
uid___A001_X3788_Xbb6f,21,CONT,23.59664566300003
uid___A001_X3788_Xbb6f,23,CONT,28.362090273500062
uid___A001_X3788_Xbb73,17,CONT,16.178981275500487
uid___A001_X3788_Xbb73,19,CONT,18.366293947499848
uid___A001_X3788_Xbb73,21,CONT,19.85048128450012
uid___A001_X3788_Xbb73,23,CONT,25.00629621799988
uid___A001_X3788_Xbb77,17,CONT,13.288586766999972
uid___A001_X3788_Xbb77,19,CONT,13.288580051499785
uid___A001_X3788_Xbb77,21,CONT,16.178912231499634
uid___A001_X3788_Xbb77,23,CONT,15.632078030500491
uid___A001_X3788_Xbb7b,17,CONT,15.39174851299942
uid___A001_X3788_Xbb7b,19,CONT,15.860483977500001
uid___A001_X3788_Xbb7b,21,CONT,32.500860958499906
uid___A001_X3788_Xbb7b,23,CONT,21.95413544350006
uid___A001_X3788_Xbb7f,17,CONT,13.673025234499969
uid___A001_X3788_Xbb7f,19,CONT,16.016741372500153
uid___A001_X3788_Xbb7f,21,CONT,21.1729006675
uid___A001_X3788_Xbb7f,23,CONT,20.469773471999815
uid___A001_X3788_Xbb83,17,CONT,13.28260508800049
uid___A001_X3788_Xbb83,19,CONT,13.282595819499814
uid___A001_X3788_Xbb83,21,CONT,23.204264949500274
uid___A001_X3788_Xbb83,23,CONT,18.673077683500214
uid___A001_X3788_Xbb87,7,CONT,16.486393999999844
uid___A001_X3788_Xbb87,16,CONT,17.267632951000365
uid___A001_X3788_Xbb87,19,CONT,22.267432609500272
uid___A001_X3788_Xbb87,21,CONT,22.03307579649963
uid___A001_X3788_Xbb8b,7,CONT,14.850052598000183
uid___A001_X3788_Xbb8b,16,CONT,17.740478651500244
uid___A001_X3788_Xbb8b,19,CONT,19.302761965000307
uid___A001_X3788_Xbb8b,21,CONT,14.303112695000303
uid___A001_X3788_Xbb8f,7,CONT,17.037203784499816
uid___A001_X3788_Xbb8f,16,CONT,23.208655886499482
uid___A001_X3788_Xbb8f,19,CONT,14.849776610000303
uid___A001_X3788_Xbb8f,21,CONT,18.130793814000395
uid___A001_X3788_Xbb93,17,CONT,14.692698332500303
uid___A001_X3788_Xbb93,19,CONT,18.911183235500182
uid___A001_X3788_Xbb93,21,CONT,18.364263599500124
uid___A001_X3788_Xbb93,23,CONT,13.286428150000154
uid___A001_X3788_Xbb97,17,CONT,14.145996497000121
uid___A001_X3788_Xbb97,19,CONT,13.286666689000398
uid___A001_X3788_Xbb97,21,CONT,16.098932667499998
uid___A001_X3788_Xbb97,23,CONT,13.286592319000242
uid___A001_X3788_Xbb9b,9,CONT,18.44241357200012
uid___A001_X3788_Xbb9b,16,CONT,19.37992564600006
uid___A001_X3788_Xbb9b,18,CONT,31.957279555000305
uid___A001_X3788_Xbb9b,21,CONT,13.286466555999448
uid___A001_X3788_Xbb9f,17,CONT,21.56558605849945
uid___A001_X3788_Xbb9f,19,CONT,20.081262233999635
uid___A001_X3788_Xbb9f,21,CONT,13.831429042000426
uid___A001_X3788_Xbb9f,23,CONT,13.909538301499941
uid___A001_X3788_Xbba3,17,CONT,17.26969675749939
uid___A001_X3788_Xbba3,19,CONT,15.629141128000185
uid___A001_X3788_Xbba3,21,CONT,13.285419104500734
uid___A001_X3788_Xbba3,23,CONT,14.45722098849945
uid___A001_X3788_Xbba7,17,CONT,16.097619562999572
uid___A001_X3788_Xbba7,19,CONT,19.69117212550049
uid___A001_X3788_Xbba7,21,CONT,15.941326097000122
uid___A001_X3788_Xbba7,23,CONT,19.378649599500427
uid___A001_X3788_Xbbad,16,CONT,15.6275056
uid___A001_X3788_Xbbad,18,CONT,25.78344022499695
uid___A001_X3788_Xbbad,22,CONT,51.56387144000549
uid___A001_X3788_Xbbad,24,FINE,68.01412650671875
uid___A001_X3788_Xbbad,26,FINE,95.97257181867187
uid___A001_X3788_Xbc79,25,MEDIUM,9.575875194667969
uid___A001_X3788_Xbc79,27,FINE,6.102343421989864
uid___A001_X3788_Xbc79,29,FINE,9.02734026463839
uid___A001_X3788_Xbc79,31,FINE,11.946541272232698
uid___A001_X3788_Xbc79,33,FINE,11.113363700554642
uid___A001_X3788_Xbc79,35,FINE,38.797429420828976
uid___A001_X3788_Xbc79,37,FINE,27.30772726808315
uid___A001_X3788_Xbc79,39,FINE,13.102116435516892
uid___A001_X3788_Xbc79,41,FINE,11.638819636228078
uid___A001_X3788_Xbc79,43,FINE,3.9408534691175396
uid___A001_X3788_Xbc79,45,FINE,19.778485778296304
uid___A001_X3788_Xbc79,47,FINE,9.996647597548217
uid___A001_X3788_Xbc79,49,FINE,26.924475456426777
uid___A001_X3788_Xbc7e,25,MEDIUM,14.86613277333496
uid___A001_X3788_Xbc7e,27,FINE,35.54388450656231
uid___A001_X3788_Xbc7e,29,FINE,73.7354051112043
uid___A001_X3788_Xbc7e,31,FINE,27.78047677399315
uid___A001_X3788_Xbc7e,33,FINE,28.37152446166371
uid___A001_X3788_Xbc7e,35,FINE,50.16934743939644
uid___A001_X3788_Xbc7e,37,FINE,36.83453573588367
uid___A001_X3788_Xbc7e,39,FINE,24.30767299609821
uid___A001_X3788_Xbc7e,41,FINE,31.22300891902197
uid___A001_X3788_Xbc7e,43,FINE,23.888544351098403
uid___A001_X3788_Xbc7e,45,FINE,29.642563547668686
uid___A001_X3788_Xbc7e,47,FINE,23.35145578535148
uid___A001_X3788_Xbc7e,49,FINE,41.742171867982094
uid___A001_X3788_Xbc83,25,MEDIUM,5.685562944000651
uid___A001_X3788_Xbc83,27,FINE,29.255769040389584
uid___A001_X3788_Xbc83,29,FINE,25.299833429506723
uid___A001_X3788_Xbc83,31,FINE,34.9161747489788
uid___A001_X3788_Xbc83,33,FINE,29.999216640668468
uid___A001_X3788_Xbc83,35,FINE,48.524230038021614
uid___A001_X3788_Xbc83,37,FINE,58.96037038048394
uid___A001_X3788_Xbc83,39,FINE,28.901042089808666
uid___A001_X3788_Xbc83,41,FINE,30.188829364282277
uid___A001_X3788_Xbc83,43,FINE,71.88328201949517
uid___A001_X3788_Xbc83,45,FINE,26.121436909759254
uid___A001_X3788_Xbc83,47,FINE,26.07871942089901
uid___A001_X3788_Xbc83,49,FINE,59.92848611967101
uid___A001_X3788_Xbc85,25,MEDIUM,3.688968693333333
uid___A001_X3788_Xbc85,27,FINE,33.196177923271925
uid___A001_X3788_Xbc85,29,FINE,32.99653239764652
uid___A001_X3788_Xbc85,31,FINE,33.22077199290998
uid___A001_X3788_Xbc85,33,FINE,34.41978042043321
uid___A001_X3788_Xbc85,35,FINE,59.822590273941714
uid___A001_X3788_Xbc85,37,FINE,79.58155658108214
uid___A001_X3788_Xbc85,39,FINE,34.382515726971995
uid___A001_X3788_Xbc85,41,FINE,58.33006239563843
uid___A001_X3788_Xbc85,43,FINE,35.11345381245691
uid___A001_X3788_Xbc85,45,FINE,61.66356713505813
uid___A001_X3788_Xbc85,47,FINE,36.28624649709049
uid___A001_X3788_Xbc85,49,FINE,59.80268748576918
uid___A001_X3788_Xbc88,25,MEDIUM,8.337585647999674
uid___A001_X3788_Xbc88,27,FINE,44.067688390260074
uid___A001_X3788_Xbc88,29,FINE,48.043759066669345
uid___A001_X3788_Xbc88,31,FINE,44.17208817315142
uid___A001_X3788_Xbc88,33,FINE,71.64200700428944
uid___A001_X3788_Xbc88,35,FINE,66.62059125709547
uid___A001_X3788_Xbc88,37,FINE,66.82918329237818
uid___A001_X3788_Xbc88,39,FINE,45.96830244835066
uid___A001_X3788_Xbc88,41,FINE,98.95656110368243
uid___A001_X3788_Xbc88,43,FINE,46.58799548756677
uid___A001_X3788_Xbc88,45,FINE,52.850723113997525
uid___A001_X3788_Xbc88,47,FINE,72.25278681355942
uid___A001_X3788_Xbc88,49,FINE,67.4543490949971
uid___A001_X3788_Xbc8a,25,MEDIUM,10.939351909332682
uid___A001_X3788_Xbc8a,27,FINE,71.45378726078904
uid___A001_X3788_Xbc8a,29,FINE,47.30275131498555
uid___A001_X3788_Xbc8a,31,FINE,20.09644262702521
uid___A001_X3788_Xbc8a,33,FINE,82.28871655368062
uid___A001_X3788_Xbc8a,35,FINE,40.76953807395251
uid___A001_X3788_Xbc8a,37,FINE,42.64629653646237
uid___A001_X3788_Xbc8a,39,FINE,17.22041444670467
uid___A001_X3788_Xbc8a,41,FINE,64.7859077242025
uid___A001_X3788_Xbc8a,43,FINE,43.01163109392896
uid___A001_X3788_Xbc8a,45,FINE,43.671886445354815
uid___A001_X3788_Xbc8a,47,FINE,57.09969843226775
uid___A001_X3788_Xbc8a,49,FINE,73.57514907712279
uid___A001_X3788_Xbcb5,16,CONT,41.398542250003054
uid___A001_X3788_Xbcb5,18,CONT,45.3052949
uid___A001_X3788_Xbcb5,20,CONT,20.301909850003053
uid___A001_X3788_Xbcb5,22,CONT,59.36959251999817
uid___A001_X3788_Xbcb9,16,CONT,42.97088014000244
uid___A001_X3788_Xbcb9,18,CONT,22.65911951499939
uid___A001_X3788_Xbcb9,20,CONT,58.59519531000061
uid___A001_X3788_Xbcb9,22,CONT,42.970773925
uid___A001_X3788_Xbcbd,16,CONT,28.899925500003054
uid___A001_X3788_Xbcbd,18,CONT,69.52853482000427
uid___A001_X3788_Xbcbd,20,CONT,71.87245353999634
uid___A001_X3788_Xbcbd,22,CONT,27.337119100000002
uid___A001_X3788_Xbcc1,16,CONT,31.24127303999939
uid___A001_X3788_Xbcc1,18,CONT,24.209115475
uid___A001_X3788_Xbcc1,20,CONT,46.08690658000183
uid___A001_X3788_Xbcc1,22,CONT,37.492053600000006
uid___A001_X3788_Xbcc5,16,CONT,24.99412383999939
uid___A001_X3788_Xbcc5,18,CONT,24.21279419999695
uid___A001_X3788_Xbcc5,20,CONT,42.96419188000183
uid___A001_X3788_Xbcc5,22,CONT,63.27830638999939
uid___A001_X3788_Xbcc9,16,CONT,81.2483587600006
uid___A001_X3788_Xbcc9,18,CONT,82.0296508100006
uid___A001_X3788_Xbcc9,20,CONT,53.902094335000605
uid___A001_X3788_Xbcc9,22,CONT,73.4350996
uid___A001_X3788_Xbccd,6,CONT,33.595060275
uid___A001_X3788_Xbccd,8,CONT,75.78170507999879
uid___A001_X3788_Xbccd,14,CONT,17.970383274996948
uid___A001_X3788_Xbccd,18,CONT,60.938227
uid___A001_X3788_Xbcd5,6,CONT,39.835214549999996
uid___A001_X3788_Xbcd5,15,CONT,80.46598337500305
uid___A001_X3788_Xbcd5,18,CONT,24.20789376000061
uid___A001_X3788_Xbcd5,20,CONT,32.802858110000614
uid___A001_X3788_Xbcd9,6,CONT,75.00050416000062
uid___A001_X3788_Xbcd9,8,CONT,53.90712526500244
uid___A001_X3788_Xbcd9,14,CONT,21.095358929998778
uid___A001_X3788_Xbcd9,18,CONT,52.34464426000061
uid___A001_X3788_Xbcdd,16,CONT,32.02561022500306
uid___A001_X3788_Xbcdd,18,CONT,82.81107077000122
uid___A001_X3788_Xbcdd,20,CONT,75.77921252499999
uid___A001_X3788_Xbcdd,22,CONT,18.743150039996337
uid___A001_X3788_Xbce1,16,CONT,54.68249430999755
uid___A001_X3788_Xbce1,18,CONT,43.7437738
uid___A001_X3788_Xbce1,20,CONT,34.3676605
uid___A001_X3788_Xbce1,22,CONT,57.807748539999395
uid___A001_X3788_Xbce5,16,CONT,26.55380217999878
uid___A001_X3788_Xbce5,18,CONT,70.30897758999633
uid___A001_X3788_Xbce5,20,CONT,17.17757998999939
uid___A001_X3788_Xbce5,22,CONT,24.209613084997557
uid___A001_X3788_Xbce9,16,CONT,13.272987715000916
uid___A001_X3788_Xbce9,18,CONT,13.272967734999083
uid___A001_X3788_Xbce9,20,CONT,13.272844519999694
uid___A001_X3788_Xbce9,22,CONT,57.027076050001526
uid___A001_X3788_Xbced,16,CONT,32.80398600000153
uid___A001_X3788_Xbced,18,CONT,14.051589649998474
uid___A001_X3788_Xbced,20,CONT,31.24117096000061
uid___A001_X3788_Xbced,22,CONT,82.8102887800003
uid___A001_X3788_Xbcf1,16,CONT,15.623199640000914
uid___A001_X3788_Xbcf1,18,CONT,31.2485163199997
uid___A001_X3788_Xbcf1,20,CONT,31.248410720001218
uid___A001_X3788_Xbcf1,22,CONT,81.24956199999848
uid___A001_X3788_Xbcf5,16,CONT,71.092034125
uid___A001_X3788_Xbcf5,18,CONT,44.5279364300003
uid___A001_X3788_Xbcf5,20,CONT,64.06030671999969
uid___A001_X3788_Xbcf5,22,CONT,69.52938443500061
uid___A001_X3788_Xbcf9,16,CONT,54.68433088000031
uid___A001_X3788_Xbcf9,18,CONT,35.15169163999939
uid___A001_X3788_Xbcf9,20,CONT,33.58900104999847
uid___A001_X3788_Xbcf9,22,CONT,42.964660539999386
uid___A001_X3788_Xbcfd,16,CONT,54.682912780001836
uid___A001_X3788_Xbcfd,18,CONT,66.40283924000092
uid___A001_X3788_Xbcfd,20,CONT,35.14960336000061
uid___A001_X3788_Xbcfd,22,CONT,78.9040844650009
uid___A001_X3788_Xbd05,16,CONT,14.842169499999999
uid___A001_X3788_Xbd05,18,CONT,34.37377276000061
uid___A001_X3788_Xbd05,20,CONT,81.24963052000123
uid___A001_X3788_Xbd05,22,CONT,71.0931765
uid___A001_X3788_Xbd09,6,CONT,16.403137905000307
uid___A001_X3788_Xbd09,8,CONT,49.9981104
uid___A001_X3788_Xbd09,14,CONT,83.59314183999939
uid___A001_X3788_Xbd09,18,CONT,64.06112529000092
uid___A001_X3788_Xbd0d,6,CONT,35.942200650000004
uid___A001_X3788_Xbd0d,8,CONT,44.53521286500244
uid___A001_X3788_Xbd0d,14,CONT,21.880760499999997
uid___A001_X3788_Xbd0d,18,CONT,48.44110657000122
uid___A001_X3788_Xbd15,6,CONT,66.40348725
uid___A001_X3788_Xbd15,8,CONT,53.1210289
uid___A001_X3788_Xbd15,14,CONT,52.33985240499878
uid___A001_X3788_Xbd15,18,CONT,45.3078415
uid___A001_X3788_Xbd19,16,CONT,20.312704
uid___A001_X3788_Xbd19,18,CONT,52.34385186999817
uid___A001_X3788_Xbd19,20,CONT,29.68748245
uid___A001_X3788_Xbd19,22,CONT,71.8749807399994
uid___A001_X3788_Xbd1d,16,CONT,40.621666260003664
uid___A001_X3788_Xbd1d,18,CONT,18.74541151999817
uid___A001_X3788_Xbd1d,20,CONT,47.65319948999634
uid___A001_X3788_Xbd1d,22,CONT,17.18264626000061
uid___A001_X3788_Xbd21,8,CONT,32.80215506000061
uid___A001_X3788_Xbd21,15,CONT,28.114101219998165
uid___A001_X3788_Xbd21,17,CONT,52.336506250000006
uid___A001_X3788_Xbd21,20,CONT,64.83832435
uid___A001_X3788_Xbd25,16,CONT,47.648822380000304
uid___A001_X3788_Xbd25,18,CONT,49.9928848
uid___A001_X3788_Xbd25,20,CONT,32.021407689999386
uid___A001_X3788_Xbd25,22,CONT,75.77773444500122
uid___A001_X3788_Xbd29,6,CONT,80.46787549999999
uid___A001_X3788_Xbd29,8,CONT,32.02809494500122
uid___A001_X3788_Xbd29,14,CONT,32.80951236000061
uid___A001_X3788_Xbd29,18,CONT,17.964916975
uid___A001_X3788_Xbd2d,16,CONT,59.368515599996954
uid___A001_X3788_Xbd2d,18,CONT,70.30775038000183
uid___A001_X3788_Xbd2d,20,CONT,46.86639392000122
uid___A001_X3788_Xbd2d,22,CONT,51.55463529999695
uid___A001_X3788_Xbd31,16,CONT,36.70922844999695
uid___A001_X3788_Xbd31,18,CONT,17.956385724999997
uid___A001_X3788_Xbd31,20,CONT,31.23954208000183
uid___A001_X3788_Xbd31,22,CONT,32.802262560000614
uid___A001_X3788_Xbd35,16,CONT,45.31327945000305
uid___A001_X3788_Xbd35,18,CONT,28.12600555999756
uid___A001_X3788_Xbd35,20,CONT,67.96915343999939
uid___A001_X3788_Xbd35,22,CONT,16.407280944998167
uid___A001_X3788_Xbd3d,25,MEDIUM,72.71006792532552
uid___A001_X3788_Xbd3d,27,MEDIUM,71.49773213864583
uid___A001_X3788_Xbd3d,29,MEDIUM,87.33659263999999
uid___A001_X3788_Xbd3d,31,MEDIUM,63.12736166399739
uid___A001_X3788_Xbd3d,33,MEDIUM,83.7900581119987
uid___A001_X3788_Xbd3d,35,MEDIUM,75.05200168533203
uid___A001_X3788_Xbd3d,37,MEDIUM,nan
uid___A001_X3788_Xbd3d,39,MEDIUM,nan
uid___A001_X3788_Xbd41,24,MEDIUM,22.288902016002606
uid___A001_X3788_Xbd41,26,MEDIUM,77.91583530664063
uid___A001_X3788_Xbd41,28,MEDIUM,63.3319792639974
uid___A001_X3788_Xbd41,30,MEDIUM,62.08192708265625
uid___A001_X3788_Xbd41,32,MEDIUM,75.00051968002604
uid___A001_X3788_Xbd41,34,MEDIUM,92.50011852800131
uid___A001_X3788_Xbd41,36,MEDIUM,73.64752817067057
uid___A001_X3788_Xbd41,38,MEDIUM,72.08512883200032
uid___A001_X3788_Xbd7e,6,CONT,13.288801329998778
uid___A001_X3788_Xbd7e,15,CONT,17.194731319999697
uid___A001_X3788_Xbd7e,18,CONT,28.131159860000608
uid___A001_X3788_Xbd7e,20,CONT,14.069843600001525
uid___A001_X3788_Xbd82,6,CONT,14.063907449999999
uid___A001_X3788_Xbd82,15,CONT,29.688672244999697
uid___A001_X3788_Xbd82,18,CONT,14.845001319998168
uid___A001_X3788_Xbd82,20,CONT,14.844975159999086
uid___A001_X3788_Xbd86,16,CONT,13.288776909999084
uid___A001_X3788_Xbd86,18,CONT,13.288751380000305
uid___A001_X3788_Xbd86,20,CONT,13.2885599
uid___A001_X3788_Xbd86,22,CONT,34.38051292000122
uid___A001_X3788_Xbd8a,6,CONT,13.287862829998778
uid___A001_X3788_Xbd8a,15,CONT,13.28788724499817
uid___A001_X3788_Xbd8a,18,CONT,27.349173295001222
uid___A001_X3788_Xbd8a,20,CONT,13.287697435000611
uid___A001_X3788_Xbd8e,16,CONT,78.1236992600006
uid___A001_X3788_Xbd8e,18,CONT,13.27606741000061
uid___A001_X3788_Xbd8e,20,CONT,13.27592422000122
uid___A001_X3788_Xbd8e,22,CONT,13.27589757999878
uid___A001_X3788_Xbd92,16,CONT,14.0498731
uid___A001_X3788_Xbd92,18,CONT,14.831221540002442
uid___A001_X3788_Xbd92,20,CONT,15.61250116000061
uid___A001_X3788_Xbd92,22,CONT,32.80249217999878
uid___A001_X3788_Xbd96,8,CONT,14.833297444999694
uid___A001_X3788_Xbd96,15,CONT,56.24468391999893
uid___A001_X3788_Xbd96,17,CONT,14.833385734999846
uid___A001_X3788_Xbd96,20,CONT,14.833281094999695
uid___A001_X3788_Xbd9a,6,CONT,13.269808119999697
uid___A001_X3788_Xbd9a,15,CONT,13.269825880000305
uid___A001_X3788_Xbd9a,18,CONT,33.584912125
uid___A001_X3788_Xbd9a,20,CONT,13.269691015000914
uid___A001_X3788_Xbd9e,16,CONT,32.80334530000305
uid___A001_X3788_Xbd9e,18,CONT,13.269412405001832
uid___A001_X3788_Xbd9e,20,CONT,17.176065780000304
uid___A001_X3788_Xbd9e,22,CONT,13.26925533999939
uid___A001_X3788_Xbda2,16,CONT,69.52832344000092
uid___A001_X3788_Xbda2,18,CONT,13.272900025
uid___A001_X3788_Xbda2,20,CONT,39.05653846000061
uid___A001_X3788_Xbda2,22,CONT,13.272745734999084
uid___A001_X3788_Xbda6,6,CONT,13.268276875000002
uid___A001_X3788_Xbda6,8,CONT,66.40117900999756
uid___A001_X3788_Xbda6,14,CONT,13.26829852000122
uid___A001_X3788_Xbda6,18,CONT,23.425923260000612
uid___A001_X3788_Xbdaa,16,CONT,46.86649625999756
uid___A001_X3788_Xbdaa,18,CONT,14.83009720499878
uid___A001_X3788_Xbdaa,20,CONT,14.829981664999389
uid___A001_X3788_Xbdaa,22,CONT,18.73684296000061
uid___A001_X3788_Xbdae,6,CONT,14.049419900000762
uid___A001_X3788_Xbdae,15,CONT,38.271868749999996
uid___A001_X3788_Xbdae,18,CONT,14.830694524999998
uid___A001_X3788_Xbdae,20,CONT,27.332596044999697
uid___A001_X3788_Xbdb2,6,CONT,13.269030565000154
uid___A001_X3788_Xbdb2,8,CONT,13.268865169999694
uid___A001_X3788_Xbdb2,14,CONT,28.114897939999388
uid___A001_X3788_Xbdb2,18,CONT,13.26883465
uid___A001_X3788_Xbdb6,16,CONT,13.26841118500061
uid___A001_X3788_Xbdb6,18,CONT,13.268393424998473
uid___A001_X3788_Xbdb6,20,CONT,31.239731719998172
uid___A001_X3788_Xbdb6,22,CONT,13.268280205001831
uid___A001_X3788_Xbdba,16,CONT,26.558024660000612
uid___A001_X3788_Xbdba,18,CONT,14.057250255000305
uid___A001_X3788_Xbdba,20,CONT,27.339241825
uid___A001_X3788_Xbdba,22,CONT,13.275856510000612
uid___A001_X3788_Xbdca,6,CONT,13.268799685000609
uid___A001_X3788_Xbdca,15,CONT,46.867382980003356
uid___A001_X3788_Xbdca,18,CONT,31.2400516
uid___A001_X3788_Xbdca,20,CONT,49.211391349996944
uid___A001_X3788_Xbdce,6,CONT,21.09145326000366
uid___A001_X3788_Xbdce,8,CONT,13.278645385000608
uid___A001_X3788_Xbdce,14,CONT,26.56037513000183
uid___A001_X3788_Xbdce,18,CONT,21.8726395
uid___A001_X3788_Xbdd2,16,CONT,17.18271728000183
uid___A001_X3788_Xbdd2,18,CONT,71.87340429999695
uid___A001_X3788_Xbdd2,20,CONT,65.6230123
uid___A001_X3788_Xbdd2,22,CONT,35.93378253000183
uid___A001_X3788_Xbdd6,16,CONT,22.652086059997558
uid___A001_X3788_Xbdd6,18,CONT,64.06055558000183
uid___A001_X3788_Xbdd6,20,CONT,45.309462
uid___A001_X3788_Xbdd6,22,CONT,37.49651
uid___A001_X3788_Xbdda,6,CONT,34.375454019999694
uid___A001_X3788_Xbdda,8,CONT,13.281802225
uid___A001_X3788_Xbdda,14,CONT,13.281858280000305
uid___A001_X3788_Xbdda,18,CONT,13.281793344999695
uid___A001_X3788_Xbdde,16,CONT,13.286848284999083
uid___A001_X3788_Xbdde,18,CONT,13.28683662999878
uid___A001_X3788_Xbdde,20,CONT,13.286775580000304
uid___A001_X3788_Xbdde,22,CONT,31.25437139999695
uid___A001_X3788_Xbde2,16,CONT,37.4999196
uid___A001_X3788_Xbde2,18,CONT,15.624881740000914
uid___A001_X3788_Xbde2,20,CONT,69.53118097000275
uid___A001_X3788_Xbde2,22,CONT,34.37484376000061
uid___A001_X3788_Xbde6,16,CONT,25.005053439999394
uid___A001_X3788_Xbde6,18,CONT,28.129829999998474
uid___A001_X3788_Xbde6,20,CONT,67.97085944999695
uid___A001_X3788_Xbde6,22,CONT,14.84934278999939
uid___A001_X3788_Xbdea,16,CONT,38.28577156499634
uid___A001_X3788_Xbdea,18,CONT,25.00548304500122
uid___A001_X3788_Xbdea,20,CONT,71.09583846499939
uid___A001_X3788_Xbdea,22,CONT,40.629280319998166
uid___A001_X3788_Xbdee,16,CONT,13.286838294998168
uid___A001_X3788_Xbdee,18,CONT,31.254418039999386
uid___A001_X3788_Xbdee,20,CONT,49.221965225
uid___A001_X3788_Xbdee,22,CONT,13.28672452000122
uid___A001_X3788_Xbdf2,6,CONT,28.910038330000305
uid___A001_X3788_Xbdf2,8,CONT,35.15963100499725
uid___A001_X3788_Xbdf2,14,CONT,13.285889245000456
uid___A001_X3788_Xbdf2,18,CONT,13.285752714999392
uid___A001_X3788_Xbdf6,6,CONT,13.284365770001221
uid___A001_X3788_Xbdf6,15,CONT,13.28438686000061
uid___A001_X3788_Xbdf6,18,CONT,13.284249219999694
uid___A001_X3788_Xbdf6,20,CONT,32.8148073800003
uid___A001_X3788_Xbdfa,6,CONT,15.626756619999696
uid___A001_X3788_Xbdfa,15,CONT,14.845541960000611
uid___A001_X3788_Xbdfa,18,CONT,27.34517243500061
uid___A001_X3788_Xbdfa,20,CONT,28.907625010000608
uid___A001_X3788_Xbdfe,16,CONT,14.064335350001524
uid___A001_X3788_Xbdfe,18,CONT,14.064319950000002
uid___A001_X3788_Xbdfe,20,CONT,60.938275249998476
uid___A001_X3788_Xbdfe,22,CONT,13.28295551499939
uid___A001_X3788_Xbe02,16,CONT,30.470997249999996
uid___A001_X3788_Xbe02,18,CONT,13.28403277000122
uid___A001_X3788_Xbe02,20,CONT,36.72070128999939
uid___A001_X3788_Xbe02,22,CONT,13.28390401000061
uid___A001_X3788_Xbe06,16,CONT,14.84471028999939
uid___A001_X3788_Xbe06,18,CONT,14.844687945001219
uid___A001_X3788_Xbe06,20,CONT,14.844566409997558
uid___A001_X3788_Xbe06,22,CONT,14.844541885000611
uid___A001_X3788_Xbe0a,16,CONT,31.249256399999997
uid___A001_X3788_Xbe0a,18,CONT,14.842816415000915
uid___A001_X3788_Xbe0a,20,CONT,14.842751559999085
uid___A001_X3788_Xbe0a,22,CONT,14.842739570001221
uid___A001_X3788_Xbe0e,6,CONT,53.130189699999995
uid___A001_X3788_Xbe0e,15,CONT,13.290868149999998
uid___A001_X3788_Xbe0e,18,CONT,13.290752709999085
uid___A001_X3788_Xbe0e,20,CONT,13.29073495
uid___A001_X3788_Xbe12,16,CONT,32.02785526000061
uid___A001_X3788_Xbe12,18,CONT,13.276903794999695
uid___A001_X3788_Xbe12,20,CONT,13.276788910000612
uid___A001_X3788_Xbe12,22,CONT,13.276773924999999
uid___A001_X3788_Xbe16,16,CONT,31.256889519998172
uid___A001_X3788_Xbe16,18,CONT,46.09913993500061
uid___A001_X3788_Xbe16,20,CONT,13.289790340002442
uid___A001_X3788_Xbe16,22,CONT,29.6943949
uid___A001_X3788_Xbe1a,16,CONT,27.35075197000122
uid___A001_X3788_Xbe1a,18,CONT,37.506011599996945
uid___A001_X3788_Xbe1a,20,CONT,14.851855784997559
uid___A001_X3788_Xbe1a,22,CONT,14.851839979998779
uid___A001_X3788_Xbe1e,16,CONT,71.09586676999817
uid___A001_X3788_Xbe1e,18,CONT,17.193540939999387
uid___A001_X3788_Xbe1e,20,CONT,37.504464
uid___A001_X3788_Xbe1e,22,CONT,20.31803401000061
uid___A001_X3788_Xbe22,16,CONT,39.066888280001834
uid___A001_X3788_Xbe22,18,CONT,80.47015212500305
uid___A001_X3788_Xbe22,20,CONT,39.06680092000122
uid___A001_X3788_Xbe22,22,CONT,41.41037200000305
uid___A001_X3788_Xbe26,6,CONT,54.6805942300003
uid___A001_X3788_Xbe26,15,CONT,78.12167149499969
uid___A001_X3788_Xbe26,18,CONT,64.0569754
uid___A001_X3788_Xbe26,20,CONT,24.207081385000613
uid___A001_X3788_Xbe2a,6,CONT,32.80224235
uid___A001_X3788_Xbe2a,15,CONT,34.36499434000091
uid___A001_X3788_Xbe2a,18,CONT,35.927647289999385
uid___A001_X3788_Xbe2a,20,CONT,32.802152050001524
uid___A001_X3788_Xbe2e,6,CONT,66.4066234550003
uid___A001_X3788_Xbe2e,15,CONT,16.407204440000918
uid___A001_X3788_Xbe2e,18,CONT,47.656740440002444
uid___A001_X3788_Xbe2e,20,CONT,42.96926648000031
uid___A001_X3788_Xbe32,16,CONT,13.271382655000306
uid___A001_X3788_Xbe32,18,CONT,15.6153826
uid___A001_X3788_Xbe32,20,CONT,31.242072960000613
uid___A001_X3788_Xbe32,22,CONT,45.3061741
uid___A001_X3788_Xbe36,16,CONT,55.46249795500183
uid___A001_X3788_Xbe36,18,CONT,22.64537583999939
uid___A001_X3788_Xbe36,20,CONT,25.770733975
uid___A001_X3788_Xbe36,22,CONT,30.458883905001834
uid___A001_X3788_Xbe3a,16,CONT,58.58856872000122
uid___A001_X3788_Xbe3a,18,CONT,13.27037977000122
uid___A001_X3788_Xbe3a,20,CONT,13.270279315000916
uid___A001_X3788_Xbe3a,22,CONT,31.241287559999087
uid___A001_X3788_Xbe3e,16,CONT,13.288912885000611
uid___A001_X3788_Xbe3e,18,CONT,13.288896790000152
uid___A001_X3788_Xbe3e,20,CONT,78.1269072199997
uid___A001_X3788_Xbe3e,22,CONT,13.288795219999693
uid___A001_X3788_Xbe42,16,CONT,13.276288300001527
uid___A001_X3788_Xbe42,18,CONT,13.27626166000061
uid___A001_X3788_Xbe42,20,CONT,28.120745920001223
uid___A001_X3788_Xbe42,22,CONT,13.276090719999695
uid___A001_X3788_Xbe46,16,CONT,13.275973614999389
uid___A001_X3788_Xbe46,18,CONT,32.02709444499969
uid___A001_X3788_Xbe46,20,CONT,14.057086899999998
uid___A001_X3788_Xbe46,22,CONT,13.275740519999696
uid___A001_X3788_Xbe4a,16,CONT,17.182443800001526
uid___A001_X3788_Xbe4a,18,CONT,13.27592921499939
uid___A001_X3788_Xbe4a,20,CONT,13.27576715499878
uid___A001_X3788_Xbe4a,22,CONT,39.05862886000061
uid___A001_X3788_Xbe4e,16,CONT,61.72197885499878
uid___A001_X3788_Xbe4e,18,CONT,13.288537150001526
uid___A001_X3788_Xbe4e,20,CONT,70.31493086000062
uid___A001_X3788_Xbe4e,22,CONT,69.53373352000276
uid___A001_X3788_Xbe52,6,CONT,65.62404388000182
uid___A001_X3788_Xbe52,8,CONT,15.62247927999878
uid___A001_X3788_Xbe52,14,CONT,33.59192802500306
uid___A001_X3788_Xbe52,18,CONT,53.90485553500061
uid___A001_X3788_Xbe56,6,CONT,34.37529021999816
uid___A001_X3788_Xbe56,15,CONT,42.18777232000122
uid___A001_X3788_Xbe56,18,CONT,19.531481235000612
uid___A001_X3788_Xbe56,20,CONT,71.09382473999939
uid___A001_X3788_Xbe5a,16,CONT,14.850712919999696
uid___A001_X3788_Xbe5a,18,CONT,35.16153834499969
uid___A001_X3788_Xbe5a,20,CONT,14.850580485000611
uid___A001_X3788_Xbe5a,22,CONT,29.6931214
uid___A001_X3788_Xbe92,25,COARSE,26.240106880000003
uid___A001_X3788_Xbe92,27,COARSE,60.82752388266764
uid___A001_X3788_Xbe92,29,COARSE,59.78557918933268
uid___A001_X3788_Xbe92,31,COARSE,42.491262207999675
uid___A001_X3788_Xbe96,25,COARSE,13.536498533333333
uid___A001_X3788_Xbe96,27,COARSE,43.32894361599935
uid___A001_X3788_Xbe96,29,COARSE,29.78596912
uid___A001_X3788_Xbe96,31,COARSE,61.8718924159961
uid___A001_X3788_Xbe9a,25,COARSE,68.95532790400229
uid___A001_X3788_Xbe9a,27,COARSE,15.409612010666503
uid___A001_X3788_Xbe9a,29,COARSE,15.20111369599935
uid___A001_X3788_Xbe9a,31,COARSE,16.86789886400065
uid___A001_X3788_Xbe9e,25,COARSE,31.254723839998373
uid___A001_X3788_Xbe9e,27,COARSE,14.590536213333333
uid___A001_X3788_Xbe9e,29,COARSE,16.465209141333823
uid___A001_X3788_Xbe9e,31,COARSE,37.5051232
uid___A001_X3788_Xbea2,21,COARSE,45.62385856
uid___A001_X3788_Xbea2,23,COARSE,45.6238362880013
uid___A001_X3788_Xbea2,25,COARSE,38.74897139200114
uid___A001_X3788_Xbea2,27,COARSE,22.498692543999837
uid___A001_X3788_Xbea6,25,COARSE,67.25299269333334
uid___A001_X3788_Xbea6,27,COARSE,5.192841493331706
uid___A001_X3788_Xbea6,29,COARSE,38.949110474665524
uid___A001_X3788_Xbea6,31,COARSE,37.28217272533285
uid___A001_X3788_Xbeaa,25,COARSE,7.706759797333984
uid___A001_X3788_Xbeaa,27,COARSE,51.04081189333334
uid___A001_X3788_Xbeaa,29,COARSE,59.999145984002276
uid___A001_X3788_Xbeaa,31,COARSE,53.541457344000655
uid___A001_X3788_Xbeae,25,COARSE,64.78873012266764
uid___A001_X3788_Xbeae,27,COARSE,27.702281663999024
uid___A001_X3788_Xbeae,29,COARSE,35.828850496000165
uid___A001_X3788_Xbeae,31,COARSE,27.286566613333335
uid___A001_X3788_Xbeb2,23,COARSE,38.94959802666666
uid___A001_X3788_Xbeb2,25,COARSE,39.632778613333336
uid___A001_X3788_Xbeb2,27,COARSE,57.07702039466797
uid___A001_X3788_Xbeb2,29,COARSE,32.28168266666667
uid___A001_X3788_Xbeb6,25,COARSE,13.948057898666178
uid___A001_X3788_Xbeb6,27,COARSE,36.658277887999674
uid___A001_X3788_Xbeb6,29,COARSE,63.12001379200033
uid___A001_X3788_Xbeb6,31,COARSE,46.76438519466634
uid___A001_X3788_Xbebc,17,CONT,15.60847762000122
uid___A001_X3788_Xbebc,19,CONT,14.827099159997559
uid___A001_X3788_Xbebc,21,CONT,17.17157827000122
uid___A001_X3788_Xbebc,23,CONT,17.171263449999998
uid___A001_X3788_Xbebc,25,CONT,56.24161287999267
uid___A001_X3788_Xbebc,27,CONT,24.20384982999878
uid___A001_X3788_Xbebc,29,CONT,17.171668369995118
uid___A001_X3788_Xbebc,31,CONT,17.17117282000122
uid___A001_X3788_Xbed2,23,COARSE,59.16470562133627
uid___A001_X3788_Xbed2,25,COARSE,27.079821199999998
uid___A001_X3788_Xbed2,27,COARSE,38.74700433599935
uid___A001_X3788_Xbed2,29,COARSE,6.662088704000651
uid___A001_X3788_Xbf0e,25,CONT,17.18424632999878
uid___A001_X3788_Xbf0e,27,CONT,17.184227249993896
uid___A001_X3788_Xbf0e,33,COARSE,21.653907231992186
uid___A001_X3788_Xbf0e,35,COARSE,19.98694963197917
uid___A001_X3788_Xbf3d,24,MEDIUM,42.08114427733073
uid___A001_X3788_Xbf3d,26,MEDIUM,15.835632725338542
uid___A001_X3788_Xbf3d,28,MEDIUM,66.07197969066407
uid___A001_X3788_Xbf3d,30,MEDIUM,48.341725610690105
uid___A001_X3788_Xbf3d,32,MEDIUM,19.320589098658854
uid___A001_X3788_Xbf3d,34,MEDIUM,27.974448512005207
uid___A001_X3788_Xbf3d,36,MEDIUM,84.06200887466146
uid___A001_X3788_Xbf3d,38,MEDIUM,77.29090175998698
uid___A001_X3788_Xbf3d,40,FINE,27.341321301328126
uid___A001_X3788_Xbf3d,42,FINE,19.30029614933594
uid___A001_X3788_Xbf3d,44,MEDIUM,47.1476247040039
uid___A001_X3788_Xbf3d,46,FINE,19.0154618453125
uid___A001_X3788_Xbf3d,48,FINE,62.29029499738281
uid___A001_X3788_Xbf3d,50,FINE,48.52510681601562
uid___A001_X3788_Xbf43,24,MEDIUM,17.57395281066406
uid___A001_X3788_Xbf43,26,MEDIUM,38.747625984023436
uid___A001_X3788_Xbf43,28,MEDIUM,13.954936234674479
uid___A001_X3788_Xbf43,30,MEDIUM,16.723355861328127
uid___A001_X3788_Xbf43,32,MEDIUM,19.055992618658856
uid___A001_X3788_Xbf43,34,MEDIUM,9.26724279467448
uid___A001_X3788_Xbf43,36,MEDIUM,4.2515895893359374
uid___A001_X3788_Xbf43,38,MEDIUM,45.31039679998698
uid___A001_X3788_Xbf43,40,FINE,58.644280362656254
uid___A001_X3788_Xbf43,42,FINE,9.996439551992188
uid___A001_X3788_Xbf43,44,FINE,79.0097126826237
uid___A001_X3788_Xbf43,46,FINE,15.944710143997396
uid___A001_X3788_Xbf43,48,FINE,59.09471330135416
uid___A001_X3788_Xbf43,50,FINE,12.665540330670572
uid___A001_X3788_Xbf49,24,MEDIUM,14.557160320013022
uid___A001_X3788_Xbf49,26,MEDIUM,14.750958250664063
uid___A001_X3788_Xbf49,28,MEDIUM,13.726594432005209
uid___A001_X3788_Xbf49,30,MEDIUM,15.30954035201823
uid___A001_X3788_Xbf49,32,MEDIUM,14.77904755199219
uid___A001_X3788_Xbf49,34,MEDIUM,13.535330474674478
uid___A001_X3788_Xbf49,36,MEDIUM,12.579957589335939
uid___A001_X3788_Xbf49,38,MEDIUM,73.74918860802083
uid___A001_X3788_Xbf49,40,FINE,22.00152810666667
uid___A001_X3788_Xbf49,42,FINE,14.694262997317708
uid___A001_X3788_Xbf49,44,FINE,16.302056938665366
uid___A001_X3788_Xbf49,46,FINE,12.184425471992187
uid___A001_X3788_Xbf49,48,FINE,24.893225983997397
uid___A001_X3788_Xbf49,50,FINE,9.163518293333334
uid___A001_X3788_Xbf55,24,MEDIUM,21.790993280013023
uid___A001_X3788_Xbf55,26,MEDIUM,14.263726976002605
uid___A001_X3788_Xbf55,28,MEDIUM,20.653852458645833
uid___A001_X3788_Xbf55,30,MEDIUM,19.46369049598958
uid___A001_X3788_Xbf55,32,MEDIUM,21.21381819733073
uid___A001_X3788_Xbf55,34,MEDIUM,13.104177322669273
uid___A001_X3788_Xbf55,36,MEDIUM,9.102755370664061
uid___A001_X3788_Xbf55,38,MEDIUM,19.992466773333334
uid___A001_X3788_Xbf55,40,FINE,15.093939669348957
uid___A001_X3788_Xbf55,42,FINE,16.406779264010414
uid___A001_X3788_Xbf55,44,MEDIUM,17.309970581328123
uid___A001_X3788_Xbf55,46,FINE,27.104189269335937
uid___A001_X3788_Xbf55,48,FINE,17.360081621341145
uid___A001_X3788_Xbf55,50,FINE,17.001614741341147
uid___A001_X3788_Xbf5b,24,MEDIUM,38.84935432532552
uid___A001_X3788_Xbf5b,26,MEDIUM,25.56504405334635
uid___A001_X3788_Xbf5b,28,MEDIUM,57.29919206401042
uid___A001_X3788_Xbf5b,30,MEDIUM,64.01767633067709
uid___A001_X3788_Xbf5b,32,MEDIUM,27.34543756802083
uid___A001_X3788_Xbf5b,34,MEDIUM,55.82911351464844
uid___A001_X3788_Xbf5b,36,MEDIUM,22.417783338658854
uid___A001_X3788_Xbf5b,38,MEDIUM,31.5468864
uid___A001_X3788_Xbf5b,40,FINE,48.95343274665365
uid___A001_X3788_Xbf5b,42,FINE,63.45132923734374
uid___A001_X3788_Xbf5b,44,MEDIUM,22.70405207466146
uid___A001_X3788_Xbf5b,46,FINE,88.33233169065105
uid___A001_X3788_Xbf5b,48,FINE,20.681828650664063
uid___A001_X3788_Xbf5b,50,FINE,61.03796258132812
uid___A001_X3788_Xbf73,24,MEDIUM,47.706157696002606
uid___A001_X3788_Xbf73,26,MEDIUM,26.09324172800781
uid___A001_X3788_Xbf73,28,MEDIUM,61.643287808007805
uid___A001_X3788_Xbf73,30,MEDIUM,33.07761659733073
uid___A001_X3788_Xbf73,32,MEDIUM,19.26459012266927
uid___A001_X3788_Xbf73,34,MEDIUM,44.37833096532552
uid___A001_X3788_Xbf73,36,MEDIUM,36.64721079467448
uid___A001_X3788_Xbf73,38,MEDIUM,18.758878890664064
uid___A001_X3788_Xbf73,40,FINE,52.61937749333333
uid___A001_X3788_Xbf73,42,FINE,17.283621034648437
uid___A001_X3788_Xbf73,44,MEDIUM,49.112491157324214
uid___A001_X3788_Xbf73,46,FINE,58.9566588160026
uid___A001_X3788_Xbf73,48,FINE,23.174149461328124
uid___A001_X3788_Xbf73,50,FINE,13.173405077337238
uid___A001_X3788_Xbf79,24,MEDIUM,21.62890760533854
uid___A001_X3788_Xbf79,26,MEDIUM,12.316249429322916
uid___A001_X3788_Xbf79,28,MEDIUM,35.283862656002604
uid___A001_X3788_Xbf79,30,MEDIUM,42.744214485338546
uid___A001_X3788_Xbf79,32,MEDIUM,20.52619272533854
uid___A001_X3788_Xbf79,34,MEDIUM,22.83288768
uid___A001_X3788_Xbf79,36,MEDIUM,20.709240234661458
uid___A001_X3788_Xbf79,38,MEDIUM,45.86715626666666
uid___A001_X3788_Xbf79,40,FINE,12.597205503997397
uid___A001_X3788_Xbf79,42,FINE,71.56033860266928
uid___A001_X3788_Xbf79,44,MEDIUM,19.448347263997395
uid___A001_X3788_Xbf79,46,FINE,16.972561706666667
uid___A001_X3788_Xbf79,48,FINE,13.086429397330729
uid___A001_X3788_Xbf79,50,FINE,13.823476288001302
uid___A001_X3788_Xbf7f,24,MEDIUM,66.63440046933594
uid___A001_X3788_Xbf7f,26,MEDIUM,12.3385216
uid___A001_X3788_Xbf7f,28,MEDIUM,16.53261943467448
uid___A001_X3788_Xbf7f,30,MEDIUM,15.989341269322916
uid___A001_X3788_Xbf7f,32,MEDIUM,15.307057365338542
uid___A001_X3788_Xbf7f,34,MEDIUM,5.418918186666667
uid___A001_X3788_Xbf7f,36,MEDIUM,23.106456533333333
uid___A001_X3788_Xbf7f,38,MEDIUM,16.88415244799479
uid___A001_X3788_Xbf7f,40,FINE,42.50393506128906
uid___A001_X3788_Xbf7f,42,FINE,15.711184042669272
uid___A001_X3788_Xbf7f,44,FINE,18.059983978665365
uid___A001_X3788_Xbf7f,46,FINE,17.938422826666667
uid___A001_X3788_Xbf7f,48,FINE,24.31602999467448
uid___A001_X3788_Xbf7f,50,FINE,13.714474901334636
uid___A001_X3788_Xbf85,24,MEDIUM,26.772878720013022
uid___A001_X3788_Xbf85,26,MEDIUM,49.68331046398438
uid___A001_X3788_Xbf85,28,MEDIUM,13.864237013333334
uid___A001_X3788_Xbf85,30,MEDIUM,23.81865416532552
uid___A001_X3788_Xbf85,32,MEDIUM,21.30568328532552
uid___A001_X3788_Xbf85,34,MEDIUM,8.404057258658854
uid___A001_X3788_Xbf85,36,MEDIUM,18.88356458667969
uid___A001_X3788_Xbf85,38,MEDIUM,23.314463786653647
uid___A001_X3788_Xbf85,40,FINE,16.867977984010416
uid___A001_X3788_Xbf85,42,FINE,80.25912132265624
uid___A001_X3788_Xbf85,44,MEDIUM,17.150120426666668
uid___A001_X3788_Xbf85,46,FINE,26.68910395734375
uid___A001_X3788_Xbf85,48,FINE,42.98852727466146
uid___A001_X3788_Xbf85,50,FINE,17.366742378665364
uid___A001_X3788_Xbfd6,25,COARSE,52.0737408
uid___A001_X3788_Xbfd6,27,COARSE,16.23637916800049
uid___A001_X3788_Xbfd6,29,COARSE,2.2754805386669923
uid___A001_X3788_Xbfd6,31,COARSE,3.5256332853320314
uid___A001_X3788_Xbfd8,25,COARSE,53.743847936000975
uid___A001_X3788_Xbfd8,27,COARSE,17.907868383999837
uid___A001_X3788_Xbfd8,29,COARSE,5.823044607999674
uid___A001_X3788_Xbfd8,31,COARSE,5.614652272000326
uid___A001_X3788_Xbfdc,17,COARSE,33.11901484799967
uid___A001_X3788_Xbfdc,19,COARSE,64.99685235199951
uid___A001_X3788_Xbfdc,21,COARSE,42.70124639999675
uid___A001_X3788_Xbfdc,23,COARSE,15.825539903999022
uid___A001_X3788_Xbfde,17,COARSE,6.028148693334147
uid___A001_X3788_Xbfde,19,COARSE,2.2775791573331707
uid___A001_X3788_Xbfde,21,COARSE,43.729485546666666
uid___A001_X3788_Xbfde,23,COARSE,31.65668322132975
uid___A001_X3788_Xbfe4,23,COARSE,4.169662186666667
uid___A001_X3788_Xbfe4,25,COARSE,3.9613034026660157
uid___A001_X3788_Xbfe4,27,COARSE,56.45836900266276
uid___A001_X3788_Xbfe4,29,COARSE,3.9611067093326824
uid___A001_X3788_Xbfe8,17,COARSE,16.653578666666665
uid___A001_X3788_Xbfe8,19,COARSE,17.69537312
uid___A001_X3788_Xbfe8,21,COARSE,44.401515530664064
uid___A001_X3788_Xbfe8,23,COARSE,3.10949008
uid___A001_X3788_Xbfe8,25,COARSE,nan
uid___A001_X3788_Xbfe8,27,COARSE,nan
uid___A001_X3788_Xbfe8,29,COARSE,nan
uid___A001_X3788_Xbfea,23,COARSE,3.3352338773339847
uid___A001_X3788_Xbfea,25,COARSE,4.585175103999024
uid___A001_X3788_Xbfea,27,COARSE,47.2909839039974
uid___A001_X3788_Xbfea,29,COARSE,4.16829568
uid___A001_X3788_Xbfee,23,COARSE,2.697680752000325
uid___A001_X3788_Xbfee,25,COARSE,46.86792255999674
uid___A001_X3788_Xbfee,27,COARSE,2.697479007998047
uid___A001_X3788_Xbfee,29,COARSE,14.782132058665365
uid___A001_X3788_Xbff0,23,COARSE,3.3207397546655275
uid___A001_X3788_Xbff0,25,COARSE,48.533918111998695
uid___A001_X3788_Xbff0,27,COARSE,4.362373216000977
uid___A001_X3788_Xbff0,29,COARSE,3.528902682667643
uid___A001_X3788_Xbff4,17,COARSE,19.154778346666667
uid___A001_X3788_Xbff4,19,COARSE,7.48636032
uid___A001_X3788_Xbff4,21,COARSE,10.403280480000001
uid___A001_X3788_Xbff4,23,COARSE,20.404745210660806
uid___A001_X3788_Xbff6,17,COARSE,11.670143461334636
uid___A001_X3788_Xbff6,19,COARSE,4.58707549866862
uid___A001_X3788_Xbff6,21,COARSE,5.420311984003906
uid___A001_X3788_Xbff6,23,COARSE,42.91885866666016
uid___A001_X3788_Xbffa,23,COARSE,5.822076725332032
uid___A001_X3788_Xbffa,25,COARSE,9.98921382400065
uid___A001_X3788_Xbffa,27,COARSE,5.405177439996745
uid___A001_X3788_Xbffa,29,COARSE,53.74436711999675
uid___A001_X3788_Xbffc,23,COARSE,19.17089534933268
uid___A001_X3788_Xbffc,25,COARSE,7.504834272001953
uid___A001_X3788_Xbffc,27,COARSE,4.17165184
uid___A001_X3788_Xbffc,29,COARSE,6.671517013330078
uid___A001_X3788_Xc000,17,COARSE,7.482314592001953
uid___A001_X3788_Xc000,19,COARSE,17.9009308319987
uid___A001_X3788_Xc000,21,COARSE,4.564792271998698
uid___A001_X3788_Xc000,23,COARSE,7.481979519996745
uid___A001_X3788_Xc002,17,COARSE,31.65866609066732
uid___A001_X3788_Xc002,19,COARSE,14.156580906666665
uid___A001_X3788_Xc002,21,COARSE,5.822069493333333
uid___A001_X3788_Xc002,23,COARSE,8.322330986663411
uid___A001_X3788_Xc006,23,COARSE,12.068331514664713
uid___A001_X3788_Xc006,25,COARSE,10.401354079999999
uid___A001_X3788_Xc006,27,COARSE,11.65143093333008
uid___A001_X3788_Xc006,29,COARSE,5.8170637440006505
uid___A001_X3788_Xc008,23,COARSE,5.823172373333333
uid___A001_X3788_Xc008,25,COARSE,5.40643048
uid___A001_X3788_Xc008,27,COARSE,5.822981930664063
uid___A001_X3788_Xc008,29,COARSE,11.656927103997395
uid___A001_X3788_Xc00c,17,COARSE,4.568910607998046
uid___A001_X3788_Xc00c,19,COARSE,6.2358076
uid___A001_X3788_Xc00c,21,COARSE,3.735312096002604
uid___A001_X3788_Xc00c,23,COARSE,5.402210095999349
uid___A001_X3788_Xc00e,17,COARSE,4.587473653333333
uid___A001_X3788_Xc00e,19,COARSE,6.254064400000001
uid___A001_X3788_Xc00e,21,COARSE,6.2540464
uid___A001_X3788_Xc00e,23,COARSE,16.670260266666666
uid___A001_X3788_Xc012,23,COARSE,9.58044
uid___A001_X3788_Xc012,25,COARSE,6.246954400003255
uid___A001_X3788_Xc012,27,COARSE,6.663398058665365
uid___A001_X3788_Xc012,29,COARSE,5.413308277333984
uid___A001_X3788_Xc06f,24,MEDIUM,17.315308543984376
uid___A001_X3788_Xc06f,26,MEDIUM,15.946819413333332
uid___A001_X3788_Xc06f,28,MEDIUM,18.882191530651042
uid___A001_X3788_Xc06f,30,MEDIUM,16.763004586666668
uid___A001_X3788_Xc06f,32,MEDIUM,7.902175743997396
uid___A001_X3788_Xc06f,34,MEDIUM,47.415400405338545
uid___A001_X3788_Xc06f,36,MEDIUM,72.49677721599609
uid___A001_X3788_Xc06f,38,MEDIUM,17.20503326933431
uid___A001_X3788_Xc07b,24,MEDIUM,19.205682432005208
uid___A001_X3788_Xc07b,26,MEDIUM,7.69403579734375
uid___A001_X3788_Xc07b,28,COARSE,0.8777433173331706
uid___A001_X3788_Xc07b,30,MEDIUM,1.5464681920003256
uid___A001_X3788_Xc07b,32,MEDIUM,20.456013311992187
uid___A001_X3788_Xc07b,34,MEDIUM,37.44351991466146
uid___A001_X3788_Xc08d,24,MEDIUM,7.897001301341146
uid___A001_X3788_Xc08d,26,MEDIUM,19.20149316265625
uid___A001_X3788_Xc08d,28,COARSE,11.08682528
uid___A001_X3788_Xc08d,30,MEDIUM,2.3864092266666668
uid___A001_X3788_Xc08d,32,MEDIUM,46.34582698669271
uid___A001_X3788_Xc08d,34,MEDIUM,41.44959488
uid___A001_X3788_Xc093,24,MEDIUM,16.771748010677083
uid___A001_X3788_Xc093,26,MEDIUM,19.155227818671875
uid___A001_X3788_Xc093,28,MEDIUM,16.04878583466146
uid___A001_X3788_Xc093,30,MEDIUM,30.599712426666663
uid___A001_X3788_Xc093,32,MEDIUM,19.09170346667969
uid___A001_X3788_Xc093,34,MEDIUM,22.14109239467448
uid___A001_X3788_Xc093,36,MEDIUM,21.916081621341146
uid___A001_X3788_Xc093,38,MEDIUM,12.43234398933431
uid___A001_X3788_Xc099,24,MEDIUM,16.680745898671876
uid___A001_X3788_Xc099,26,MEDIUM,15.519564544010416
uid___A001_X3788_Xc099,28,MEDIUM,91.03948748799479
uid___A001_X3788_Xc099,30,MEDIUM,17.795362730677084
uid___A001_X3788_Xc099,32,MEDIUM,15.090002346653646
uid___A001_X3788_Xc099,34,MEDIUM,36.262895189335936
uid___A001_X3788_Xc099,36,MEDIUM,21.055145642675782
uid___A001_X3788_Xc099,38,MEDIUM,1.9425894986669923
uid___A001_X3788_Xc09f,24,MEDIUM,7.361994154661458
uid___A001_X3788_Xc09f,26,MEDIUM,8.250932736002605
uid___A001_X3788_Xc09f,28,COARSE,1.2420412160001626
uid___A001_X3788_Xc09f,30,MEDIUM,12.221073439998372
uid___A001_X3788_Xc09f,32,MEDIUM,18.97342967467448
uid___A001_X3788_Xc09f,34,MEDIUM,70.41234227203125
uid___A001_X3788_Xc0ab,24,MEDIUM,16.546765823984373
uid___A001_X3788_Xc0ab,26,MEDIUM,16.22182203731771
uid___A001_X3788_Xc0ab,28,MEDIUM,15.823363157317708
uid___A001_X3788_Xc0ab,30,MEDIUM,16.204166741328123
uid___A001_X3788_Xc0ab,32,MEDIUM,43.46307093338542
uid___A001_X3788_Xc0ab,34,MEDIUM,19.945705685351562
uid___A001_X3788_Xc0ab,36,MEDIUM,60.04116085329427
uid___A001_X3788_Xc0ab,38,MEDIUM,45.975920559996744
uid___A001_X3788_Xc0b7,24,MEDIUM,15.543067221328124
uid___A001_X3788_Xc0b7,26,MEDIUM,16.256155221328125
uid___A001_X3788_Xc0b7,28,MEDIUM,15.64952499200521
uid___A001_X3788_Xc0b7,30,MEDIUM,15.197983658671873
uid___A001_X3788_Xc0b7,32,MEDIUM,19.619145386666666
uid___A001_X3788_Xc0b7,34,MEDIUM,23.917740458671872
uid___A001_X3788_Xc0b7,36,MEDIUM,15.661706837324218
uid___A001_X3788_Xc0b7,38,MEDIUM,12.027262768001302
uid___A001_X3788_Xc0bd,24,MEDIUM,59.247974485325514
uid___A001_X3788_Xc0bd,26,MEDIUM,7.318298026666667
uid___A001_X3788_Xc0bd,28,COARSE,12.194440272000326
uid___A001_X3788_Xc0bd,30,MEDIUM,1.297771658666992
uid___A001_X3788_Xc0bd,32,MEDIUM,8.677427029335938
uid___A001_X3788_Xc0bd,34,MEDIUM,20.047212970664063
uid___A001_X3788_Xc0c3,24,MEDIUM,15.742393087994792
uid___A001_X3788_Xc0c3,26,MEDIUM,15.4149952
uid___A001_X3788_Xc0c3,28,MEDIUM,16.475575296015624
uid___A001_X3788_Xc0c3,30,MEDIUM,16.02380296533854
uid___A001_X3788_Xc0c3,32,MEDIUM,20.242635263997396
uid___A001_X3788_Xc0c3,34,MEDIUM,41.96977254398438
uid___A001_X3788_Xc0c3,36,MEDIUM,16.235296661328125
uid___A001_X3788_Xc0c3,38,MEDIUM,12.35319864533203
uid___A001_X3788_Xc0c9,24,MEDIUM,18.273669546679688
uid___A001_X3788_Xc0c9,26,MEDIUM,14.155309738671876
uid___A001_X3788_Xc0c9,28,COARSE,2.4921013760009765
uid___A001_X3788_Xc0c9,30,MEDIUM,11.606490111998697
uid___A001_X3788_Xc0c9,32,MEDIUM,8.329210368007812
uid___A001_X3788_Xc0c9,34,MEDIUM,21.260999594687497
uid___A001_X3788_Xc0d5,24,MEDIUM,19.199716352005208
uid___A001_X3788_Xc0d5,26,MEDIUM,7.691814826666667
uid___A001_X3788_Xc0d5,28,COARSE,1.81506408
uid___A001_X3788_Xc0d5,30,MEDIUM,1.2252731626676432
uid___A001_X3788_Xc0d5,32,MEDIUM,8.407376554661457
uid___A001_X3788_Xc0d5,34,MEDIUM,41.44425821865885
uid___A001_X3788_Xc0db,24,MEDIUM,18.036716629322918
uid___A001_X3788_Xc0db,26,MEDIUM,16.460095402682292
uid___A001_X3788_Xc0db,28,MEDIUM,16.270763178671874
uid___A001_X3788_Xc0db,30,MEDIUM,16.02661708799479
uid___A001_X3788_Xc0db,32,MEDIUM,18.784715605325523
uid___A001_X3788_Xc0db,34,MEDIUM,46.03298525869792
uid___A001_X3788_Xc0db,36,MEDIUM,58.64090954664063
uid___A001_X3788_Xc0db,38,MEDIUM,61.24649663999837
uid___A001_X3788_Xc0e1,24,MEDIUM,8.504228266666667
uid___A001_X3788_Xc0e1,26,MEDIUM,8.351202901341145
uid___A001_X3788_Xc0e1,28,COARSE,1.2421221120003256
uid___A001_X3788_Xc0e1,30,MEDIUM,2.1671445333333335
uid___A001_X3788_Xc0e1,32,MEDIUM,8.133107200000001
uid___A001_X3788_Xc0e1,34,MEDIUM,33.669262677343745
uid___A001_X3788_Xc0e7,24,MEDIUM,15.723033087994793
uid___A001_X3788_Xc0e7,26,MEDIUM,15.60521745065104
uid___A001_X3788_Xc0e7,28,MEDIUM,16.873573375989583
uid___A001_X3788_Xc0e7,30,MEDIUM,15.797031680000002
uid___A001_X3788_Xc0e7,32,MEDIUM,13.631918250664063
uid___A001_X3788_Xc0e7,34,MEDIUM,21.199397418671875
uid___A001_X3788_Xc0e7,36,MEDIUM,26.39080878933594
uid___A001_X3788_Xc0e7,38,MEDIUM,11.480351093333335
uid___A001_X3788_Xc0f9,24,MEDIUM,7.106523818671875
uid___A001_X3788_Xc0f9,26,MEDIUM,7.1614906879947915
uid___A001_X3788_Xc0f9,28,COARSE,11.14277963733317
uid___A001_X3788_Xc0f9,30,MEDIUM,1.4838385386669923
uid___A001_X3788_Xc0f9,32,MEDIUM,8.188379989335939
uid___A001_X3788_Xc0f9,34,MEDIUM,73.95462391467447
uid___A001_X3788_Xc111,24,MEDIUM,18.17518011733073
uid___A001_X3788_Xc111,26,MEDIUM,50.52772360532553
uid___A001_X3788_Xc111,28,COARSE,12.076098005332845
uid___A001_X3788_Xc111,30,MEDIUM,12.643543317335611
uid___A001_X3788_Xc111,32,MEDIUM,8.911781973333333
uid___A001_X3788_Xc111,34,MEDIUM,52.578304938684894
uid___A001_X3788_Xc117,24,MEDIUM,15.207812437343751
uid___A001_X3788_Xc117,26,MEDIUM,14.66976068265625
uid___A001_X3788_Xc117,28,MEDIUM,14.896504917317706
uid___A001_X3788_Xc117,30,MEDIUM,16.737535743984374
uid___A001_X3788_Xc117,32,MEDIUM,19.12956159998698
uid___A001_X3788_Xc117,34,MEDIUM,34.78392861867188
uid___A001_X3788_Xc117,36,MEDIUM,45.93339479466146
uid___A001_X3788_Xc117,38,MEDIUM,32.87894010133301
uid___A001_X3788_Xc11d,24,MEDIUM,17.935323050651043
uid___A001_X3788_Xc11d,26,MEDIUM,17.817463552005208
uid___A001_X3788_Xc11d,28,MEDIUM,17.628146261328126
uid___A001_X3788_Xc11d,30,MEDIUM,15.925292458671874
uid___A001_X3788_Xc11d,32,MEDIUM,23.3201938346875
uid___A001_X3788_Xc11d,34,MEDIUM,22.722941653333333
uid___A001_X3788_Xc11d,36,MEDIUM,16.68399699200521
uid___A001_X3788_Xc11d,38,MEDIUM,1.8526902720003255
uid___A001_X3788_Xc123,24,MEDIUM,16.952390229335936
uid___A001_X3788_Xc123,26,MEDIUM,7.212278357330729
uid___A001_X3788_Xc123,28,COARSE,0.92979008
uid___A001_X3788_Xc123,30,MEDIUM,1.4999141333333335
uid___A001_X3788_Xc123,32,MEDIUM,7.894544981341147
uid___A001_X3788_Xc123,34,MEDIUM,24.674438741328125
uid___A001_X3788_Xc12f,24,MEDIUM,18.966014549335938
uid___A001_X3788_Xc12f,26,MEDIUM,8.183429632005208
uid___A001_X3788_Xc12f,28,COARSE,0.8603414453336589
uid___A001_X3788_Xc12f,30,MEDIUM,11.438597237333985
uid___A001_X3788_Xc12f,32,MEDIUM,8.438827008007813
uid___A001_X3788_Xc12f,34,MEDIUM,85.20601890136719
uid___A001_X3788_Xc135,24,MEDIUM,26.88880452266927
uid___A001_X3788_Xc135,26,MEDIUM,8.189348608007812
uid___A001_X3788_Xc135,28,COARSE,11.700815557333986
uid___A001_X3788_Xc135,30,MEDIUM,2.07824528
uid___A001_X3788_Xc135,32,MEDIUM,8.146242218671874
uid___A001_X3788_Xc135,34,MEDIUM,28.885609301341148
uid___A001_X3788_Xc13b,24,MEDIUM,7.656833023997396
uid___A001_X3788_Xc13b,26,MEDIUM,47.71924940798177
uid___A001_X3788_Xc13b,28,COARSE,10.793321594667155
uid___A001_X3788_Xc13b,30,MEDIUM,13.289458261333007
uid___A001_X3788_Xc13b,32,MEDIUM,19.292219818671875
uid___A001_X3788_Xc13b,34,MEDIUM,56.97271236268229
uid___A001_X3788_Xc141,24,MEDIUM,12.977689088007812
uid___A001_X3788_Xc141,26,MEDIUM,7.408164437330729
uid___A001_X3788_Xc141,28,COARSE,11.190736293333334
uid___A001_X3788_Xc141,30,MEDIUM,11.712724138666992
uid___A001_X3788_Xc141,32,MEDIUM,19.598833749335938
uid___A001_X3788_Xc141,34,MEDIUM,26.383335936015623
uid___A001_X3788_Xc185,24,MEDIUM,0.46616099200032557
uid___A001_X3788_Xc185,26,MEDIUM,10.93515056
uid___A001_X3788_Xc185,28,FINE,33.578709760026044
uid___A001_X3788_Xc185,30,MEDIUM,0.8305809920003255
uid___A001_X3788_Xc188,24,MEDIUM,1.1408928853320313
uid___A001_X3788_Xc188,26,MEDIUM,0.6503882933333334
uid___A001_X3788_Xc188,28,FINE,72.07258316796874
uid___A001_X3788_Xc188,30,MEDIUM,0.7770091733333333
uid___A001_X3788_Xc18b,24,MEDIUM,1.2069463413330077
uid___A001_X3788_Xc18b,26,MEDIUM,12.866093600001626
uid___A001_X3788_Xc18b,28,FINE,26.33891584
uid___A001_X3788_Xc18b,30,MEDIUM,1.1058951306673177
uid___A001_X3788_Xc18e,24,MEDIUM,5.573842074666341
uid___A001_X3788_Xc18e,26,MEDIUM,10.521698400003256
uid___A001_X3788_Xc18e,28,FINE,63.015340373307296
uid___A001_X3788_Xc18e,30,MEDIUM,0.677988175999349
uid___A001_X3788_Xc18e,44,MEDIUM,7.273377774224175
uid___A001_X3788_Xc18e,46,MEDIUM,14.09631345777832
uid___A001_X3788_Xc18e,48,FINE,36.45893754311631
uid___A001_X3788_Xc18e,50,MEDIUM,9.5648189173329
uid___A001_X3788_Xc191,24,MEDIUM,13.024781698666176
uid___A001_X3788_Xc191,26,MEDIUM,20.48918909066813
uid___A001_X3788_Xc191,28,FINE,39.40108334933594
uid___A001_X3788_Xc191,30,MEDIUM,1.2873346746663412
uid___A001_X3788_Xc197,24,MEDIUM,0.989676328888889
uid___A001_X3788_Xc197,26,MEDIUM,4.599962440888672
uid___A001_X3788_Xc197,28,FINE,26.82903293154514
uid___A001_X3788_Xc197,30,MEDIUM,1.0722044337776693
uid___A001_X3788_Xc19b,24,MEDIUM,11.80200825066569
uid___A001_X3788_Xc19b,26,MEDIUM,7.433632373333333
uid___A001_X3788_Xc19b,28,FINE,49.499197439999996
uid___A001_X3788_Xc19b,30,MEDIUM,12.155109285335286
uid___A001_X3788_Xc19e,24,MEDIUM,5.410485205334066
uid___A001_X3788_Xc19e,26,MEDIUM,38.132912106665856
uid___A001_X3788_Xc19e,28,FINE,61.816889109322915
uid___A001_X3788_Xc19e,30,MEDIUM,7.11003491066569
uid___A001_X3788_Xc1a1,24,MEDIUM,0.5675100853336589
uid___A001_X3788_Xc1a1,26,MEDIUM,9.786710442666017
uid___A001_X3788_Xc1a1,28,FINE,17.25542869330729
uid___A001_X3788_Xc1a1,30,MEDIUM,10.932432799999999
uid___A001_X3788_Xc1a4,24,MEDIUM,0.7235550293326823
uid___A001_X3788_Xc1a4,26,MEDIUM,10.932405440001627
uid___A001_X3788_Xc1a4,28,FINE,74.99919633067708
uid___A001_X3788_Xc1a4,30,MEDIUM,0.8273924213330077
uid___A001_X3788_Xc1a7,24,MEDIUM,64.58245163199544
uid___A001_X3788_Xc1a7,26,MEDIUM,52.13421855467122
uid___A001_X3788_Xc1a7,28,FINE,59.07151778132812
uid___A001_X3788_Xc1a7,30,MEDIUM,21.82080809599935
uid___A001_X3788_Xc1aa,24,MEDIUM,0.6208478719986978
uid___A001_X3788_Xc1aa,26,MEDIUM,12.027541552000326
uid___A001_X3788_Xc1aa,28,FINE,74.01984247473959
uid___A001_X3788_Xc1aa,30,MEDIUM,0.7248561973323567
uid___A001_X3788_Xc1ad,24,MEDIUM,1.2185397706673178
uid___A001_X3788_Xc1ad,26,MEDIUM,1.0199025653336589
uid___A001_X3788_Xc1ad,28,FINE,35.89854557867188
uid___A001_X3788_Xc1ad,30,MEDIUM,1.0140938826676433
uid___A001_X3788_Xc1b0,24,MEDIUM,68.9559203839974
uid___A001_X3788_Xc1b0,26,MEDIUM,75.51891466665853
uid___A001_X3788_Xc1b0,28,FINE,78.6392994133073
uid___A001_X3788_Xc1b0,30,MEDIUM,7.443627381333008
uid___A001_X3788_Xc1b3,24,MEDIUM,0.93698296
uid___A001_X3788_Xc1b3,26,MEDIUM,57.865537450664064
uid___A001_X3788_Xc1b3,28,FINE,46.1342208853125
uid___A001_X3788_Xc1b3,30,MEDIUM,1.5124833866666667
uid___A001_X3788_Xc1b6,24,MEDIUM,0.7297236373339844
uid___A001_X3788_Xc1b6,26,MEDIUM,0.7882483573323569
uid___A001_X3788_Xc1b6,28,FINE,19.740210261328127
uid___A001_X3788_Xc1b6,30,MEDIUM,1.56277136
uid___A001_X3788_Xc1b9,24,MEDIUM,0.8664886791113281
uid___A001_X3788_Xc1b9,26,MEDIUM,2.897725619554579
uid___A001_X3788_Xc1b9,28,FINE,52.08284669153645
uid___A001_X3788_Xc1b9,30,MEDIUM,5.5190754755560985
uid___A001_X3788_Xc1bf,7,CONT,14.0540212
uid___A001_X3788_Xc1bf,16,CONT,14.0540509
uid___A001_X3788_Xc1bf,23,COARSE,63.746356672000324
uid___A001_X3788_Xc1bf,25,COARSE,35.61850852799805
uid___A001_X3788_Xc1dd,7,CONT,14.83147278500061
uid___A001_X3788_Xc1dd,15,CONT,14.83150984500122
uid___A001_X3788_Xc1dd,21,COARSE,56.24359024000326
uid___A001_X3788_Xc1dd,23,COARSE,41.24136779200195
uid___A001_X3788_Xc218,25,COARSE,48.89444648824271
uid___A001_X3788_Xc218,27,COARSE,44.386243050181776
uid___A001_X3788_Xc218,29,COARSE,50.674936280727245
uid___A001_X3788_Xc218,31,COARSE,61.60446421769716
uid___A001_X3788_Xc21c,25,COARSE,55.86947198826595
uid___A001_X3788_Xc21c,27,COARSE,53.6608624383999
uid___A001_X3788_Xc21c,29,COARSE,42.15939668159994
uid___A001_X3788_Xc21c,31,COARSE,39.70075722026692
uid___A001_X3788_Xc220,25,COARSE,55.28886401066657
uid___A001_X3788_Xc220,27,COARSE,55.02839933199978
uid___A001_X3788_Xc220,29,COARSE,46.7459000426669
uid___A001_X3788_Xc220,31,COARSE,56.74731192666681
uid___A001_X3788_Xc224,25,COARSE,49.18297238162923
uid___A001_X3788_Xc224,27,COARSE,49.738588224591915
uid___A001_X3788_Xc224,29,COARSE,49.48388541511113
uid___A001_X3788_Xc224,31,COARSE,62.26338800711119
uid___A001_X3788_Xc22c,25,COARSE,51.5908677564449
uid___A001_X3788_Xc22c,27,COARSE,49.02108392088867
uid___A001_X3788_Xc22c,29,COARSE,56.24423408977716
uid___A001_X3788_Xc22c,31,COARSE,61.45325006222209
uid___A001_X3788_Xc230,25,COARSE,50.14918738577745
uid___A001_X3788_Xc230,27,COARSE,45.37419059288907
uid___A001_X3788_Xc230,29,COARSE,48.360645322222226
uid___A001_X3788_Xc230,31,COARSE,51.83335269422214
uid___A001_X3788_Xc238,25,COARSE,54.3873777677579
uid___A001_X3788_Xc238,27,COARSE,53.74332935806152
uid___A001_X3788_Xc238,29,COARSE,48.420507135515365
uid___A001_X3788_Xc238,31,COARSE,55.21963677624216
uid___A001_X3788_Xc23c,25,COARSE,44.2288078897781
uid___A001_X3788_Xc23c,27,COARSE,57.59861053688938
uid___A001_X3788_Xc23c,29,COARSE,58.53704708800076
uid___A001_X3788_Xc23c,31,COARSE,63.98832809600016
uid___A001_X3788_Xc240,25,COARSE,50.440588308363665
uid___A001_X3788_Xc240,27,COARSE,48.62905782836396
uid___A001_X3788_Xc240,29,COARSE,50.790187383757846
uid___A001_X3788_Xc240,31,COARSE,59.375725824485535
uid___A001_X3788_Xc244,25,COARSE,54.606557252267905
uid___A001_X3788_Xc244,27,COARSE,63.16187107733333
uid___A001_X3788_Xc244,29,COARSE,47.91399333973242
uid___A001_X3788_Xc244,31,COARSE,53.95231154986752
uid___A001_X3788_Xc248,25,COARSE,46.962110048484554
uid___A001_X3788_Xc248,27,COARSE,58.19476132799968
uid___A001_X3788_Xc248,29,COARSE,54.673522136727335
uid___A001_X3788_Xc248,31,COARSE,44.89732895612127
uid___A001_X3788_Xc24c,25,COARSE,56.653632645333005
uid___A001_X3788_Xc24c,27,COARSE,59.19792145493359
uid___A001_X3788_Xc24c,29,COARSE,53.88713382079915
uid___A001_X3788_Xc24c,31,COARSE,47.587605626666665
uid___A001_X3788_Xc250,25,COARSE,49.04574684024207
uid___A001_X3788_Xc250,27,COARSE,60.070051273697175
uid___A001_X3788_Xc250,29,COARSE,53.34821117381806
uid___A001_X3788_Xc250,31,COARSE,38.80867260897047
uid___A001_X3788_Xc254,25,COARSE,57.24441437226627
uid___A001_X3788_Xc254,27,COARSE,54.702410026666826
uid___A001_X3788_Xc254,29,COARSE,39.533727914666834
uid___A001_X3788_Xc254,31,COARSE,34.658074106666334
uid___A001_X3788_Xc2e5,25,COARSE,2.49380992
uid___A001_X3788_Xc2e5,27,COARSE,3.743857247999675
uid___A001_X3788_Xc2e5,29,COARSE,12.910961802666016
uid___A001_X3788_Xc2e5,31,COARSE,7.909010048001303
uid___A001_X3788_Xc2f5,23,COARSE,2.9102793599991865
uid___A001_X3788_Xc2f5,25,COARSE,29.157752320000004
uid___A001_X3788_Xc2f5,27,COARSE,2.076688159999186
uid___A001_X3788_Xc2f5,29,COARSE,21.656062464003906
uid___A001_X3788_Xc2f9,19,COARSE,34.99191795200521
uid___A001_X3788_Xc2f9,21,COARSE,43.3261583360026
uid___A001_X3788_Xc2f9,23,COARSE,23.328200959999187
uid___A001_X3788_Xc2f9,25,COARSE,20.82800117333252
uid___A001_X3788_Xc31c,21,COARSE,62.70596038399984
uid___A001_X3788_Xc31c,23,COARSE,65.51862489599975
uid___A001_X3788_Xc31c,25,COARSE,54.580426623999834
uid___A001_X3788_Xc31c,27,COARSE,49.94470313599976
uid___A001_X3788_Xc320,17,COARSE,48.850458634667156
uid___A001_X3788_Xc320,19,COARSE,50.10053393066569
uid___A001_X3788_Xc320,21,COARSE,70.31028992
uid___A001_X3788_Xc320,23,COARSE,66.4558260266691
uid___A001_X3788_Xc324,17,COARSE,74.57937662933269
uid___A001_X3788_Xc324,19,COARSE,27.992353370667317
uid___A001_X3788_Xc324,21,COARSE,51.86737392000326
uid___A001_X3788_Xc324,23,COARSE,75.20439395733072
uid___A001_X3788_Xc328,25,COARSE,44.78664509333659
uid___A001_X3788_Xc328,27,COARSE,49.99543936
uid___A001_X3788_Xc328,29,COARSE,41.66125183999349
uid___A001_X3788_Xc328,31,COARSE,72.70579437866212
uid___A001_X3788_Xc32c,21,COARSE,29.52918553600057
uid___A001_X3788_Xc32c,23,COARSE,39.9982161919987
uid___A001_X3788_Xc32c,25,COARSE,32.18546281600017
uid___A001_X3788_Xc32c,27,COARSE,41.66486528
uid___A001_X3788_Xc330,17,COARSE,32.3935419306665
uid___A001_X3788_Xc330,19,COARSE,60.62365331200033
uid___A001_X3788_Xc330,21,COARSE,72.60318339733236
uid___A001_X3788_Xc330,23,COARSE,34.16428360533285
uid___A001_X3788_Xc334,17,COARSE,4.365761248001302
uid___A001_X3788_Xc334,19,COARSE,2.698896197330729
uid___A001_X3788_Xc334,21,COARSE,2.490347967998047
uid___A001_X3788_Xc334,23,COARSE,3.9487887893326823
uid___A001_X3788_Xc338,25,COARSE,73.12367766399576
uid___A001_X3788_Xc338,27,COARSE,69.16514088533366
uid___A001_X3788_Xc338,29,COARSE,29.788041445333658
uid___A001_X3788_Xc338,31,COARSE,48.12231080000163
uid___A001_X3788_Xc34f,7,CONT,13.279526170000075
uid___A001_X3788_Xc34f,11,CONT,13.279511184999848
uid___A001_X3788_Xc34f,15,CONT,13.279533940000151
uid___A001_X3788_Xc34f,18,CONT,13.2795184
uid___A001_X3788_Xc352,7,CONT,13.275583449999617
uid___A001_X3788_Xc352,11,CONT,32.0267608
uid___A001_X3788_Xc352,15,CONT,13.275591220000077
uid___A001_X3788_Xc352,18,CONT,13.275575129999922
uid___A001_X3788_Xc355,7,CONT,13.27943515
uid___A001_X3788_Xc355,11,CONT,24.998381920000075
uid___A001_X3788_Xc355,15,CONT,13.279445695000074
uid___A001_X3788_Xc355,18,CONT,13.27942405
uid___A001_X3788_Xc359,5,CONT,13.2792631
uid___A001_X3788_Xc359,7,CONT,13.279256995001221
uid___A001_X3788_Xc359,9,CONT,13.27922813500061
uid___A001_X3788_Xc359,11,CONT,13.279222584999085
uid___A001_X3788_Xc35c,5,CONT,13.276499755000303
uid___A001_X3788_Xc35c,7,CONT,13.276496425000001
uid___A001_X3788_Xc35c,9,CONT,13.276479219999695
uid___A001_X3788_Xc35c,11,CONT,13.276475890000917
uid___A001_X3788_Xc35f,5,CONT,13.278562134999847
uid___A001_X3788_Xc35f,7,CONT,13.278553255000306
uid___A001_X3788_Xc35f,9,CONT,13.278509410000611
uid___A001_X3788_Xc35f,11,CONT,13.278500530000306
uid___A001_X3788_Xc363,5,CONT,13.278134229995727
uid___A001_X3788_Xc363,7,CONT,13.27812423999939
uid___A001_X3788_Xc363,9,CONT,13.27807484500122
uid___A001_X3788_Xc363,11,CONT,13.27806485499878
uid___A001_X3788_Xc366,5,CONT,13.274015579995726
uid___A001_X3788_Xc366,7,CONT,13.274005585000612
uid___A001_X3788_Xc366,9,CONT,13.273953970001221
uid___A001_X3788_Xc366,11,CONT,13.273943979998778
uid___A001_X3788_Xc369,5,CONT,13.27678335999756
uid___A001_X3788_Xc369,7,CONT,13.276766154998779
uid___A001_X3788_Xc369,9,CONT,13.27667902000122
uid___A001_X3788_Xc369,11,CONT,13.27666237000122
uid___A001_X3788_Xc36d,7,CONT,14.83990775000038
uid___A001_X3788_Xc36d,11,CONT,84.37427819999999
uid___A001_X3788_Xc36d,15,CONT,14.839923010000227
uid___A001_X3788_Xc36d,18,CONT,15.6211768
uid___A001_X3788_Xc370,7,CONT,14.838452054999923
uid___A001_X3788_Xc370,11,CONT,14.0571309
uid___A001_X3788_Xc370,15,CONT,50.7781945
uid___A001_X3788_Xc370,18,CONT,14.838440610000228
uid___A001_X3788_Xc373,7,CONT,14.839030299999619
uid___A001_X3788_Xc373,11,CONT,14.839000870000078
uid___A001_X3788_Xc373,15,CONT,14.839045015000153
uid___A001_X3788_Xc373,18,CONT,14.839015040000152
uid___A001_X3788_Xc377,5,CONT,14.838588849998475
uid___A001_X3788_Xc377,7,CONT,14.838566504998779
uid___A001_X3788_Xc377,9,CONT,14.838451510000612
uid___A001_X3788_Xc377,11,CONT,14.838429169999696
uid___A001_X3788_Xc37a,5,CONT,13.275668920000458
uid___A001_X3788_Xc37a,7,CONT,23.432558344999695
uid___A001_X3788_Xc37a,9,CONT,32.026797775
uid___A001_X3788_Xc37a,11,CONT,13.27555347999878
uid___A001_X3788_Xc37d,5,CONT,27.338326705000306
uid___A001_X3788_Xc37d,7,CONT,13.274749839999389
uid___A001_X3788_Xc37d,9,CONT,13.27460887000122
uid___A001_X3788_Xc37d,11,CONT,13.274581119999695
uid___A001_X3788_Xc381,5,CONT,14.83590581499939
uid___A001_X3788_Xc381,7,CONT,14.83587692999878
uid___A001_X3788_Xc381,9,CONT,14.835729234997558
uid___A001_X3788_Xc381,11,CONT,14.835700894998169
uid___A001_X3788_Xc384,5,CONT,14.05413505
uid___A001_X3788_Xc384,7,CONT,14.835437115002442
uid___A001_X3788_Xc384,9,CONT,14.053988200003051
uid___A001_X3788_Xc384,11,CONT,14.053963999999999
uid___A001_X3788_Xc387,5,CONT,14.054186199999998
uid___A001_X3788_Xc387,7,CONT,14.83548725500183
uid___A001_X3788_Xc387,9,CONT,14.835359729998778
uid___A001_X3788_Xc387,11,CONT,14.054007999996948
uid___A001_X3788_Xc394,41,MEDIUM,21.08314021866862
uid___A001_X3788_Xc394,43,MEDIUM,68.17417102400391
uid___A001_X3788_Xc394,45,MEDIUM,58.51825622400065
uid___A001_X3788_Xc394,47,MEDIUM,16.020056442666018
uid___A001_X3788_Xc3ae,6,CONT,14.8581162
uid___A001_X3788_Xc3ae,10,CONT,24.231283369999694
uid___A001_X3788_Xc3ae,14,CONT,14.858179419999695
uid___A001_X3788_Xc3ae,17,CONT,14.858050255000304
uid___A001_X3788_Xc3b6,16,CONT,14.86220424500122
uid___A001_X3788_Xc3b6,18,CONT,14.86219497999878
uid___A001_X3788_Xc3b6,20,CONT,14.862139390000916
uid___A001_X3788_Xc3b6,24,FINE,46.83252206934896
uid___A001_X3788_Xc3b6,26,FINE,51.884630613333336
uid___A001_X3788_Xc3d1,16,CONT,25.016050719998166
uid___A001_X3788_Xc3d1,22,CONT,14.861894139999391
uid___A001_X3788_Xc3d1,24,FINE,84.788665429375
uid___A001_X3788_Xc3d1,26,FINE,77.43777723734375
uid___A001_X3788_Xc3d1,28,FINE,83.12419993598958
uid___A001_X3788_Xc3d1,30,FINE,75.20206916265624
uid___A001_X3788_Xc3ef,25,COARSE,54.02791315911079
uid___A001_X3788_Xc3ef,27,COARSE,37.08349688888888
uid___A001_X3788_Xc3ef,29,COARSE,21.38899899733181
uid___A001_X3788_Xc3ef,31,COARSE,48.75004574400011
uid___A001_X3788_Xc3f3,25,COARSE,56.25146700000081
uid___A001_X3788_Xc3f3,27,COARSE,41.66861448000163
uid___A001_X3788_Xc3f3,29,COARSE,33.33550976
uid___A001_X3788_Xc3f3,31,COARSE,26.460725071999512
uid___A001_X3788_Xc3f7,25,COARSE,32.91944702933268
uid___A001_X3788_Xc3f7,27,COARSE,48.33546414933268
uid___A001_X3788_Xc3f7,29,COARSE,76.25094939200032
uid___A001_X3788_Xc3f7,31,COARSE,65.41804247466634
uid___A001_X3788_Xc3fb,25,COARSE,49.37549487199951
uid___A001_X3788_Xc3fb,27,COARSE,42.01440594399956
uid___A001_X3788_Xc3fb,29,COARSE,41.875436982221956
uid___A001_X3788_Xc3fb,31,COARSE,42.917066855999344
uid___A001_X3788_Xc403,25,COARSE,23.475234305777995
uid___A001_X3788_Xc403,27,COARSE,30.974947486221787
uid___A001_X3788_Xc403,29,COARSE,47.91865860622287
uid___A001_X3788_Xc403,31,COARSE,51.390750033777664
uid___A001_X3788_Xc407,23,COARSE,8.753604447998047
uid___A001_X3788_Xc407,25,COARSE,28.752802576000974
uid___A001_X3788_Xc407,27,COARSE,37.91904907733235
uid___A001_X3788_Xc407,29,COARSE,55.835020858666994
uid___A001_X3788_Xc40b,25,COARSE,47.223566515555014
uid___A001_X3788_Xc40b,27,COARSE,52.08453977422255
uid___A001_X3788_Xc40b,29,COARSE,59.30648935289008
uid___A001_X3788_Xc40b,31,COARSE,43.195730800001094
uid___A001_X3788_Xc40f,25,COARSE,62.08489030399902
uid___A001_X3788_Xc40f,27,COARSE,26.25312731200358
uid___A001_X3788_Xc40f,29,COARSE,49.37711026399577
uid___A001_X3788_Xc40f,31,COARSE,48.75213194400228
uid___A001_X3788_Xc413,25,COARSE,64.58448525332682
uid___A001_X3788_Xc413,27,COARSE,29.585610101331376
uid___A001_X3788_Xc413,29,COARSE,42.0851340319987
uid___A001_X3788_Xc413,31,COARSE,66.2510424159961
uid___A001_X3788_Xc41b,21,COARSE,55.62563130666667
uid___A001_X3788_Xc41b,23,COARSE,60.83400615999837
uid___A001_X3788_Xc41b,25,COARSE,62.08384942399903
uid___A001_X3788_Xc41b,27,COARSE,42.91741011466471
uid___A001_X3788_Xc41f,25,COARSE,51.66641480533366
uid___A001_X3788_Xc41f,27,COARSE,53.124622693334956
uid___A001_X3788_Xc41f,29,COARSE,54.37460410400065
uid___A001_X3788_Xc41f,31,COARSE,34.582932250665685
uid___A001_X3788_Xc423,25,COARSE,73.33391325866536
uid___A001_X3788_Xc423,27,COARSE,63.75077998400065
uid___A001_X3788_Xc423,29,COARSE,49.5843581226595
uid___A001_X3788_Xc423,31,COARSE,79.58374362666342
uid___A001_X3788_Xc427,25,COARSE,39.99885030400065
uid___A001_X3788_Xc427,27,COARSE,77.08288424
uid___A001_X3788_Xc427,29,COARSE,77.87459247999674
uid___A001_X3788_Xc427,31,COARSE,42.08203303466797
uid___A001_X3788_Xc42b,25,COARSE,53.61399498666639
uid___A001_X3788_Xc42b,27,COARSE,46.94768712177761
uid___A001_X3788_Xc42b,29,COARSE,47.64207845688802
uid___A001_X3788_Xc42b,31,COARSE,59.16914498844482
uid___A001_X3788_Xc42f,25,COARSE,2.4016926720003258
uid___A001_X3788_Xc42f,27,COARSE,3.2349548480000814
uid___A001_X3788_Xc42f,29,COARSE,4.588928394666341
uid___A001_X3788_Xc42f,31,COARSE,21.150445805333252
uid___A001_X3788_Xc433,25,COARSE,56.460974669333496
uid___A001_X3788_Xc433,27,COARSE,19.484019042666826
uid___A001_X3788_Xc433,29,COARSE,50.73207113066609
uid___A001_X3788_Xc433,31,COARSE,54.89848752266683
uid___A001_X3788_Xc462,25,COARSE,61.66322218666341
uid___A001_X3788_Xc462,27,COARSE,27.493479871998698
uid___A001_X3788_Xc462,29,COARSE,53.74582107200195
uid___A001_X3788_Xc462,31,COARSE,68.74717399999675
uid___A001_X3788_Xc466,25,COARSE,42.49515711999675
uid___A001_X3788_Xc466,27,COARSE,72.08097600532878
uid___A001_X3788_Xc466,29,COARSE,69.16402555733724
uid___A001_X3788_Xc466,31,COARSE,29.577287189335937
uid___A001_X3788_Xc46a,25,COARSE,53.33114291200195
uid___A001_X3788_Xc46a,27,COARSE,50.41432855466796
uid___A001_X3788_Xc46a,29,COARSE,64.58161882666667
uid___A001_X3788_Xc46a,31,COARSE,52.08100327999349
uid___A001_X3788_Xc46e,25,COARSE,9.58798465599935
uid___A001_X3788_Xc46e,27,COARSE,15.004365055999349
uid___A001_X3788_Xc46e,29,COARSE,13.754388399996746
uid___A001_X3788_Xc46e,31,COARSE,36.25323870400065
uid___A001_X3788_Xc472,25,COARSE,48.328918933333334
uid___A001_X3788_Xc472,27,COARSE,50.82911868800131
uid___A001_X3788_Xc472,29,COARSE,49.162222613333334
uid___A001_X3788_Xc472,31,COARSE,38.32792403200195
uid___A001_X3788_Xc476,25,COARSE,62.49621039467122
uid___A001_X3788_Xc476,27,COARSE,44.99443699200195
uid___A001_X3788_Xc476,29,COARSE,30.40958764799805
uid___A001_X3788_Xc476,31,COARSE,31.659707818671873
uid___A001_X3788_Xc47a,25,COARSE,51.66779882666667
uid___A001_X3788_Xc47a,27,COARSE,34.16820537599935
uid___A001_X3788_Xc47a,29,COARSE,38.33475650133138
uid___A001_X3788_Xc47a,31,COARSE,60.41757816
uid___A001_X3788_Xc47e,25,COARSE,49.58030736533366
uid___A001_X3788_Xc47e,27,COARSE,43.32992861866699
uid___A001_X3788_Xc47e,29,COARSE,42.496522399999996
uid___A001_X3788_Xc47e,31,COARSE,41.66313493333496
uid___A001_X3788_Xc482,25,COARSE,46.66123332266764
uid___A001_X3788_Xc482,27,COARSE,56.66224708266602
uid___A001_X3788_Xc482,29,COARSE,64.1629899946696
uid___A001_X3788_Xc482,31,COARSE,37.49358
uid___A001_X3788_Xc486,25,COARSE,42.91244925866699
uid___A001_X3788_Xc486,27,COARSE,42.912437567999675
uid___A001_X3788_Xc486,29,COARSE,50.82963537066569
uid___A001_X3788_Xc486,31,COARSE,62.91386993066732
uid___A001_X3788_Xc48a,25,COARSE,31.25315392
uid___A001_X3788_Xc48a,27,COARSE,45.00251398399902
uid___A001_X3788_Xc48a,29,COARSE,46.669056682667645
uid___A001_X3788_Xc48a,31,COARSE,22.08681302933268
uid___A001_X3788_Xc48e,25,COARSE,27.504722592000324
uid___A001_X3788_Xc48e,27,COARSE,33.33766656000163
uid___A001_X3788_Xc48e,29,COARSE,34.170888426666664
uid___A001_X3788_Xc48e,31,COARSE,45.0035185919987
uid___A001_X3788_Xc492,25,COARSE,33.326211413331706
uid___A001_X3788_Xc492,27,COARSE,7.906809477333984
uid___A001_X3788_Xc492,29,COARSE,12.49052256
uid___A001_X3788_Xc492,31,COARSE,39.160065130665686
uid___A001_X3788_Xc496,25,COARSE,74.57972603733398
uid___A001_X3788_Xc496,27,COARSE,37.909203157333984
uid___A001_X3788_Xc496,29,COARSE,83.33130965333496
uid___A001_X3788_Xc496,31,COARSE,55.411244762666016
uid___A001_X3788_Xc49a,25,COARSE,5.412977765333659
uid___A001_X3788_Xc49a,27,COARSE,29.580583365333656
uid___A001_X3788_Xc49a,29,COARSE,33.7473932480013
uid___A001_X3788_Xc49a,31,COARSE,62.91520564266927
uid___A001_X3788_Xc49e,25,COARSE,nan
uid___A001_X3788_Xc49e,27,COARSE,nan
uid___A001_X3788_Xc49e,29,COARSE,42.504477823999025
uid___A001_X3788_Xc49e,31,COARSE,15.839883519998372
uid___A001_X3788_Xc4a2,23,COARSE,4.987369407998047
uid___A001_X3788_Xc4a2,25,COARSE,52.076948533333336
uid___A001_X3788_Xc4a2,27,COARSE,37.07484673066732
uid___A001_X3788_Xc4a2,29,COARSE,55.41064042666667
uid___A001_X3788_Xc4a6,23,COARSE,19.990541311998697
uid___A001_X3788_Xc4a6,25,COARSE,41.65975850666504
uid___A001_X3788_Xc4a6,27,COARSE,27.074621599999997
uid___A001_X3788_Xc4a6,29,COARSE,43.32655291733236
uid___A001_X3788_Xc4aa,25,COARSE,52.07976067200195
uid___A001_X3788_Xc4aa,27,COARSE,53.746545088001305
uid___A001_X3788_Xc4aa,29,COARSE,58.33018720000326
uid___A001_X3788_Xc4aa,31,COARSE,55.413294026669924
uid___A001_X3788_Xc4ae,25,COARSE,27.911956447999675
uid___A001_X3788_Xc4ae,27,COARSE,39.99606553599772
uid___A001_X3788_Xc4ae,29,COARSE,40.82937399466797
uid___A001_X3788_Xc4ae,31,COARSE,37.07910774933105
uid___A001_X3788_Xc4b2,25,COARSE,60.83336341333333
uid___A001_X3788_Xc4b2,27,COARSE,75.83334849066732
uid___A001_X3788_Xc4b2,29,COARSE,33.74998558399739
uid___A001_X3788_Xc4b2,31,COARSE,74.99999072
uid___A001_X3788_Xc4b6,23,COARSE,37.91666189866537
uid___A001_X3788_Xc4b6,25,COARSE,35.416650960001625
uid___A001_X3788_Xc4b6,27,COARSE,41.666589013333336
uid___A001_X3788_Xc4b6,29,COARSE,44.16658162133626
uid___A001_X3788_Xc4ba,25,COARSE,44.170067765332035
uid___A001_X3788_Xc4ba,27,COARSE,63.33556219733073
uid___A001_X3788_Xc4ba,29,COARSE,32.08741224533203
uid___A001_X3788_Xc4ba,31,COARSE,39.1703123839974
uid___A001_X3788_Xc4be,25,COARSE,22.50311488000163
uid___A001_X3788_Xc4be,27,COARSE,66.25134697599772
uid___A001_X3788_Xc4be,29,COARSE,15.836562101333007
uid___A001_X3788_Xc4be,31,COARSE,25.41950775466797
uid___A001_X3788_Xc4c2,25,COARSE,61.66657589333333
uid___A001_X3788_Xc4c2,27,COARSE,87.91663480533529
uid___A001_X3788_Xc4c2,29,COARSE,33.74972440000326
uid___A001_X3788_Xc4c2,31,COARSE,36.2497201119987
uid___A001_X3788_Xc4c6,25,COARSE,38.75293529599935
uid___A001_X3788_Xc4c6,27,COARSE,32.91986605866699
uid___A001_X3788_Xc4c6,29,COARSE,51.66890005333333
uid___A001_X3788_Xc4c6,31,COARSE,24.58679888
uid___A001_X3788_Xc4ca,25,COARSE,19.170738079996745
uid___A001_X3788_Xc4ca,27,COARSE,22.920546240003254
uid___A001_X3788_Xc4ca,29,COARSE,28.336921023997398
uid___A001_X3788_Xc4ca,31,COARSE,56.66883374932943
uid___A001_X3788_Xc4ce,25,COARSE,42.503976607999675
uid___A001_X3788_Xc4ce,27,COARSE,39.17087146666667
uid___A001_X3788_Xc4ce,29,COARSE,31.671374122664385
uid___A001_X3788_Xc4ce,31,COARSE,12.50602448
uid___A001_X3788_Xc4d2,23,COARSE,57.08537575467122
uid___A001_X3788_Xc4d2,25,COARSE,8.337684053333334
uid___A001_X3788_Xc4d2,27,COARSE,36.2529808480013
uid___A001_X3788_Xc4d2,29,COARSE,19.170435957333982
uid___A001_X3788_Xc4d6,25,COARSE,31.25369424000163
uid___A001_X3788_Xc4d6,27,COARSE,32.503605472000324
uid___A001_X3788_Xc4d6,29,COARSE,45.41948369066894
uid___A001_X3788_Xc4d6,31,COARSE,52.502436863997396
uid___A001_X3788_Xc4f3,7,CONT,14.83468446999817
uid___A001_X3788_Xc4f3,11,CONT,14.834538410000611
uid___A001_X3788_Xc4f3,15,CONT,14.05337439999695
uid___A001_X3788_Xc4f3,21,MEDIUM,1.367884432001953
uid___A001_X3788_Xc4f7,7,CONT,13.272805670001219
uid___A001_X3788_Xc4f7,11,CONT,13.27266192999878
uid___A001_X3788_Xc4f7,15,CONT,13.272828430001832
uid___A001_X3788_Xc4f7,21,MEDIUM,11.980287055999348
uid___A001_X3788_Xc4fb,7,CONT,13.275426940002442
uid___A001_X3788_Xc4fb,11,CONT,15.619212279998779
uid___A001_X3788_Xc4fb,15,CONT,13.275446919998169
uid___A001_X3788_Xc4fb,21,MEDIUM,1.711976047998047
uid___A001_X3788_Xc4ff,7,CONT,13.279376319998168
uid___A001_X3788_Xc4ff,11,CONT,13.279218700003051
uid___A001_X3788_Xc4ff,15,CONT,13.27940129500122
uid___A001_X3788_Xc4ff,21,MEDIUM,1.373505295999349
uid___A001_X3788_Xc503,7,CONT,14.84714916499939
uid___A001_X3788_Xc503,11,CONT,14.847082675000001
uid___A001_X3788_Xc503,15,CONT,14.065940800000002
uid___A001_X3788_Xc503,21,MEDIUM,1.404061424000651
uid___A001_X3788_Xc507,7,CONT,14.83565293500061
uid___A001_X3788_Xc507,11,CONT,14.054152650003052
uid___A001_X3788_Xc507,15,CONT,14.83568018500061
uid___A001_X3788_Xc507,21,MEDIUM,1.7612766933333333
uid___A001_X3788_Xc50b,7,CONT,14.836204475
uid___A001_X3788_Xc50b,11,CONT,14.83608076000061
uid___A001_X3788_Xc50b,15,CONT,29.681285950000003
uid___A001_X3788_Xc50b,21,MEDIUM,62.96165083733724
uid___A001_X3788_Xc50f,7,CONT,13.270466905001832
uid___A001_X3788_Xc50f,11,CONT,13.270355904998778
uid___A001_X3788_Xc50f,15,CONT,13.27048466500244
uid___A001_X3788_Xc50f,21,MEDIUM,2.6143132
uid___A001_X3788_Xc53d,25,COARSE,37.813257792001956
uid___A001_X3788_Xc53d,27,COARSE,16.7718390080013
uid___A001_X3788_Xc53d,29,COARSE,21.771718512001954
uid___A001_X3788_Xc53d,31,COARSE,38.12569379200033
uid___A001_X3788_Xc53f,24,COARSE,53.330745685332026
uid___A001_X3788_Xc53f,26,COARSE,16.14116648000163
uid___A001_X3788_Xc53f,28,COARSE,21.2455406080013
uid___A001_X3788_Xc53f,30,COARSE,72.39426453333333
uid___A001_X3788_Xc543,25,COARSE,48.92979127466796
uid___A001_X3788_Xc543,27,COARSE,43.53706761599935
uid___A001_X3788_Xc543,29,MEDIUM,7.712978005335286
uid___A001_X3788_Xc543,31,MEDIUM,13.237913263997395
uid___A001_X3788_Xc545,24,COARSE,75.83150084266927
uid___A001_X3788_Xc545,26,COARSE,64.6848187359961
uid___A001_X3788_Xc545,28,MEDIUM,12.284908213333333
uid___A001_X3788_Xc545,30,MEDIUM,13.534995680003256
uid___A001_X3788_Xc562,25,COARSE,14.583921546665854
uid___A001_X3788_Xc562,27,COARSE,37.5004128
uid___A001_X3788_Xc562,29,COARSE,33.33366613333333
uid___A001_X3788_Xc562,31,COARSE,40.83361278933349
uid___A001_X3788_Xc565,25,COARSE,68.7468692
uid___A001_X3788_Xc565,27,COARSE,29.159552053332522
uid___A001_X3788_Xc565,29,COARSE,42.91083302400065
uid___A001_X3788_Xc565,31,COARSE,23.742187114667153
uid___A001_X3788_Xc568,25,COARSE,30.416373637333173
uid___A001_X3788_Xc568,27,COARSE,7.916255311999512
uid___A001_X3788_Xc568,29,COARSE,35.41626325333252
uid___A001_X3788_Xc568,31,COARSE,44.99964025600016
uid___A001_X3788_Xc56f,24,FINE,28.307567379131044
uid___A001_X3788_Xc56f,26,FINE,29.738289605722034
uid___A001_X3788_Xc56f,28,FINE,31.41533552185119
uid___A001_X3788_Xc56f,30,FINE,28.02123263041795
uid___A001_X3788_Xc56f,32,FINE,43.86105396816363
uid___A001_X3788_Xc56f,34,FINE,48.17445986606248
uid___A001_X3788_Xc56f,36,FINE,53.924136555393055
uid___A001_X3788_Xc56f,38,MEDIUM,15.92969931786678
uid___A001_X3788_Xc582,45,MEDIUM,36.52839795533203
uid___A001_X3788_Xc582,47,MEDIUM,33.41664027933146
uid___A001_X3788_Xc582,49,MEDIUM,40.96095655200684
uid___A001_X3788_Xc582,51,MEDIUM,35.3450118410022
uid___A001_X3788_Xc582,53,MEDIUM,30.72933172266683
uid___A001_X3788_Xc582,55,MEDIUM,20.986975066999104
uid___A001_X3788_Xc582,57,MEDIUM,33.01219503199748
uid___A001_X3788_Xc582,59,MEDIUM,26.622537229334718
uid___A001_X3788_Xc590,5,CONT,14.83573741000061
uid___A001_X3788_Xc590,7,CONT,14.835713974996947
uid___A001_X3788_Xc590,9,CONT,14.83559353000183
uid___A001_X3788_Xc590,11,CONT,15.61689513999939
uid___A001_X3788_Xc594,5,CONT,14.060046999996947
uid___A001_X3788_Xc594,7,CONT,14.060005749996948
uid___A001_X3788_Xc594,9,CONT,27.34146313000183
uid___A001_X3788_Xc594,11,CONT,14.05975385
uid___A001_X3788_Xc598,5,CONT,14.841254989999388
uid___A001_X3788_Xc598,7,CONT,14.059941400000001
uid___A001_X3788_Xc598,9,CONT,14.059731850000002
uid___A001_X3788_Xc598,11,CONT,14.05969115
uid___A001_X3788_Xc5a1,25,COARSE,9.572332879998372
uid___A001_X3788_Xc5a1,27,COARSE,60.41184067200033
uid___A001_X3788_Xc5a1,29,COARSE,25.407437904000652
uid___A001_X3788_Xc5a1,31,COARSE,47.910208000001624
uid___A001_X3788_Xc5ae,17,CONT,14.847732859997558
uid___A001_X3788_Xc5ae,19,CONT,14.847700705004883
uid___A001_X3788_Xc5ae,21,CONT,14.847739400000002
uid___A001_X3788_Xc5ae,23,CONT,14.847694165002443
uid___A001_X3788_Xc5ae,25,CONT,26.56594604000244
uid___A001_X3788_Xc5ae,27,CONT,14.847687629998779
uid___A001_X3788_Xc5ae,29,CONT,14.84775247999878
uid___A001_X3788_Xc5ae,31,CONT,14.847681084997557
uid___A001_X3788_Xc5b7,25,MEDIUM,nan
uid___A001_X3788_Xc5b7,27,MEDIUM,nan
uid___A001_X3788_Xc5b7,29,MEDIUM,nan
uid___A001_X3788_Xc5b7,31,MEDIUM,nan
uid___A001_X3788_Xc5bb,25,MEDIUM,29.39855972681605
uid___A001_X3788_Xc5bb,27,MEDIUM,10.704358221037868
uid___A001_X3788_Xc5bb,29,MEDIUM,7.876423594666342
uid___A001_X3788_Xc5bb,31,MEDIUM,18.690372628739873
uid___A001_X3788_Xc5bf,25,MEDIUM,22.113526681481304
uid___A001_X3788_Xc5bf,27,MEDIUM,8.975084829036279
uid___A001_X3788_Xc5bf,29,MEDIUM,25.30579400118399
uid___A001_X3788_Xc5bf,31,MEDIUM,13.741263346962892
uid___A001_X3788_Xc635,25,COARSE,54.16738474666667
uid___A001_X3788_Xc635,27,COARSE,13.334673407998046
uid___A001_X3788_Xc635,29,COARSE,63.1255210880013
uid___A001_X3788_Xc635,31,COARSE,76.14616431466959
uid___A001_X3788_Xc637,25,COARSE,36.974788079999996
uid___A001_X3788_Xc637,27,COARSE,12.80642449599935
uid___A001_X3788_Xc637,29,COARSE,13.014647653333334
uid___A001_X3788_Xc637,31,COARSE,36.141275882666015
uid___A001_X3788_Xc65e,25,FINE,39.974921066765276
uid___A001_X3788_Xc65e,27,FINE,34.022917271068934
uid___A001_X3788_Xc65e,29,FINE,45.09132416743463
uid___A001_X3788_Xc65e,31,FINE,28.424803136199237
uid___A001_X3788_Xc65e,33,FINE,52.249812778857674
uid___A001_X3788_Xc65e,35,FINE,76.33240479353542
uid___A001_X3788_Xc65e,37,FINE,32.958710648566914
uid___A001_X3788_Xc65e,39,MEDIUM,56.865200143999026
uid___A001_X3788_Xc660,25,FINE,24.137308896163077
uid___A001_X3788_Xc660,27,FINE,17.713117599441734
uid___A001_X3788_Xc660,29,FINE,25.844090330386667
uid___A001_X3788_Xc660,31,FINE,10.225012714655817
uid___A001_X3788_Xc660,33,FINE,45.42471097627788
uid___A001_X3788_Xc660,35,FINE,73.85425727619004
uid___A001_X3788_Xc660,37,FINE,23.308210083608646
uid___A001_X3788_Xc660,39,MEDIUM,79.0629462080013
uid___A001_X3788_Xc662,24,FINE,27.720108953527863
uid___A001_X3788_Xc662,26,FINE,19.00300321879142
uid___A001_X3788_Xc662,28,FINE,27.563164362089328
uid___A001_X3788_Xc662,30,FINE,12.343832282586035
uid___A001_X3788_Xc662,32,FINE,33.73662503537164
uid___A001_X3788_Xc662,34,FINE,31.69256781437338
uid___A001_X3788_Xc662,36,FINE,25.21482255798683
uid___A001_X3788_Xc662,38,MEDIUM,68.54141252266439
uid___A001_X3788_Xc668,25,FINE,47.1841841628816
uid___A001_X3788_Xc668,27,FINE,54.3710394273901
uid___A001_X3788_Xc668,29,FINE,63.7467831067555
uid___A001_X3788_Xc668,31,FINE,47.94895023022914
uid___A001_X3788_Xc668,33,FINE,81.87151029631121
uid___A001_X3788_Xc668,35,FINE,63.85177134773845
uid___A001_X3788_Xc668,37,FINE,43.746881069328154
uid___A001_X3788_Xc668,39,MEDIUM,85.25925459733236
uid___A001_X3788_Xc66a,25,FINE,23.332625636107373
uid___A001_X3788_Xc66a,27,FINE,40.415991794291166
uid___A001_X3788_Xc66a,29,FINE,49.166040775655624
uid___A001_X3788_Xc66a,31,FINE,24.374235328621268
uid___A001_X3788_Xc66a,33,FINE,55.52027944936153
uid___A001_X3788_Xc66a,35,FINE,82.39540787591861
uid___A001_X3788_Xc66a,37,FINE,15.496280152549268
uid___A001_X3788_Xc66a,39,MEDIUM,85.20823063466634
uid___A001_X3788_Xc66c,24,FINE,26.90506572371892
uid___A001_X3788_Xc66c,26,FINE,24.227940498824108
uid___A001_X3788_Xc66c,28,FINE,57.59144158598026
uid___A001_X3788_Xc66c,30,FINE,33.2039971806099
uid___A001_X3788_Xc66c,32,FINE,46.77154050427502
uid___A001_X3788_Xc66c,34,FINE,46.28199109801343
uid___A001_X3788_Xc66c,36,FINE,23.537977567592474
uid___A001_X3788_Xc66c,38,MEDIUM,60.885357455991205
uid___A001_X37b0_X101,21,CONT,20.30451646000061
uid___A001_X37b0_X101,23,CONT,25.773811975
uid___A001_X37b0_X101,25,MEDIUM,72.52276867733237
uid___A001_X37b0_X101,27,MEDIUM,68.35829239466634
uid___A001_X37b0_X114,23,MEDIUM,22.011373728966294
uid___A001_X37b0_X114,25,MEDIUM,31.617928688690434
uid___A001_X37b0_X114,27,MEDIUM,20.577080510227237
uid___A001_X37b0_X114,29,MEDIUM,28.949655082947974
uid___A001_X37b0_X114,31,MEDIUM,63.55873607789938
uid___A001_X37b0_X114,33,MEDIUM,53.551008980469724
uid___A001_X37b0_X114,35,MEDIUM,58.38217678319872
uid___A001_X37b0_X114,37,MEDIUM,45.114266697179914
uid___A001_X37b0_X114,39,MEDIUM,27.30851438205992
uid___A001_X37b0_X114,41,MEDIUM,32.01460495820116
uid___A001_X37b0_X114,43,MEDIUM,34.39889510494805
uid___A001_X37b0_X114,45,MEDIUM,56.98614392648531
uid___A001_X37b0_X114,47,MEDIUM,40.003575807999674
uid___A001_X37b0_X117,23,MEDIUM,20.22274882325434
uid___A001_X37b0_X117,25,MEDIUM,17.715037768512822
uid___A001_X37b0_X117,27,MEDIUM,28.36774581953008
uid___A001_X37b0_X117,29,MEDIUM,28.145834286212292
uid___A001_X37b0_X117,31,MEDIUM,66.88493475419162
uid___A001_X37b0_X117,33,MEDIUM,23.141269298102543
uid___A001_X37b0_X117,35,MEDIUM,31.60014506652855
uid___A001_X37b0_X117,37,MEDIUM,42.25894941103504
uid___A001_X37b0_X117,39,MEDIUM,26.20009403724788
uid___A001_X37b0_X117,41,MEDIUM,34.57989249717664
uid___A001_X37b0_X117,43,MEDIUM,23.695922350143654
uid___A001_X37b0_X117,45,MEDIUM,20.824625045649388
uid___A001_X37b0_X117,47,MEDIUM,15.591602133334149
uid___A001_X37b0_X11b,25,MEDIUM,91.5111695999935
uid___A001_X37b0_X11b,27,MEDIUM,79.79230481723322
uid___A001_X37b0_X11b,29,MEDIUM,71.6676986302305
uid___A001_X37b0_X11b,31,MEDIUM,55.83513323930609
uid___A001_X37b0_X11b,33,MEDIUM,70.00111274571712
uid___A001_X37b0_X11b,35,MEDIUM,63.95956176250209
uid___A001_X37b0_X11b,37,MEDIUM,55.20994286090084
uid___A001_X37b0_X11b,39,MEDIUM,70.83423843480925
uid___A001_X37b0_X11b,41,MEDIUM,43.26481556071676
uid___A001_X37b0_X11b,43,MEDIUM,71.04253914237181
uid___A001_X37b0_X11b,45,MEDIUM,55.80746051633161
uid___A001_X37b0_X11b,47,MEDIUM,79.58383105380271
uid___A001_X37b0_X11b,49,MEDIUM,40.31232195215714
uid___A001_X37b0_X11e,25,MEDIUM,27.72204085866699
uid___A001_X37b0_X11e,27,MEDIUM,55.90220526747495
uid___A001_X37b0_X11e,29,MEDIUM,50.8216568988658
uid___A001_X37b0_X11e,31,MEDIUM,51.563761353572076
uid___A001_X37b0_X11e,33,MEDIUM,41.8917725936952
uid___A001_X37b0_X11e,35,MEDIUM,40.44757474339507
uid___A001_X37b0_X11e,37,MEDIUM,58.63436259473194
uid___A001_X37b0_X11e,39,MEDIUM,46.11136229430678
uid___A001_X37b0_X11e,41,MEDIUM,48.36112233716779
uid___A001_X37b0_X11e,43,MEDIUM,39.077029907601144
uid___A001_X37b0_X11e,45,MEDIUM,57.44185118562293
uid___A001_X37b0_X11e,47,MEDIUM,59.158092665133324
uid___A001_X37b0_X11e,49,MEDIUM,62.280863845681075
uid___A001_X37b0_X122,25,FINE,93.88062508322076
uid___A001_X37b0_X122,27,FINE,82.91406053192877
uid___A001_X37b0_X122,29,FINE,91.68626697714592
uid___A001_X37b0_X122,31,FINE,84.16421327851717
uid___A001_X37b0_X122,33,MEDIUM,89.27019544533204
uid___A001_X37b0_X122,35,MEDIUM,52.276423082682285
uid___A001_X37b0_X122,37,MEDIUM,74.37271065604166
uid___A001_X37b0_X122,39,MEDIUM,97.08320887466145
uid___A001_X37b0_X122,41,MEDIUM,80.62329856
uid___A001_X37b0_X122,43,MEDIUM,90.20754944005208
uid___A001_X37b0_X122,45,MEDIUM,87.91566336
uid___A001_X37b0_X122,47,MEDIUM,94.7913216
uid___A001_X37b0_X122,49,MEDIUM,91.04095889065104
uid___A001_X37b0_X125,25,FINE,59.99529625995136
uid___A001_X37b0_X125,27,FINE,80.17078795025053
uid___A001_X37b0_X125,29,FINE,44.68132583995612
uid___A001_X37b0_X125,31,FINE,47.635796876125205
uid___A001_X37b0_X125,33,MEDIUM,90.2085987200057
uid___A001_X37b0_X125,35,MEDIUM,44.72142724266928
uid___A001_X37b0_X125,37,MEDIUM,67.54150028802084
uid___A001_X37b0_X125,39,MEDIUM,61.50603929598958
uid___A001_X37b0_X125,41,MEDIUM,25.075436970651044
uid___A001_X37b0_X125,43,MEDIUM,88.75502724266927
uid___A001_X37b0_X125,45,MEDIUM,51.67411950932292
uid___A001_X37b0_X125,47,MEDIUM,69.80282026666667
uid___A001_X37b0_X125,49,MEDIUM,63.869593386653655
uid___A001_X37b0_X129,25,MEDIUM,98.69783026666991
uid___A001_X37b0_X129,27,MEDIUM,82.08234828804689
uid___A001_X37b0_X129,29,MEDIUM,93.44444791466145
uid___A001_X37b0_X129,31,MEDIUM,83.12406579197916
uid___A001_X37b0_X129,33,MEDIUM,83.54075426135417
uid___A001_X37b0_X129,35,FINE,83.12375219197918
uid___A001_X37b0_X129,37,FINE,82.29034965328125
uid___A001_X37b0_X129,39,FINE,92.08283272526042
uid___A001_X37b0_X129,41,FINE,84.16551185067709
uid___A001_X37b0_X129,43,MEDIUM,97.08312652802084
uid___A001_X37b0_X129,45,MEDIUM,82.4990151679948
uid___A001_X37b0_X129,47,MEDIUM,90.20775974398437
uid___A001_X37b0_X129,49,MEDIUM,83.35588036265625
uid___A001_X37b0_X12c,25,MEDIUM,94.42730149599284
uid___A001_X37b0_X12c,27,MEDIUM,49.01806854403646
uid___A001_X37b0_X12c,29,MEDIUM,64.98121265066405
uid___A001_X37b0_X12c,31,MEDIUM,86.66701461332032
uid___A001_X37b0_X12c,33,MEDIUM,71.96231953063803
uid___A001_X37b0_X12c,35,FINE,80.17326681598959
uid___A001_X37b0_X12c,37,FINE,69.37531315203125
uid___A001_X37b0_X12c,39,FINE,59.746499669322915
uid___A001_X37b0_X12c,41,FINE,78.33352763734375
uid___A001_X37b0_X12c,43,MEDIUM,73.7507006933724
uid___A001_X37b0_X12c,45,MEDIUM,72.73758301867188
uid___A001_X37b0_X12c,47,MEDIUM,66.88073947729167
uid___A001_X37b0_X12c,49,MEDIUM,46.45976465066406
uid___A001_X37b0_X130,25,FINE,79.9953360253341
uid___A001_X37b0_X130,27,FINE,71.56449880381518
uid___A001_X37b0_X130,29,FINE,81.14089221039697
uid___A001_X37b0_X130,31,FINE,58.848755670520156
uid___A001_X37b0_X130,33,FINE,71.87201152005208
uid___A001_X37b0_X130,35,FINE,71.66365491203125
uid___A001_X37b0_X130,37,FINE,67.49652275197917
uid___A001_X37b0_X130,39,MEDIUM,94.84363808000326
uid___A001_X37b0_X130,41,FINE,74.37221734406249
uid___A001_X37b0_X130,43,FINE,93.54108305062499
uid___A001_X37b0_X130,45,FINE,73.95550293338542
uid___A001_X37b0_X130,47,FINE,83.33157717333334
uid___A001_X37b0_X133,25,FINE,80.85531003284378
uid___A001_X37b0_X133,27,FINE,76.15589183488896
uid___A001_X37b0_X133,29,FINE,83.60943529864646
uid___A001_X37b0_X133,31,FINE,81.6572672364757
uid___A001_X37b0_X133,33,FINE,71.03623483734376
uid___A001_X37b0_X133,35,FINE,64.11693128528646
uid___A001_X37b0_X133,37,FINE,65.4104105813802
uid___A001_X37b0_X133,39,MEDIUM,29.82861258932617
uid___A001_X37b0_X133,41,FINE,nan
uid___A001_X37b0_X133,43,FINE,nan
uid___A001_X37b0_X133,45,FINE,nan
uid___A001_X37b0_X133,47,FINE,nan
uid___A001_X37b0_X148,5,CONT,34.37805424000244
uid___A001_X37b0_X148,17,CONT,34.37804626000061
uid___A001_X37b0_X148,19,CONT,44.53378115
uid___A001_X37b0_X148,21,CONT,59.376849895001214
uid___A001_X37b0_X14c,17,CONT,34.37453211999817
uid___A001_X37b0_X14c,19,CONT,16.40561495500183
uid___A001_X37b0_X14c,21,CONT,48.43698123999939
uid___A001_X37b0_X14c,23,CONT,64.06212717000123
uid___A001_X37b0_X150,17,CONT,23.437942603332516
uid___A001_X37b0_X150,19,CONT,15.364946908334352
uid___A001_X37b0_X150,21,CONT,36.45852501166585
uid___A001_X37b0_X150,23,CONT,15.364845015000409
uid___A001_X37b0_X154,17,CONT,51.955079635000615
uid___A001_X37b0_X154,19,CONT,23.440649890000916
uid___A001_X37b0_X154,21,CONT,41.40858641499939
uid___A001_X37b0_X154,23,CONT,66.79818883750153
uid___A001_X37b0_X15c,17,CONT,18.75357448000183
uid___A001_X37b0_X15c,19,CONT,25.784508974999998
uid___A001_X37b0_X15c,21,CONT,52.345810275000005
uid___A001_X37b0_X15c,23,CONT,65.62648345999756
uid___A001_X37b0_X160,17,CONT,35.93992186999817
uid___A001_X37b0_X160,19,CONT,24.22160762000122
uid___A001_X37b0_X160,21,CONT,42.970856779998776
uid___A001_X37b0_X160,23,CONT,48.43940013999939
uid___A001_X37b0_X164,7,CONT,13.671926820001223
uid___A001_X37b0_X164,16,CONT,13.281322150001525
uid___A001_X37b0_X164,19,CONT,31.6405727375
uid___A001_X37b0_X164,21,CONT,13.281176185000609
uid___A001_X37b0_X168,17,CONT,15.626237139999391
uid___A001_X37b0_X168,19,CONT,23.43860347999878
uid___A001_X37b0_X168,21,CONT,28.90718320500183
uid___A001_X37b0_X168,23,CONT,40.625770639999395
uid___A001_X37b0_X174,17,CONT,27.735331712498475
uid___A001_X37b0_X174,19,CONT,24.219549870001224
uid___A001_X37b0_X174,21,CONT,56.6412227425003
uid___A001_X37b0_X174,23,CONT,81.64084184500122
uid___A001_X37b0_X178,17,CONT,41.404927
uid___A001_X37b0_X178,19,CONT,36.71894845
uid___A001_X37b0_X178,21,CONT,46.87514653999634
uid___A001_X37b0_X178,23,CONT,41.40640262499694
uid___A001_X37b0_X17c,17,CONT,13.281679569999694
uid___A001_X37b0_X17c,19,CONT,13.281660977499389
uid___A001_X37b0_X17c,21,CONT,14.843935027499388
uid___A001_X37b0_X17c,23,CONT,13.281509739997862
uid___A001_X37b0_X184,17,CONT,31.24983895999756
uid___A001_X37b0_X184,19,CONT,53.90612668999939
uid___A001_X37b0_X184,21,CONT,47.65601751000061
uid___A001_X37b0_X184,23,CONT,53.12478250499878
uid___A001_X37b0_X1b0,25,COARSE,7.085800010666504
uid___A001_X37b0_X1b0,27,COARSE,12.918947274666342
uid___A001_X37b0_X1b0,29,COARSE,15.627047679999187
uid___A001_X37b0_X1b0,31,COARSE,37.083499231998694
uid___A001_X37b0_X1b4,25,COARSE,10.418815519999999
uid___A001_X37b0_X1b4,27,COARSE,3.7522841279996744
uid___A001_X37b0_X1b4,29,COARSE,14.585235733333333
uid___A001_X37b0_X1b4,31,COARSE,47.5003454080013
uid___A001_X37b0_X1b8,23,COARSE,21.460450565334472
uid___A001_X37b0_X1b8,25,COARSE,18.335507626665855
uid___A001_X37b0_X1b8,27,COARSE,14.793786922666829
uid___A001_X37b0_X1b8,29,COARSE,36.66696823466634
uid___A001_X37b0_X1bc,21,COARSE,31.45889482666667
uid___A001_X37b0_X1bc,23,COARSE,6.042402698665365
uid___A001_X37b0_X1bc,25,COARSE,5.625577424000651
uid___A001_X37b0_X1bc,27,COARSE,10.832310698666992
uid___A001_X37b0_X1c0,23,COARSE,8.545031162666016
uid___A001_X37b0_X1c0,25,COARSE,26.252688512000326
uid___A001_X37b0_X1c0,27,COARSE,6.253244800000814
uid___A001_X37b0_X1c0,29,COARSE,20.834573653333333
uid___A001_X37b0_X1c4,25,COARSE,4.792722031999512
uid___A001_X37b0_X1c4,27,COARSE,4.792690346665853
uid___A001_X37b0_X1c4,29,COARSE,6.875836784000651
uid___A001_X37b0_X1c4,31,COARSE,5.832501653333334
uid___A001_X37b0_X1c8,25,COARSE,4.375102816000163
uid___A001_X37b0_X1c8,27,COARSE,30.625049728000487
uid___A001_X37b0_X1c8,29,COARSE,3.12489336
uid___A001_X37b0_X1c8,31,COARSE,4.581452480001627
uid___A001_X37b0_X1cc,23,COARSE,26.04192037333415
uid___A001_X37b0_X1cc,25,COARSE,5.416957226666667
uid___A001_X37b0_X1cc,27,COARSE,4.375115056000163
uid___A001_X37b0_X1cc,29,COARSE,7.498340031998698
uid___A001_X37b0_X1d0,21,COARSE,1.8777782720003255
uid___A001_X37b0_X1d0,23,COARSE,2.0860706133333333
uid___A001_X37b0_X1d0,25,COARSE,9.794012949333496
uid___A001_X37b0_X1d0,27,COARSE,41.666942922667644
uid___A001_X37b0_X1d4,25,COARSE,4.380241168000489
uid___A001_X37b0_X1d4,27,COARSE,15.629598639999188
uid___A001_X37b0_X1d4,29,COARSE,6.046628869332682
uid___A001_X37b0_X1d4,31,COARSE,60.001353728001305
uid___A001_X37b0_X1d8,23,COARSE,15.624941680000815
uid___A001_X37b0_X1d8,25,COARSE,6.041560832000325
uid___A001_X37b0_X1d8,27,COARSE,24.166412352000325
uid___A001_X37b0_X1d8,29,COARSE,41.66501652266764
uid___A001_X37b0_X1dc,25,COARSE,21.45851228266683
uid___A001_X37b0_X1dc,27,COARSE,3.9585177333333332
uid___A001_X37b0_X1dc,29,COARSE,29.583340543999835
uid___A001_X37b0_X1dc,31,COARSE,32.49877312
uid___A001_X37b0_X1e0,23,COARSE,2.5044628480004882
uid___A001_X37b0_X1e0,25,COARSE,2.9210731626668296
uid___A001_X37b0_X1e0,27,COARSE,9.795574058666991
uid___A001_X37b0_X1e0,29,COARSE,7.085219615999348
uid___A001_X37b0_X1e4,23,COARSE,14.792270896000161
uid___A001_X37b0_X1e4,25,COARSE,8.542280096000162
uid___A001_X37b0_X1e4,27,COARSE,10.833755631999512
uid___A001_X37b0_X1e4,29,COARSE,22.082134538666992
uid___A001_X37b0_X1e8,19,COARSE,3.541392570666504
uid___A001_X37b0_X1e8,21,COARSE,22.708085999999998
uid___A001_X37b0_X1e8,23,COARSE,25.832953600000003
uid___A001_X37b0_X1e8,25,COARSE,43.748565760000005
uid___A001_X37b0_X1ec,21,COARSE,15.20839628266683
uid___A001_X37b0_X1ec,23,COARSE,14.79170156799886
uid___A001_X37b0_X1ec,25,COARSE,13.124879903999023
uid___A001_X37b0_X1ec,27,COARSE,25.415194570667314
uid___A001_X37b0_X1f0,23,COARSE,3.544239711999512
uid___A001_X37b0_X1f0,25,COARSE,2.919224074667155
uid___A001_X37b0_X1f0,27,COARSE,2.710731845332845
uid___A001_X37b0_X1f0,29,COARSE,42.50043423999838
uid___A001_X37b0_X1f4,23,COARSE,4.169085653333333
uid___A001_X37b0_X1f4,25,COARSE,8.33561664
uid___A001_X37b0_X1f4,27,COARSE,3.1272444000000004
uid___A001_X37b0_X1f4,29,COARSE,15.833783658666992
uid___A001_X37b0_X1f8,23,COARSE,12.085883338666179
uid___A001_X37b0_X1f8,25,COARSE,28.543715520000813
uid___A001_X37b0_X1f8,27,COARSE,2.0859703466666666
uid___A001_X37b0_X1f8,29,COARSE,9.167503786665039
uid___A001_X37b0_X1fc,21,COARSE,27.500309951999512
uid___A001_X37b0_X1fc,23,COARSE,3.125379440000814
uid___A001_X37b0_X1fc,25,COARSE,5.833526186666667
uid___A001_X37b0_X1fc,27,COARSE,12.498440959998373
uid___A001_X37b0_X200,23,COARSE,12.709104293334148
uid___A001_X37b0_X200,25,COARSE,4.16747872
uid___A001_X37b0_X200,27,COARSE,5.000634751999511
uid___A001_X37b0_X200,29,COARSE,8.748944127999675
uid___A001_X37b0_X204,23,COARSE,14.16912548266683
uid___A001_X37b0_X204,25,COARSE,7.502626112000326
uid___A001_X37b0_X204,27,COARSE,2.919293664000651
uid___A001_X37b0_X204,29,COARSE,33.75090905600098
uid___A001_X37b0_X213,20,COARSE,85.26195159200196
uid___A001_X37b0_X213,22,COARSE,86.61597209066814
uid___A001_X37b0_X213,24,COARSE,83.3350182053304
uid___A001_X37b0_X213,26,COARSE,91.61086284266683
uid___A001_X37b0_X21b,20,COARSE,83.33282560000163
uid___A001_X37b0_X21b,22,COARSE,83.54115938133951
uid___A001_X37b0_X21b,24,COARSE,83.02026652799643
uid___A001_X37b0_X21b,26,COARSE,81.66604808532226
uid___A001_X37b0_X2bd,25,MEDIUM,44.61218948711066
uid___A001_X37b0_X2bd,27,MEDIUM,45.670048692444325
uid___A001_X37b0_X2bd,29,MEDIUM,39.2406222206665
uid___A001_X37b0_X2bd,31,MEDIUM,48.190809106221714
uid___A001_X37b0_X2c3,17,CONT,33.59432715
uid___A001_X37b0_X2c3,19,CONT,17.969459275003054
uid___A001_X37b0_X2c3,21,CONT,71.87523633999939
uid___A001_X37b0_X2c3,23,CONT,44.531713629998784
uid___A001_X37b0_X34b,17,MEDIUM,51.262714309322924
uid___A001_X37b0_X34b,19,MEDIUM,12.30458750400065
uid___A001_X37b0_X34b,21,MEDIUM,11.444305781334634
uid___A001_X37b0_X34b,23,MEDIUM,3.8441040853287762
uid___A001_X37b0_X354,23,FINE,63.87058716095312
uid___A001_X37b0_X354,25,FINE,59.91719567597219
uid___A001_X37b0_X354,27,FINE,62.83634343569526
uid___A001_X37b0_X354,29,FINE,70.67817567722759
uid___A001_X37b0_X354,31,FINE,86.87919148444409
uid___A001_X37b0_X354,33,FINE,60.337032587086355
uid___A001_X37b0_X354,35,FINE,67.29875891318406
uid___A001_X37b0_X354,37,FINE,56.60484197980568
uid___A001_X37b0_X354,39,FINE,75.26581128536458
uid___A001_X37b0_X354,41,FINE,75.88376960005209
uid___A001_X37b0_X354,43,MEDIUM,36.768889594664714
uid___A001_X37b0_X356,23,FINE,61.9601165994505
uid___A001_X37b0_X356,25,FINE,61.004788390601405
uid___A001_X37b0_X356,27,FINE,57.894725721813224
uid___A001_X37b0_X356,29,FINE,50.422054893284
uid___A001_X37b0_X356,31,FINE,nan
uid___A001_X37b0_X356,33,FINE,60.796035075404234
uid___A001_X37b0_X356,35,FINE,66.1785489250341
uid___A001_X37b0_X356,37,FINE,53.21043489240805
uid___A001_X37b0_X356,39,FINE,21.855732735989584
uid___A001_X37b0_X356,41,FINE,66.02591914666667
uid___A001_X37b0_X356,43,MEDIUM,12.201527845335287
uid___A001_X37b0_X363,22,COARSE,12.090286207999675
uid___A001_X37b0_X363,24,COARSE,11.335909098666992
uid___A001_X37b0_X363,26,COARSE,29.849187376000163
uid___A001_X37b0_X363,28,FINE,88.38298557185752
uid___A001_X37b0_X369,22,COARSE,12.608473792000325
uid___A001_X37b0_X369,24,COARSE,2.713123989333496
uid___A001_X37b0_X369,26,COARSE,50.471118143998204
uid___A001_X37b0_X369,28,FINE,81.79236625718079
uid___A001_X37b0_X36f,22,COARSE,1.4127410080004883
uid___A001_X37b0_X36f,24,COARSE,12.29741740799886
uid___A001_X37b0_X36f,26,COARSE,11.672386389333496
uid___A001_X37b0_X36f,28,FINE,90.57189822119894
uid___A001_X37b0_X389,25,COARSE,33.74982700799967
uid___A001_X37b0_X389,27,COARSE,24.99978496
uid___A001_X37b0_X389,29,COARSE,19.167529578666993
uid___A001_X37b0_X389,31,COARSE,18.75084656
uid___A001_X37b0_X3b5,23,COARSE,57.07902271466716
uid___A001_X37b0_X3b5,25,COARSE,44.57776293866699
uid___A001_X37b0_X3b5,27,COARSE,77.49772681599934
uid___A001_X37b0_X3b5,29,COARSE,25.4091248
uid___A001_X37b0_X3b9,25,COARSE,53.327724970668136
uid___A001_X37b0_X3b9,27,COARSE,72.91340730666504
uid___A001_X37b0_X3b9,29,COARSE,66.66261930666504
uid___A001_X37b0_X3b9,31,COARSE,53.327657472000325
uid___A001_X37b0_X3bd,25,COARSE,25.409306186665038
uid___A001_X37b0_X3bd,27,COARSE,76.66436006399984
uid___A001_X37b0_X3bd,29,COARSE,72.49724947200032
uid___A001_X37b0_X3bd,31,COARSE,29.57627499200032
uid___A001_X37b0_X3d9,23,COARSE,76.24745217599936
uid___A001_X37b0_X3d9,25,COARSE,24.99192832
uid___A001_X37b0_X3d9,27,COARSE,27.492066527999675
uid___A001_X37b0_X3d9,29,COARSE,74.99725632
uid___A001_X37b0_X3f1,23,COARSE,56.246075520000005
uid___A001_X37b0_X3f1,25,COARSE,45.411755733334964
uid___A001_X37b0_X3f1,27,COARSE,66.66361642666585
uid___A001_X37b0_X3f1,29,COARSE,49.16200008533285
uid___A001_X37b0_X400,4,CONT,14.050291649999998
uid___A001_X37b0_X400,6,CONT,15.612989319999695
uid___A001_X37b0_X400,8,CONT,37.49101039999847
uid___A001_X37b0_X400,14,CONT,nan
uid___A001_X37b0_X400,16,COARSE,41.24153248
uid___A001_X37b0_X400,18,COARSE,nan
uid___A001_X37b0_X400,20,COARSE,nan
uid___A001_X37b0_X407,21,CONT,14.845162094995118
uid___A001_X37b0_X407,23,CONT,34.376007159997556
uid___A001_X37b0_X407,25,CONT,15.62641642000122
uid___A001_X37b0_X407,27,CONT,35.93847046999512
uid___A001_X37b0_X407,29,CONT,14.845196430004885
uid___A001_X37b0_X407,31,CONT,14.845022575
uid___A001_X37b0_X407,33,CONT,14.84521332999878
uid___A001_X37b0_X407,35,CONT,67.51025360499878
uid___A001_X37b0_X418,6,CONT,15.614327980000306
uid___A001_X37b0_X418,10,CONT,15.614153019999694
uid___A001_X37b0_X418,14,CONT,15.614349580000306
uid___A001_X37b0_X418,17,CONT,15.61417516000061
uid___A001_X37b0_X422,20,MEDIUM,1.57398965866862
uid___A001_X37b0_X422,22,FINE,54.979879441440374
uid___A001_X37b0_X422,24,FINE,49.785973259927815
uid___A001_X37b0_X422,26,FINE,52.7455930490731
uid___A001_X37b0_X422,28,MEDIUM,2.940616074664714
uid___A001_X37b0_X49d,45,MEDIUM,9.42221573689019
uid___A001_X37b0_X49d,47,MEDIUM,6.842403726222873
uid___A001_X37b0_X49d,49,FINE,33.76905356797743
uid___A001_X37b0_X49d,51,FINE,60.43989923562499
uid___A001_X37b0_X4b5,7,CONT,13.287856719999693
uid___A001_X37b0_X4b5,16,CONT,13.287870594999696
uid___A001_X37b0_X4b5,19,CONT,13.287783459999847
uid___A001_X37b0_X4b5,23,COARSE,43.12927627199951
uid___A001_X37b0_X4b9,7,CONT,14.050539700000764
uid___A001_X37b0_X4b9,16,CONT,14.831921865000153
uid___A001_X37b0_X4b9,19,CONT,14.831774715000154
uid___A001_X37b0_X4b9,23,COARSE,11.237494912000326
uid___A001_X37b0_X4bb,7,CONT,13.270349244999693
uid___A001_X37b0_X4bb,16,CONT,13.270379214999389
uid___A001_X37b0_X4bb,19,CONT,13.27018996000061
uid___A001_X37b0_X4bb,23,COARSE,16.656008533333335
uid___A001_X37b0_X4e3,25,MEDIUM,85.36398062399903
uid___A001_X37b0_X4e3,27,MEDIUM,63.43606352533284
uid___A001_X37b0_X4e3,29,MEDIUM,66.0923759680013
uid___A001_X37b0_X4e3,31,MEDIUM,23.174019200000814
uid___A001_X37b0_X51e,4,CONT,nan
uid___A001_X37b0_X51e,6,CONT,nan
uid___A001_X37b0_X51e,8,CONT,nan
uid___A001_X37b0_X51e,10,CONT,nan
uid___A001_X37b0_X51e,14,CONT,51.33393499428559
uid___A001_X37b0_X51e,16,CONT,63.38882992500022
uid___A001_X37b0_X51e,18,CONT,45.97606473142853
uid___A001_X37b0_X51e,20,CONT,63.8352131421426
uid___A001_X37b0_X53e,16,CONT,14.053123050000762
uid___A001_X37b0_X53e,19,CONT,14.834331310000609
uid___A001_X37b0_X53e,23,COARSE,68.65348006399903
uid___A001_X37b0_X53e,25,COARSE,48.11924976
uid___A001_X37b0_X546,7,CONT,13.277250115000152
uid___A001_X37b0_X546,16,CONT,13.277256774999998
uid___A001_X37b0_X546,19,CONT,38.27837637000046
uid___A001_X37b0_X546,23,COARSE,16.871122783999837
uid___A001_X37b0_X552,19,CONT,13.276893249999999
uid___A001_X37b0_X552,21,CONT,17.183270600000764
uid___A001_X37b0_X552,23,CONT,13.276807224999237
uid___A001_X37b0_X552,25,COARSE,27.49636966399902
uid___A001_X37b0_X55a,7,CONT,14.839053734999084
uid___A001_X37b0_X55a,11,CONT,14.057609950000764
uid___A001_X37b0_X55a,18,CONT,14.057634150000764
uid___A001_X37b0_X55a,21,COARSE,25.204230202666828
uid___A001_X37b0_X55e,7,CONT,14.833504544999695
uid___A001_X37b0_X55e,9,CONT,14.83336775
uid___A001_X37b0_X55e,19,CONT,14.83334213500061
uid___A001_X37b0_X55e,21,COARSE,17.281740607999673
uid___A001_X37b0_X562,16,CONT,17.183812259999847
uid___A001_X37b0_X562,18,CONT,18.74635896000023
uid___A001_X37b0_X562,21,CONT,14.839887584999847
uid___A001_X37b0_X562,23,COARSE,27.392558362666016
uid___A001_X37b0_X571,25,MEDIUM,0.9856490239990235
uid___A001_X37b0_X571,27,MEDIUM,43.32373265066406
uid___A001_X37b0_X571,29,MEDIUM,1.4415850666666667
uid___A001_X37b0_X571,31,MEDIUM,35.67157898666016
uid___A001_X37b0_X571,33,MEDIUM,45.46640935467122
uid___A001_X37b0_X582,19,CONT,13.27223624499817
uid___A001_X37b0_X582,21,CONT,13.272160210003662
uid___A001_X37b0_X582,23,CONT,13.272148
uid___A001_X37b0_X582,25,COARSE,40.410482965335284
uid___A001_X37b0_X586,9,CONT,13.27142206000061
uid___A001_X37b0_X586,18,CONT,13.271461464996337
uid___A001_X37b0_X586,21,CONT,13.27141428999939
uid___A001_X37b0_X586,23,COARSE,62.49577024000325
uid___A001_X37b0_X58a,7,CONT,13.270980280001831
uid___A001_X37b0_X58a,11,CONT,13.270903689999388
uid___A001_X37b0_X58a,18,CONT,13.270915900003052
uid___A001_X37b0_X58a,21,COARSE,44.576778384000654
uid___A001_X37b0_X58e,19,CONT,13.27198538500061
uid___A001_X37b0_X58e,21,CONT,13.271935435000609
uid___A001_X37b0_X58e,23,CONT,13.271926555001832
uid___A001_X37b0_X58e,25,COARSE,17.074483936002604
uid___A001_X37b0_X592,7,CONT,13.270994710000611
uid___A001_X37b0_X592,11,CONT,13.27084375
uid___A001_X37b0_X592,18,CONT,13.270867614999391
uid___A001_X37b0_X592,21,COARSE,50.41081630933269
uid___A001_X37b0_X59a,19,CONT,13.275550705001832
uid___A001_X37b0_X59a,21,CONT,13.275514075
uid___A001_X37b0_X59a,23,CONT,13.27550741499939
uid___A001_X37b0_X59a,25,COARSE,45.82977792000326
uid___A001_X37b0_X59e,7,CONT,13.274389089999389
uid___A001_X37b0_X59e,19,CONT,13.27433803000183
uid___A001_X37b0_X59e,21,CONT,13.274328594998169
uid___A001_X37b0_X59e,23,COARSE,34.578165311998696
uid___A001_X37b0_X5a2,7,CONT,13.27237499500122
uid___A001_X37b0_X5a2,11,CONT,13.272320050003053
uid___A001_X37b0_X5a2,18,CONT,29.68026669999695
uid___A001_X37b0_X5a2,21,COARSE,45.41108571733398
uid___A001_X37b0_X5a6,19,CONT,13.26694820499878
uid___A001_X37b0_X5a6,21,CONT,13.266751179998778
uid___A001_X37b0_X5a6,23,CONT,13.266712329998779
uid___A001_X37b0_X5a6,25,COARSE,4.567637978668619
uid___A001_X37b0_X5aa,9,CONT,13.272272874999999
uid___A001_X37b0_X5aa,11,CONT,13.272260664999388
uid___A001_X37b0_X5aa,17,CONT,13.272337254998778
uid___A001_X37b0_X5aa,21,COARSE,38.74371388799805
uid___A001_X37b0_X693,17,CONT,40.632422539999766
uid___A001_X37b0_X693,23,CONT,61.72350986000061
uid___A001_X37b0_X693,25,MEDIUM,23.90247722454756
uid___A001_X37b0_X693,27,MEDIUM,44.44061846133631
uid___A001_X37b0_X693,29,MEDIUM,29.544485935372002
uid___A001_X37b0_X693,31,MEDIUM,29.58086725900109
uid___A001_X37b0_X693,33,MEDIUM,36.11492990726502
uid___A001_X37b0_X693,35,MEDIUM,29.163085514167026
uid___A001_X37b0_X693,37,MEDIUM,34.66885694391655
uid___A001_X37b0_X693,39,MEDIUM,65.62300192171804
uid___A001_X37b0_X695,11,CONT,52.341664409999844
uid___A001_X37b0_X695,16,CONT,49.99782240000038
uid___A001_X37b0_X695,23,MEDIUM,17.028771132792382
uid___A001_X37b0_X695,25,MEDIUM,47.69518157211694
uid___A001_X37b0_X695,27,MEDIUM,5.990378504199927
uid___A001_X37b0_X695,29,MEDIUM,30.2316651249817
uid___A001_X37b0_X695,31,MEDIUM,6.362210336252389
uid___A001_X37b0_X695,33,MEDIUM,5.122226583694774
uid___A001_X37b0_X695,35,MEDIUM,23.45226611008188
uid___A001_X37b0_X695,37,MEDIUM,85.38896931074879
uid___A001_X37b0_X697,16,CONT,25.780235875000763
uid___A001_X37b0_X697,22,CONT,70.31207535
uid___A001_X37b0_X697,24,MEDIUM,4.567919131378279
uid___A001_X37b0_X697,26,MEDIUM,26.029521041475377
uid___A001_X37b0_X697,28,MEDIUM,11.235638924259993
uid___A001_X37b0_X697,30,MEDIUM,35.61427847315946
uid___A001_X37b0_X697,32,MEDIUM,19.152099368867393
uid___A001_X37b0_X697,34,MEDIUM,14.776259604284514
uid___A001_X37b0_X697,36,MEDIUM,15.401439401422753
uid___A001_X37b0_X697,38,MEDIUM,84.37185760269453
uid___A001_X37b0_X69b,11,CONT,57.81777093999977
uid___A001_X37b0_X69b,16,CONT,52.34973897999993
uid___A001_X37b0_X69b,23,MEDIUM,26.688349449939196
uid___A001_X37b0_X69b,25,MEDIUM,32.22733582734791
uid___A001_X37b0_X69b,27,MEDIUM,20.663448351201158
uid___A001_X37b0_X69b,29,MEDIUM,18.17972174530932
uid___A001_X37b0_X69b,31,MEDIUM,33.49333240036416
uid___A001_X37b0_X69b,33,MEDIUM,21.855508091294553
uid___A001_X37b0_X69b,35,MEDIUM,22.254261201689296
uid___A001_X37b0_X69b,37,MEDIUM,47.63979038739189
uid___A001_X37b0_X69d,11,CONT,58.59195621500015
uid___A001_X37b0_X69d,16,CONT,51.56041339000015
uid___A001_X37b0_X69d,23,MEDIUM,19.05928306407324
uid___A001_X37b0_X69d,25,MEDIUM,48.32792001883377
uid___A001_X37b0_X69d,27,MEDIUM,31.774752277523888
uid___A001_X37b0_X69d,29,MEDIUM,23.117112049387302
uid___A001_X37b0_X69d,31,MEDIUM,10.263289460651848
uid___A001_X37b0_X69d,33,MEDIUM,4.573078038968199
uid___A001_X37b0_X69d,35,MEDIUM,28.325545706211415
uid___A001_X37b0_X69d,37,MEDIUM,50.4110922998653
uid___A001_X37b0_X69f,10,CONT,37.49915639999962
uid___A001_X37b0_X69f,15,CONT,49.9993532800003
uid___A001_X37b0_X69f,22,MEDIUM,16.445342510651475
uid___A001_X37b0_X69f,24,MEDIUM,27.696868269349494
uid___A001_X37b0_X69f,26,MEDIUM,6.027021630274875
uid___A001_X37b0_X69f,28,MEDIUM,19.362120565651907
uid___A001_X37b0_X69f,30,MEDIUM,15.610293239216436
uid___A001_X37b0_X69f,32,MEDIUM,24.36178298728112
uid___A001_X37b0_X69f,34,MEDIUM,19.98603811324227
uid___A001_X37b0_X69f,36,MEDIUM,58.950903679239275
uid___A001_X37b0_X6a3,21,CONT,28.12930882000046
uid___A001_X37b0_X6a3,23,MEDIUM,20.90390459731771
uid___A001_X37b0_X6a3,25,MEDIUM,39.45021457066406
uid___A001_X37b0_X6a3,27,MEDIUM,6.88880256
uid___A001_X37b0_X6a3,29,MEDIUM,39.63145949867187
uid___A001_X37b0_X6a3,31,MEDIUM,59.512094250657555
uid___A001_X37b0_X6a3,33,MEDIUM,31.559549568001298
uid___A001_X37b0_X6a3,35,MEDIUM,6.978641152005208
uid___A001_X37b0_X6a3,37,MEDIUM,48.12605132799479
uid___A001_X37b0_X6a3,39,MEDIUM,77.29223185066407
uid___A001_X37b0_X6a5,21,CONT,26.558990509999088
uid___A001_X37b0_X6a5,23,MEDIUM,4.542170965325521
uid___A001_X37b0_X6a5,25,MEDIUM,30.38138478932292
uid___A001_X37b0_X6a5,27,MEDIUM,11.870434047994792
uid___A001_X37b0_X6a5,29,MEDIUM,26.610611455989584
uid___A001_X37b0_X6a5,31,MEDIUM,49.39328708266276
uid___A001_X37b0_X6a5,33,MEDIUM,35.08081902934245
uid___A001_X37b0_X6a5,35,MEDIUM,11.70486843735677
uid___A001_X37b0_X6a5,37,MEDIUM,43.800736
uid___A001_X37b0_X6a5,39,MEDIUM,84.5831720960026
uid___A001_X37b0_X6a7,20,CONT,38.276895124999996
uid___A001_X37b0_X6a7,22,MEDIUM,20.911027114661458
uid___A001_X37b0_X6a7,24,MEDIUM,34.15345220266927
uid___A001_X37b0_X6a7,26,MEDIUM,5.644841301328125
uid___A001_X37b0_X6a7,28,MEDIUM,36.93446894933594
uid___A001_X37b0_X6a7,30,MEDIUM,46.54443178666667
uid___A001_X37b0_X6a7,32,MEDIUM,46.35049262932942
uid___A001_X37b0_X6a7,34,MEDIUM,8.826881536002604
uid___A001_X37b0_X6a7,36,MEDIUM,31.55431168
uid___A001_X37b0_X6a7,38,MEDIUM,87.12304597332032
uid___A001_X37b0_X6ad,21,CONT,26.566929759999088
uid___A001_X37b0_X6ad,23,MEDIUM,17.59950097066406
uid___A001_X37b0_X6ad,25,MEDIUM,27.18727253332031
uid___A001_X37b0_X6ad,27,MEDIUM,5.666593194661458
uid___A001_X37b0_X6ad,29,MEDIUM,25.49324928
uid___A001_X37b0_X6ad,31,MEDIUM,50.88095812266927
uid___A001_X37b0_X6ad,33,MEDIUM,27.77212377598958
uid___A001_X37b0_X6ad,35,MEDIUM,13.052826623984377
uid___A001_X37b0_X6ad,37,MEDIUM,27.651308373333332
uid___A001_X37b0_X6ad,39,MEDIUM,36.53825092266927
uid___A001_X37b0_X6af,21,CONT,26.559035629999546
uid___A001_X37b0_X6af,23,MEDIUM,6.575259733333333
uid___A001_X37b0_X6af,25,MEDIUM,26.162790229335936
uid___A001_X37b0_X6af,27,MEDIUM,31.11731925330729
uid___A001_X37b0_X6af,29,MEDIUM,69.99854694398438
uid___A001_X37b0_X6af,31,MEDIUM,62.49787391995443
uid___A001_X37b0_X6af,33,MEDIUM,33.023297493352864
uid___A001_X37b0_X6af,35,MEDIUM,5.812794794661459
uid___A001_X37b0_X6af,37,MEDIUM,33.11734570666667
uid___A001_X37b0_X6af,39,MEDIUM,78.95734280532552
uid___A001_X37b0_X6b1,20,CONT,27.338681034999844
uid___A001_X37b0_X6b1,22,MEDIUM,6.491445589335937
uid___A001_X37b0_X6b1,24,MEDIUM,34.36209664
uid___A001_X37b0_X6b1,26,MEDIUM,12.4799296
uid___A001_X37b0_X6b1,28,MEDIUM,31.028156586666668
uid___A001_X37b0_X6b1,30,MEDIUM,53.65681510401693
uid___A001_X37b0_X6b1,32,MEDIUM,44.00282773333333
uid___A001_X37b0_X6b1,34,MEDIUM,7.924506197330729
uid___A001_X37b0_X6b1,36,MEDIUM,26.897481216002607
uid___A001_X37b0_X6b1,38,MEDIUM,39.139562752005205
uid___A001_X37b0_X7c,25,FINE,28.829327846994403
uid___A001_X37b0_X7c,27,FINE,45.14920264601374
uid___A001_X37b0_X7c,29,FINE,52.303711911405415
uid___A001_X37b0_X7c,31,FINE,57.43742298668031
uid___A001_X37b0_X7c,33,MEDIUM,13.10879213066569
uid___A001_X37b0_X7c,35,FINE,37.78359075550256
uid___A001_X37b0_X7c,37,FINE,47.67975647593072
uid___A001_X37b0_X7c,39,FINE,49.204228689683184
uid___A001_X37b0_X7c,41,FINE,40.33402262705069
uid___A001_X37b0_X7c,43,FINE,40.135844321423264
uid___A001_X37b0_X7c,45,FINE,26.964558536857965
uid___A001_X37b0_X7c,47,FINE,40.81403808936458
uid___A001_X37b0_X7c,49,FINE,44.74972462945374
uid___A001_X37b0_X7e,25,FINE,57.47004691623705
uid___A001_X37b0_X7e,27,FINE,57.98343809408074
uid___A001_X37b0_X7e,29,FINE,40.8329868518408
uid___A001_X37b0_X7e,31,FINE,56.78462465326612
uid___A001_X37b0_X7e,33,MEDIUM,28.950336085330402
uid___A001_X37b0_X7e,35,FINE,39.95939792261586
uid___A001_X37b0_X7e,37,FINE,47.35144426546548
uid___A001_X37b0_X7e,39,FINE,56.67608552432368
uid___A001_X37b0_X7e,41,FINE,48.17103217400046
uid___A001_X37b0_X7e,43,FINE,43.06476649400343
uid___A001_X37b0_X7e,45,FINE,56.90012296517632
uid___A001_X37b0_X7e,47,FINE,53.783092067855186
uid___A001_X37b0_X7e,49,FINE,72.40300330417678
uid___A001_X37b0_X81,25,FINE,43.99330116842467
uid___A001_X37b0_X81,27,FINE,67.45755276153413
uid___A001_X37b0_X81,29,FINE,44.42385260898952
uid___A001_X37b0_X81,31,FINE,61.12734180071
uid___A001_X37b0_X81,33,MEDIUM,29.886084904000654
uid___A001_X37b0_X81,35,FINE,55.173502998558696
uid___A001_X37b0_X81,37,FINE,49.941029255634206
uid___A001_X37b0_X81,39,FINE,64.12462436302889
uid___A001_X37b0_X81,41,FINE,40.46627066341778
uid___A001_X37b0_X81,43,FINE,58.58748229342137
uid___A001_X37b0_X81,45,FINE,43.76129283291553
uid___A001_X37b0_X81,47,FINE,46.896373421709264
uid___A001_X37b0_X81,49,FINE,46.719453679295356
uid___A001_X37b0_X83,25,FINE,44.483861432469496
uid___A001_X37b0_X83,27,FINE,68.2035147063862
uid___A001_X37b0_X83,29,FINE,36.53522497259761
uid___A001_X37b0_X83,31,FINE,63.85783504397035
uid___A001_X37b0_X83,33,MEDIUM,19.508090381334636
uid___A001_X37b0_X83,35,FINE,78.3072158658112
uid___A001_X37b0_X83,37,FINE,44.421865026623095
uid___A001_X37b0_X83,39,FINE,37.061493707577455
uid___A001_X37b0_X83,41,FINE,38.567513457023935
uid___A001_X37b0_X83,43,FINE,34.71061946829222
uid___A001_X37b0_X83,45,FINE,39.104141991028
uid___A001_X37b0_X83,47,FINE,45.99839300402755
uid___A001_X37b0_X83,49,FINE,49.673532097388026
uid___A001_X37b0_X86,25,FINE,86.34699848785296
uid___A001_X37b0_X86,27,FINE,88.54747277021907
uid___A001_X37b0_X86,29,FINE,88.00419242308914
uid___A001_X37b0_X86,31,FINE,90.19025818441719
uid___A001_X37b0_X86,33,MEDIUM,8.035801109335937
uid___A001_X37b0_X86,35,FINE,97.97955329755203
uid___A001_X37b0_X86,37,FINE,94.57984991581974
uid___A001_X37b0_X86,39,FINE,89.76409449463937
uid___A001_X37b0_X86,41,FINE,97.91244295461118
uid___A001_X37b0_X86,43,FINE,90.4799299584806
uid___A001_X37b0_X86,45,FINE,97.70369697805357
uid___A001_X37b0_X86,47,FINE,93.5292529244125
uid___A001_X37b0_X86,49,FINE,95.02214244506345
uid___A001_X37b0_X88,25,FINE,28.8265592946694
uid___A001_X37b0_X88,27,FINE,34.876077332414006
uid___A001_X37b0_X88,29,FINE,29.533219214257105
uid___A001_X37b0_X88,31,FINE,27.865433544205043
uid___A001_X37b0_X88,33,MEDIUM,11.768487328001303
uid___A001_X37b0_X88,35,FINE,21.407076516586372
uid___A001_X37b0_X88,37,FINE,35.5777851923733
uid___A001_X37b0_X88,39,FINE,27.02867846084021
uid___A001_X37b0_X88,41,FINE,14.733234403681642
uid___A001_X37b0_X88,43,FINE,60.61408306014913
uid___A001_X37b0_X88,45,FINE,19.543558021580488
uid___A001_X37b0_X88,47,FINE,40.593096027224725
uid___A001_X37b0_X88,49,FINE,44.95934109073727
uid___A001_X37b0_X8d,25,FINE,48.234257720100075
uid___A001_X37b0_X8d,27,FINE,79.93579201229082
uid___A001_X37b0_X8d,29,FINE,29.108480931387938
uid___A001_X37b0_X8d,31,FINE,56.61118906772283
uid___A001_X37b0_X8d,33,MEDIUM,63.20828062931966
uid___A001_X37b0_X8d,35,FINE,32.372218221019615
uid___A001_X37b0_X8d,37,FINE,38.826995347630636
uid___A001_X37b0_X8d,39,FINE,85.28674143000148
uid___A001_X37b0_X8d,41,FINE,32.566051015615635
uid___A001_X37b0_X8d,43,FINE,79.15264072307991
uid___A001_X37b0_X8d,45,FINE,47.46513044069286
uid___A001_X37b0_X8d,47,FINE,41.35822936889427
uid___A001_X37b0_X8d,49,FINE,30.56683591098752
uid___A001_X37b0_X90,25,FINE,60.35082892739682
uid___A001_X37b0_X90,27,FINE,54.71644747404816
uid___A001_X37b0_X90,29,FINE,20.492735920886183
uid___A001_X37b0_X90,31,FINE,43.6562622666562
uid___A001_X37b0_X90,33,MEDIUM,31.038035370670574
uid___A001_X37b0_X90,35,FINE,28.627504275154685
uid___A001_X37b0_X90,37,FINE,30.923156374948224
uid___A001_X37b0_X90,39,FINE,56.38359177912668
uid___A001_X37b0_X90,41,FINE,24.87119797647356
uid___A001_X37b0_X90,43,FINE,31.965996061204194
uid___A001_X37b0_X90,45,FINE,34.678941458240786
uid___A001_X37b0_X90,47,FINE,40.10528639546811
uid___A001_X37b0_X90,49,FINE,43.443929221388736
uid___A001_X37b0_X92,25,FINE,48.39703091463778
uid___A001_X37b0_X92,27,FINE,50.28906300656206
uid___A001_X37b0_X92,29,FINE,54.153415549085395
uid___A001_X37b0_X92,31,FINE,60.52501100792811
uid___A001_X37b0_X92,33,MEDIUM,14.632909146663412
uid___A001_X37b0_X92,35,FINE,56.758659107194234
uid___A001_X37b0_X92,37,FINE,46.53839314067535
uid___A001_X37b0_X92,39,FINE,55.820226030594625
uid___A001_X37b0_X92,41,FINE,25.186312886325503
uid___A001_X37b0_X92,43,FINE,24.561008161377202
uid___A001_X37b0_X92,45,FINE,51.61232502414931
uid___A001_X37b0_X92,47,FINE,51.78102905070938
uid___A001_X37b0_X92,49,FINE,39.54045445089554
uid___A001_X37b0_X97,25,FINE,52.28608436382607
uid___A001_X37b0_X97,27,FINE,73.03026366841111
uid___A001_X37b0_X97,29,FINE,55.44837963512577
uid___A001_X37b0_X97,31,FINE,39.310610223834836
uid___A001_X37b0_X97,33,MEDIUM,8.848087850665147
uid___A001_X37b0_X97,35,FINE,59.72557136303327
uid___A001_X37b0_X97,37,FINE,70.9185259646634
uid___A001_X37b0_X97,39,FINE,57.54875976637778
uid___A001_X37b0_X97,41,FINE,44.96414882340551
uid___A001_X37b0_X97,43,FINE,54.848712662431865
uid___A001_X37b0_X97,45,FINE,63.339967880657966
uid___A001_X37b0_X97,47,FINE,50.56471566390791
uid___A001_X37b0_X97,49,FINE,61.49951206444415
uid___A001_X37b0_X9a,25,FINE,91.04712904780405
uid___A001_X37b0_X9a,27,FINE,84.05097416452288
uid___A001_X37b0_X9a,29,FINE,81.18841157255547
uid___A001_X37b0_X9a,31,FINE,79.83120074143787
uid___A001_X37b0_X9a,33,MEDIUM,13.41371988266927
uid___A001_X37b0_X9a,35,FINE,94.77990418781509
uid___A001_X37b0_X9a,37,FINE,87.68105823487198
uid___A001_X37b0_X9a,39,FINE,80.64584273419337
uid___A001_X37b0_X9a,41,FINE,80.59962094967761
uid___A001_X37b0_X9a,43,FINE,85.43974737933223
uid___A001_X37b0_X9a,45,FINE,83.81583921840054
uid___A001_X37b0_X9a,47,FINE,82.10798429181175
uid___A001_X37b0_X9a,49,FINE,82.24755434875362
uid___A001_X37b0_X9c,25,FINE,61.81354836170957
uid___A001_X37b0_X9c,27,FINE,59.780092774320835
uid___A001_X37b0_X9c,29,FINE,54.075574036864325
uid___A001_X37b0_X9c,31,FINE,56.944973358935236
uid___A001_X37b0_X9c,33,MEDIUM,22.20179403200521
uid___A001_X37b0_X9c,35,FINE,61.02406500352703
uid___A001_X37b0_X9c,37,FINE,51.43648577159464
uid___A001_X37b0_X9c,39,FINE,58.29574443033976
uid___A001_X37b0_X9c,41,FINE,59.77354395855499
uid___A001_X37b0_X9c,43,FINE,57.77258413010321
uid___A001_X37b0_X9c,45,FINE,44.14149688196433
uid___A001_X37b0_X9c,47,FINE,67.2768071024371
uid___A001_X37b0_X9c,49,FINE,60.19026449889097
uid___A001_X37b0_X9f,25,FINE,71.30627387197963
uid___A001_X37b0_X9f,27,FINE,81.433433400866
uid___A001_X37b0_X9f,29,FINE,79.77976748397342
uid___A001_X37b0_X9f,31,FINE,79.34727309032696
uid___A001_X37b0_X9f,33,MEDIUM,13.564265605335288
uid___A001_X37b0_X9f,35,FINE,91.59910229418271
uid___A001_X37b0_X9f,37,FINE,88.4181618193144
uid___A001_X37b0_X9f,39,FINE,74.25062668748606
uid___A001_X37b0_X9f,41,FINE,83.16023760190974
uid___A001_X37b0_X9f,43,FINE,80.23902460665734
uid___A001_X37b0_X9f,45,FINE,93.94963835766276
uid___A001_X37b0_X9f,47,FINE,74.00487628385973
uid___A001_X37b0_X9f,49,FINE,84.77025982271161
uid___A001_X37b0_Xa1,25,FINE,34.643846447771864
uid___A001_X37b0_Xa1,27,FINE,77.2811713866296
uid___A001_X37b0_Xa1,29,FINE,28.297730988644552
uid___A001_X37b0_Xa1,31,FINE,60.15407176185876
uid___A001_X37b0_Xa1,33,MEDIUM,6.064423941334636
uid___A001_X37b0_Xa1,35,FINE,38.30450866806927
uid___A001_X37b0_Xa1,37,FINE,43.6300840703491
uid___A001_X37b0_Xa1,39,FINE,72.90386013547685
uid___A001_X37b0_Xa1,41,FINE,51.43561076432049
uid___A001_X37b0_Xa1,43,FINE,53.13703309921092
uid___A001_X37b0_Xa1,45,FINE,50.02478112010345
uid___A001_X37b0_Xa1,47,FINE,36.39901047544856
uid___A001_X37b0_Xa1,49,FINE,49.14272090227399
uid___A001_X37b0_Xa4,25,FINE,80.33145622913652
uid___A001_X37b0_Xa4,27,FINE,82.24219371332802
uid___A001_X37b0_Xa4,29,FINE,89.97181544800915
uid___A001_X37b0_Xa4,31,FINE,85.82320740419634
uid___A001_X37b0_Xa4,33,MEDIUM,6.6284617599999995
uid___A001_X37b0_Xa4,35,FINE,82.97295959640782
uid___A001_X37b0_Xa4,37,FINE,87.88159259166599
uid___A001_X37b0_Xa4,39,FINE,81.86844068820145
uid___A001_X37b0_Xa4,41,FINE,90.8066655516454
uid___A001_X37b0_Xa4,43,FINE,87.0456734330045
uid___A001_X37b0_Xa4,45,FINE,82.75288921347203
uid___A001_X37b0_Xa4,47,FINE,89.344039471628
uid___A001_X37b0_Xa4,49,FINE,94.7658885410251
uid___A001_X37b0_Xa6,25,FINE,90.4118437444975
uid___A001_X37b0_Xa6,27,FINE,74.36265475188878
uid___A001_X37b0_Xa6,29,FINE,43.24628749108467
uid___A001_X37b0_Xa6,31,FINE,49.05287248831964
uid___A001_X37b0_Xa6,33,MEDIUM,4.369999338665364
uid___A001_X37b0_Xa6,35,FINE,47.26089671601397
uid___A001_X37b0_Xa6,37,FINE,62.04395686905264
uid___A001_X37b0_Xa6,39,FINE,66.57105854217588
uid___A001_X37b0_Xa6,41,FINE,47.023683222498654
uid___A001_X37b0_Xa6,43,FINE,42.4717338692246
uid___A001_X37b0_Xa6,45,FINE,46.538158474208934
uid___A001_X37b0_Xa6,47,FINE,33.33795111411505
uid___A001_X37b0_Xa6,49,FINE,63.10672016486962
uid___A001_X37b0_Xab,25,FINE,23.707015588659196
uid___A001_X37b0_Xab,27,FINE,41.02188337340952
uid___A001_X37b0_Xab,29,FINE,36.48179244230795
uid___A001_X37b0_Xab,31,FINE,35.42138639239611
uid___A001_X37b0_Xab,33,MEDIUM,11.663675733333333
uid___A001_X37b0_Xab,35,FINE,27.29487761514193
uid___A001_X37b0_Xab,37,FINE,19.991705777806903
uid___A001_X37b0_Xab,39,FINE,36.21387638290882
uid___A001_X37b0_Xab,41,FINE,59.999568555264005
uid___A001_X37b0_Xab,43,FINE,33.39782366041965
uid___A001_X37b0_Xab,45,FINE,23.81795718992653
uid___A001_X37b0_Xab,47,FINE,48.52029719872139
uid___A001_X37b0_Xab,49,FINE,48.010217122114724
uid___A001_X37b0_Xae,25,FINE,68.82966730267697
uid___A001_X37b0_Xae,27,FINE,69.851605346144
uid___A001_X37b0_Xae,29,FINE,68.12586957436211
uid___A001_X37b0_Xae,31,FINE,64.35767054985723
uid___A001_X37b0_Xae,33,MEDIUM,22.359318359111327
uid___A001_X37b0_Xae,35,FINE,71.12024087874862
uid___A001_X37b0_Xae,37,FINE,79.00533446659375
uid___A001_X37b0_Xae,39,FINE,71.62310750737882
uid___A001_X37b0_Xae,41,FINE,73.33265282901819
uid___A001_X37b0_Xae,43,FINE,67.7866502940723
uid___A001_X37b0_Xae,45,FINE,74.04528789736128
uid___A001_X37b0_Xae,47,FINE,81.02140727062135
uid___A001_X37b0_Xae,49,FINE,71.46020921444092
uid___A001_X37b0_Xb0,25,FINE,47.712679384728865
uid___A001_X37b0_Xb0,27,FINE,62.42374016816533
uid___A001_X37b0_Xb0,29,FINE,53.11380868510548
uid___A001_X37b0_Xb0,31,FINE,40.254563338328175
uid___A001_X37b0_Xb0,33,MEDIUM,35.19846677155816
uid___A001_X37b0_Xb0,35,FINE,43.62050438786404
uid___A001_X37b0_Xb0,37,FINE,39.649106617658184
uid___A001_X37b0_Xb0,39,FINE,54.53123379379855
uid___A001_X37b0_Xb0,41,FINE,51.324432164123444
uid___A001_X37b0_Xb0,43,FINE,47.35849572255588
uid___A001_X37b0_Xb0,45,FINE,58.01798643083214
uid___A001_X37b0_Xb0,47,FINE,42.61728061092749
uid___A001_X37b0_Xb0,49,FINE,42.43392560298071
uid___A001_X37b0_Xb3,25,FINE,88.71960685260215
uid___A001_X37b0_Xb3,27,FINE,80.66814782453469
uid___A001_X37b0_Xb3,29,FINE,81.35550399528242
uid___A001_X37b0_Xb3,31,FINE,80.41515245646573
uid___A001_X37b0_Xb3,33,MEDIUM,2.7945079093359375
uid___A001_X37b0_Xb3,35,FINE,87.55757878815777
uid___A001_X37b0_Xb3,37,FINE,82.697779116541
uid___A001_X37b0_Xb3,39,FINE,87.25620150939555
uid___A001_X37b0_Xb3,41,FINE,83.28683256586122
uid___A001_X37b0_Xb3,43,FINE,91.25437264689367
uid___A001_X37b0_Xb3,45,FINE,86.28700408571484
uid___A001_X37b0_Xb3,47,FINE,81.65212769955936
uid___A001_X37b0_Xb3,49,FINE,92.47872095680395
uid___A001_X37b0_Xb5,25,FINE,41.40261307508268
uid___A001_X37b0_Xb5,27,FINE,40.99293474738318
uid___A001_X37b0_Xb5,29,FINE,36.85175888920742
uid___A001_X37b0_Xb5,31,FINE,9.53338578484413
uid___A001_X37b0_Xb5,33,MEDIUM,0.937164768001302
uid___A001_X37b0_Xb5,35,FINE,24.916866118961746
uid___A001_X37b0_Xb5,37,FINE,21.786368864902737
uid___A001_X37b0_Xb5,39,FINE,31.015575026709307
uid___A001_X37b0_Xb5,41,FINE,32.47439763247235
uid___A001_X37b0_Xb5,43,FINE,32.85942522933214
uid___A001_X37b0_Xb5,45,FINE,20.566451057982597
uid___A001_X37b0_Xb5,47,FINE,42.4331599929743
uid___A001_X37b0_Xb5,49,FINE,19.344221572930927
uid___A001_X37b0_Xb8,25,FINE,76.75884863244917
uid___A001_X37b0_Xb8,27,FINE,79.13030064615386
uid___A001_X37b0_Xb8,29,FINE,78.21193880581222
uid___A001_X37b0_Xb8,31,FINE,86.94197892951132
uid___A001_X37b0_Xb8,33,MEDIUM,9.282639194664712
uid___A001_X37b0_Xb8,35,FINE,87.92888155402107
uid___A001_X37b0_Xb8,37,FINE,84.5598957568577
uid___A001_X37b0_Xb8,39,FINE,77.95195873964104
uid___A001_X37b0_Xb8,41,FINE,85.73067824581082
uid___A001_X37b0_Xb8,43,FINE,84.90701644200223
uid___A001_X37b0_Xb8,45,FINE,84.40093832453263
uid___A001_X37b0_Xb8,47,FINE,86.06044308441147
uid___A001_X37b0_Xb8,49,FINE,79.93056552060492
uid___A001_X37b0_Xba,25,FINE,38.83848367923351
uid___A001_X37b0_Xba,27,FINE,54.63384624312828
uid___A001_X37b0_Xba,29,FINE,45.95748807882892
uid___A001_X37b0_Xba,31,FINE,29.110271308610148
uid___A001_X37b0_Xba,33,MEDIUM,23.616679930667317
uid___A001_X37b0_Xba,35,FINE,30.331617508998892
uid___A001_X37b0_Xba,37,FINE,38.080491366053614
uid___A001_X37b0_Xba,39,FINE,45.00223095278375
uid___A001_X37b0_Xba,41,FINE,22.188128778109277
uid___A001_X37b0_Xba,43,FINE,35.271038659390754
uid___A001_X37b0_Xba,45,FINE,36.94305993129719
uid___A001_X37b0_Xba,47,FINE,30.220675992887735
uid___A001_X37b0_Xba,49,FINE,49.46529274435644
uid___A001_X37b0_Xd2,25,COARSE,36.660747178666995
uid___A001_X37b0_Xd2,27,COARSE,33.53544148800008
uid___A001_X37b0_Xd2,29,COARSE,51.66191035733399
uid___A001_X37b0_Xd2,31,COARSE,34.36883440000041
uid___A001_X37b0_Xd6,25,COARSE,34.99830438400024
uid___A001_X37b0_Xd6,27,COARSE,20.414327807999673
uid___A001_X37b0_Xd6,29,COARSE,27.706434549333498
uid___A001_X37b0_Xd6,31,COARSE,57.70721602133301
uid___A001_X37b0_Xda,25,COARSE,24.36920748800008
uid___A001_X37b0_Xda,27,COARSE,50.20435254933309
uid___A001_X37b0_Xda,29,COARSE,53.746412480000004
uid___A001_X37b0_Xda,31,COARSE,46.24513721600017
uid___A001_X37b0_Xde,25,COARSE,11.665456853333334
uid___A001_X37b0_Xde,27,COARSE,34.998553983999834
uid___A001_X37b0_Xde,29,COARSE,43.74907840000041
uid___A001_X37b0_Xde,31,COARSE,43.12417153600016
uid___A001_X37b0_Xe2,25,COARSE,41.66832874666667
uid___A001_X37b0_Xe2,27,COARSE,59.16775485866699
uid___A001_X37b0_Xe2,29,COARSE,50.83424334933269
uid___A001_X37b0_Xe2,31,COARSE,46.87646335999959
uid___A001_X37b0_Xe6,25,COARSE,41.03563537066609
uid___A001_X37b0_Xe6,27,COARSE,32.07636997866699
uid___A001_X37b0_Xe6,29,COARSE,72.08030243200032
uid___A001_X37b0_Xe6,31,COARSE,24.367219216000567
uid___A001_X37b0_Xea,25,COARSE,12.285242768000082
uid___A001_X37b0_Xea,27,COARSE,21.86925799999959
uid___A001_X37b0_Xea,29,COARSE,36.453646906667075
uid___A001_X37b0_Xea,31,COARSE,40.41185576533366
uid___A001_X37b0_Xee,25,COARSE,27.07582186666707
uid___A001_X37b0_Xee,27,COARSE,41.24393587199992
uid___A001_X37b0_Xee,29,COARSE,21.241482410666503
uid___A001_X37b0_Xee,31,COARSE,31.86794900800008
uid___A001_X37b0_Xf2,25,COARSE,3.7410630719999185
uid___A001_X37b0_Xf2,27,COARSE,42.49463750399984
uid___A001_X37b0_Xf2,29,COARSE,44.57759766399983
uid___A001_X37b0_Xf2,31,COARSE,10.199906421333415
uid___A001_X37b0_Xff,21,CONT,17.966086675001524
uid___A001_X37b0_Xff,23,CONT,27.34138919500122
uid___A001_X37b0_Xff,25,MEDIUM,71.50944358933268
uid___A001_X37b0_Xff,27,MEDIUM,67.96766232
uid___A001_X37b5_X187,7,CONT,15.889617619250082
uid___A001_X37b5_X187,11,CONT,27.464551860833105
uid___A001_X37b5_X187,15,CONT,14.07981495166672
uid___A001_X37b5_X187,18,CONT,15.694314012416738
uid___A001_X37b5_X18b,7,CONT,14.574301209000016
uid___A001_X37b5_X18b,11,CONT,21.670307440833334
uid___A001_X37b5_X18b,15,CONT,14.079534868250096
uid___A001_X37b5_X18b,18,CONT,15.524767825249938
uid___A001_X37b5_X18f,7,CONT,14.428014790666735
uid___A001_X37b5_X18f,11,CONT,25.75601049099978
uid___A001_X37b5_X18f,15,CONT,14.493119463416749
uid___A001_X37b5_X18f,18,CONT,23.125825053416545
uid___A001_X37b5_X193,7,CONT,14.130162344583336
uid___A001_X37b5_X193,11,CONT,18.635230410416845
uid___A001_X37b5_X193,15,CONT,14.44265406833318
uid___A001_X37b5_X193,18,CONT,14.598888284249902
uid___A001_X37b5_X19f,5,CONT,13.284780355000306
uid___A001_X37b5_X19f,7,CONT,13.28473928500061
uid___A001_X37b5_X19f,9,CONT,33.59626132499924
uid___A001_X37b5_X19f,11,CONT,16.409372259999845
uid___A001_X37b5_X1b2,4,CONT,14.856872509999846
uid___A001_X37b5_X1b2,6,CONT,14.856814740000152
uid___A001_X37b5_X1b2,8,CONT,14.856520984999847
uid___A001_X37b5_X1b2,10,CONT,14.85646376000061
uid___A001_X37b5_X1b5,4,CONT,14.857031105000305
uid___A001_X37b5_X1b5,6,CONT,14.856975515000153
uid___A001_X37b5_X1b5,8,CONT,14.856690480000307
uid___A001_X37b5_X1b5,10,CONT,14.856634890000153
uid___A001_X37b5_X1dc,24,FINE,88.22750359253027
uid___A001_X37b5_X1dc,26,FINE,54.83513443401862
uid___A001_X37b5_X1dc,28,FINE,77.3869030511969
uid___A001_X37b5_X1dc,30,FINE,35.2624905706695
uid___A001_X37b5_X1dc,32,FINE,12.875873897926148
uid___A001_X37b5_X1dc,34,FINE,28.86520024304996
uid___A001_X37b5_X1dc,36,MEDIUM,11.878386943997397
uid___A001_X37b5_X1e1,24,FINE,50.62653488939335
uid___A001_X37b5_X1e1,26,FINE,63.76422471320012
uid___A001_X37b5_X1e1,28,FINE,61.893847983929405
uid___A001_X37b5_X1e1,30,FINE,41.20362879690082
uid___A001_X37b5_X1e1,32,FINE,36.574313067211186
uid___A001_X37b5_X1e1,34,FINE,47.93884480952951
uid___A001_X37b5_X1e1,36,MEDIUM,18.73035717333415
uid___A001_X37b5_X1e6,24,FINE,14.471753154781059
uid___A001_X37b5_X1e6,26,FINE,22.400012117328203
uid___A001_X37b5_X1e6,28,FINE,58.730470459399584
uid___A001_X37b5_X1e6,30,FINE,33.4245319470817
uid___A001_X37b5_X1e6,32,FINE,20.133259150321983
uid___A001_X37b5_X1e6,34,FINE,22.041414108644336
uid___A001_X37b5_X1e6,36,MEDIUM,11.14398189866862
uid___A001_X37b5_X1f1,24,FINE,36.863037386197675
uid___A001_X37b5_X1f1,26,FINE,30.051069055066908
uid___A001_X37b5_X1f1,28,FINE,20.366238748830433
uid___A001_X37b5_X1f1,30,MEDIUM,17.68812631466634
uid___A001_X37b5_X1f1,32,FINE,67.49055770407305
uid___A001_X37b5_X1f1,34,FINE,84.16194341383954
uid___A001_X37b5_X1f6,24,FINE,39.39000022184825
uid___A001_X37b5_X1f6,26,FINE,29.548597377215135
uid___A001_X37b5_X1f6,28,FINE,40.37803854671701
uid___A001_X37b5_X1f6,30,MEDIUM,12.437867946665852
uid___A001_X37b5_X1f6,32,FINE,60.3996341763356
uid___A001_X37b5_X1f6,34,FINE,40.298931968869724
uid___A001_X37b5_X1fb,24,FINE,28.6653637415719
uid___A001_X37b5_X1fb,26,FINE,16.19033617893396
uid___A001_X37b5_X1fb,28,FINE,46.128552850275526
uid___A001_X37b5_X1fb,30,MEDIUM,15.208915968001302
uid___A001_X37b5_X1fb,32,FINE,51.460585078946565
uid___A001_X37b5_X1fb,34,FINE,44.626552467998145
uid___A001_X37b5_X200,24,FINE,21.238696329645798
uid___A001_X37b5_X200,26,FINE,28.59865241714473
uid___A001_X37b5_X200,28,FINE,47.0566938822983
uid___A001_X37b5_X200,30,MEDIUM,22.645977088000492
uid___A001_X37b5_X200,32,FINE,62.09807573496756
uid___A001_X37b5_X200,34,FINE,45.885303649879425
uid___A001_X37b5_X209,23,MEDIUM,11.762258037340494
uid___A001_X37b5_X209,25,FINE,31.42521427173382
uid___A001_X37b5_X209,27,FINE,59.48810659202404
uid___A001_X37b5_X209,29,FINE,63.83326341696939
uid___A001_X37b5_X209,31,FINE,55.09172164975169
uid___A001_X37b5_X209,33,FINE,56.7004532053125
uid___A001_X37b5_X209,35,FINE,21.542967722760416
uid___A001_X37b5_X209,37,FINE,51.79041946425872
uid___A001_X37b5_X209,39,FINE,59.57706299729166
uid___A001_X37b5_X209,41,FINE,71.90996521818384
uid___A001_X37b5_X20b,23,MEDIUM,12.970490111998698
uid___A001_X37b5_X20b,25,FINE,43.21068099355222
uid___A001_X37b5_X20b,27,FINE,45.611792715020215
uid___A001_X37b5_X20b,29,FINE,36.3882098446651
uid___A001_X37b5_X20b,31,FINE,36.84521587604079
uid___A001_X37b5_X20b,33,FINE,45.631116373333334
uid___A001_X37b5_X20b,35,FINE,33.476565248125
uid___A001_X37b5_X20b,37,FINE,34.8977475432971
uid___A001_X37b5_X20b,39,FINE,14.064758015989584
uid___A001_X37b5_X20b,41,FINE,40.405991418866485
uid___A001_X37b5_X233,24,FINE,4.239526965338541
uid___A001_X37b5_X233,26,FINE,47.09160426666341
uid___A001_X37b5_X233,28,FINE,42.96118386134115
uid___A001_X37b5_X233,30,FINE,16.03050528000651
uid___A001_X37b5_X233,32,FINE,21.077780223984373
uid___A001_X37b5_X233,34,FINE,31.04804484264323
uid___A001_X37b5_X236,24,FINE,12.67925881599935
uid___A001_X37b5_X236,26,FINE,46.858849567994795
uid___A001_X37b5_X236,28,FINE,29.444960160006513
uid___A001_X37b5_X236,30,FINE,50.15792332800781
uid___A001_X37b5_X236,32,FINE,61.950778239947915
uid___A001_X37b5_X236,34,FINE,35.55559334404948
uid___A001_X37b5_X239,24,FINE,34.56658619734375
uid___A001_X37b5_X239,26,FINE,50.64677704531576
uid___A001_X37b5_X239,28,FINE,45.96685952000651
uid___A001_X37b5_X239,30,FINE,44.37290370136068
uid___A001_X37b5_X239,32,FINE,40.28055948799479
uid___A001_X37b5_X239,34,FINE,47.05496849067708
uid___A001_X37b5_X23c,24,FINE,16.046924757333986
uid___A001_X37b5_X23c,26,FINE,39.330387904003906
uid___A001_X37b5_X23c,28,FINE,37.83059661867513
uid___A001_X37b5_X23c,30,FINE,37.370643626686196
uid___A001_X37b5_X23c,32,FINE,36.767736362669275
uid___A001_X37b5_X23c,34,FINE,56.74862784003907
uid___A001_X37b5_X23f,24,FINE,16.64790237866862
uid___A001_X37b5_X23f,26,FINE,37.5371519253418
uid___A001_X37b5_X23f,28,FINE,36.153543189329426
uid___A001_X37b5_X23f,30,FINE,57.946785706679684
uid___A001_X37b5_X23f,32,FINE,61.981228885338545
uid___A001_X37b5_X23f,34,FINE,67.07120759466146
uid___A001_X37b5_X242,24,FINE,12.836990517333986
uid___A001_X37b5_X242,26,FINE,50.31168179199219
uid___A001_X37b5_X242,28,FINE,41.71193062400065
uid___A001_X37b5_X242,30,FINE,39.31964671997396
uid___A001_X37b5_X242,32,FINE,38.42034427731771
uid___A001_X37b5_X242,34,FINE,32.07006591996094
uid___A001_X37b5_X245,24,FINE,13.488386602666017
uid___A001_X37b5_X245,26,FINE,13.59427936
uid___A001_X37b5_X245,28,FINE,28.586507296009117
uid___A001_X37b5_X245,30,FINE,33.69299863467448
uid___A001_X37b5_X245,32,FINE,20.820200106653648
uid___A001_X37b5_X245,34,FINE,36.864533248046875
uid___A001_X37b5_X248,24,FINE,42.35570967466797
uid___A001_X37b5_X248,26,FINE,50.98839694933268
uid___A001_X37b5_X248,28,FINE,42.02967623466146
uid___A001_X37b5_X248,30,FINE,41.78836503467448
uid___A001_X37b5_X248,32,FINE,18.007295231992188
uid___A001_X37b5_X248,34,FINE,32.07211601066406
uid___A001_X37b5_X24b,24,FINE,32.5242122880013
uid___A001_X37b5_X24b,26,FINE,12.966345855999348
uid___A001_X37b5_X24b,28,FINE,36.89918580266602
uid___A001_X37b5_X24b,30,FINE,30.053783786647138
uid___A001_X37b5_X24b,32,FINE,45.82401877334635
uid___A001_X37b5_X24b,34,FINE,44.57375488
uid___A001_X37b5_X24e,24,FINE,32.891549312001956
uid___A001_X37b5_X24e,26,FINE,46.30090075732096
uid___A001_X37b5_X24e,28,FINE,38.644334602666014
uid___A001_X37b5_X24e,30,FINE,35.56853789863933
uid___A001_X37b5_X24e,32,FINE,49.7839077546875
uid___A001_X37b5_X24e,34,FINE,34.26060151466146
uid___A001_X37b5_X252,24,FINE,14.10789828268229
uid___A001_X37b5_X252,26,FINE,45.38383859197916
uid___A001_X37b5_X252,28,FINE,60.9501810346875
uid___A001_X37b5_X252,30,FINE,21.794652672083334
uid___A001_X37b5_X252,32,FINE,70.75934549320313
uid___A001_X37b5_X252,34,FINE,15.771585194661458
uid___A001_X37b5_X252,36,FINE,69.39933030398437
uid___A001_X37b5_X252,38,FINE,71.8016409173698
uid___A001_X37b5_X255,24,FINE,63.93785617067709
uid___A001_X37b5_X255,26,FINE,53.98580420260417
uid___A001_X37b5_X255,28,FINE,34.195739050729166
uid___A001_X37b5_X255,30,FINE,68.63237640536458
uid___A001_X37b5_X255,32,FINE,61.27992567460937
uid___A001_X37b5_X255,34,FINE,14.38564164265625
uid___A001_X37b5_X255,36,FINE,53.77484829869792
uid___A001_X37b5_X255,38,FINE,68.57520465067708
uid___A001_X37b5_X259,24,FINE,68.15390498132813
uid___A001_X37b5_X259,26,FINE,72.74801429338542
uid___A001_X37b5_X259,28,FINE,5.356525461315105
uid___A001_X37b5_X259,30,FINE,11.607410389296875
uid___A001_X37b5_X259,32,FINE,70.58600081062501
uid___A001_X37b5_X259,34,FINE,75.61063116802083
uid___A001_X37b5_X259,36,FINE,21.957481866673177
uid___A001_X37b5_X285,17,CONT,55.452673149999995
uid___A001_X37b5_X285,25,FINE,58.731374933333335
uid___A001_X37b5_X285,27,FINE,82.49473898669271
uid___A001_X37b5_X285,29,FINE,54.862079850677084
uid___A001_X37b5_X345,25,COARSE,3.135177920000814
uid___A001_X37b5_X345,27,COARSE,3.5518008106673173
uid___A001_X37b5_X345,29,COARSE,11.780051701333822
uid___A001_X37b5_X345,31,MEDIUM,44.663318591998696
uid___A001_X37b5_X34d,25,COARSE,2.9084725226668295
uid___A001_X37b5_X34d,27,COARSE,2.700121605333659
uid___A001_X37b5_X34d,29,COARSE,15.513653983999836
uid___A001_X37b5_X34d,31,MEDIUM,43.931122069329426
uid___A001_X37b5_X34f,22,COARSE,5.204763706666666
uid___A001_X37b5_X34f,24,COARSE,18.746927839999998
uid___A001_X37b5_X34f,26,COARSE,12.184049823999837
uid___A001_X37b5_X34f,28,MEDIUM,36.922903167998044
uid___A001_X37b5_X36,23,FINE,49.2578382865405
uid___A001_X37b5_X36,25,FINE,40.651944062372316
uid___A001_X37b5_X36,27,FINE,56.68706450167371
uid___A001_X37b5_X36,29,FINE,38.38663408080142
uid___A001_X37b5_X36,31,FINE,42.163878260105136
uid___A001_X37b5_X36,33,FINE,58.89766647675169
uid___A001_X37b5_X36,35,FINE,59.42507456
uid___A001_X37b5_X36,37,FINE,56.37341109479337
uid___A001_X37b5_X36,39,FINE,60.46322221805037
uid___A001_X37b5_X36,41,FINE,60.48090770696917
uid___A001_X37b5_X36,43,FINE,43.203968081988904
uid___A001_X37b5_X36,45,MEDIUM,12.076909117329102
uid___A001_X37b5_X379,5,CONT,13.278357339999388
uid___A001_X37b5_X379,7,CONT,13.278351234999846
uid___A001_X37b5_X379,9,CONT,25.77874295
uid___A001_X37b5_X379,11,CONT,13.278314605000304
uid___A001_X37b5_X37d,5,CONT,13.276904905000306
uid___A001_X37b5_X37d,7,CONT,13.276887144999694
uid___A001_X37b5_X37d,9,CONT,13.276797789999389
uid___A001_X37b5_X37d,11,CONT,13.276780584999084
uid___A001_X37b5_X39,23,FINE,76.16511576321581
uid___A001_X37b5_X39,25,FINE,72.49025383227506
uid___A001_X37b5_X39,27,FINE,73.33490514358928
uid___A001_X37b5_X39,29,FINE,77.79739144758014
uid___A001_X37b5_X39,31,FINE,64.79029632827005
uid___A001_X37b5_X39,33,FINE,71.82018805750204
uid___A001_X37b5_X39,35,FINE,34.97984413869792
uid___A001_X37b5_X39,37,FINE,73.7910735436485
uid___A001_X37b5_X39,39,FINE,64.86061520159795
uid___A001_X37b5_X39,41,FINE,65.8158198479483
uid___A001_X37b5_X39,43,FINE,71.2623269868768
uid___A001_X37b5_X39,45,MEDIUM,30.06176424
uid___A001_X37b5_X3b,23,FINE,69.94378978661189
uid___A001_X37b5_X3b,25,FINE,51.11548713337805
uid___A001_X37b5_X3b,27,FINE,68.01522558690334
uid___A001_X37b5_X3b,29,FINE,51.14180595909642
uid___A001_X37b5_X3b,31,FINE,71.06965864967253
uid___A001_X37b5_X3b,33,FINE,52.77397079553451
uid___A001_X37b5_X3b,35,FINE,66.34831116807291
uid___A001_X37b5_X3b,37,FINE,47.54398554105942
uid___A001_X37b5_X3b,39,FINE,55.805407483291866
uid___A001_X37b5_X3b,41,FINE,52.19790370310133
uid___A001_X37b5_X3b,43,FINE,45.357836579958615
uid___A001_X37b5_X3b,45,MEDIUM,12.257700266666665
uid___A001_X37b5_X3e,23,FINE,75.43714471499068
uid___A001_X37b5_X3e,25,FINE,83.29634876044906
uid___A001_X37b5_X3e,27,FINE,70.58080411240132
uid___A001_X37b5_X3e,29,FINE,79.79792896180895
uid___A001_X37b5_X3e,31,FINE,79.07217077560176
uid___A001_X37b5_X3e,33,FINE,70.45060825548094
uid___A001_X37b5_X3e,35,FINE,87.31297459203124
uid___A001_X37b5_X3e,37,FINE,89.12947974003146
uid___A001_X37b5_X3e,39,FINE,72.69309807522298
uid___A001_X37b5_X3e,41,FINE,87.25390331416916
uid___A001_X37b5_X3e,43,FINE,87.67987005453172
uid___A001_X37b5_X3e,45,MEDIUM,25.538365589329427
uid___A001_X37b5_X40,23,FINE,31.01325891118573
uid___A001_X37b5_X40,25,FINE,41.01728066775383
uid___A001_X37b5_X40,27,FINE,27.205023227651015
uid___A001_X37b5_X40,29,FINE,24.76059190575324
uid___A001_X37b5_X40,31,FINE,44.768674501356095
uid___A001_X37b5_X40,33,FINE,26.010920950680788
uid___A001_X37b5_X40,35,FINE,49.155796991979166
uid___A001_X37b5_X40,37,FINE,36.43108912547061
uid___A001_X37b5_X40,39,FINE,27.508881997837364
uid___A001_X37b5_X40,41,FINE,28.5577416040605
uid___A001_X37b5_X40,43,FINE,22.515548061523987
uid___A001_X37b5_X40,45,MEDIUM,11.873333509332683
uid___A001_X37b5_X43,21,FINE,66.0209194488154
uid___A001_X37b5_X43,23,FINE,73.85668671437735
uid___A001_X37b5_X43,25,FINE,70.13440807728428
uid___A001_X37b5_X43,27,FINE,91.46357891118349
uid___A001_X37b5_X43,29,FINE,90.60229580593675
uid___A001_X37b5_X43,31,FINE,68.09997832531016
uid___A001_X37b5_X43,33,FINE,33.46759099734375
uid___A001_X37b5_X43,35,FINE,99.99965866695794
uid___A001_X37b5_X43,37,FINE,69.39086831708403
uid___A001_X37b5_X43,39,FINE,69.1173661718267
uid___A001_X37b5_X43,41,FINE,70.21864600008875
uid___A001_X37b5_X43,43,MEDIUM,43.446407589329425
uid___A001_X37b5_X45,23,FINE,23.980707003130025
uid___A001_X37b5_X45,25,FINE,44.356165669509465
uid___A001_X37b5_X45,27,FINE,32.75338278117586
uid___A001_X37b5_X45,29,FINE,44.56452286754465
uid___A001_X37b5_X45,31,FINE,33.21412197207425
uid___A001_X37b5_X45,33,FINE,29.272808385745176
uid___A001_X37b5_X45,35,FINE,59.264108629427085
uid___A001_X37b5_X45,37,FINE,36.01166164338206
uid___A001_X37b5_X45,39,FINE,29.559940300725945
uid___A001_X37b5_X45,41,FINE,27.28623403835112
uid___A001_X37b5_X45,43,FINE,31.66985739099253
uid___A001_X37b5_X45,45,MEDIUM,30.36500988266927
uid___A001_X37b5_X45b,23,CONT,15.630293080000305
uid___A001_X37b5_X45b,25,MEDIUM,5.631062879998373
uid___A001_X37b5_X45b,27,MEDIUM,13.767772554667967
uid___A001_X37b5_X45b,29,MEDIUM,42.7299451519987
uid___A001_X37b5_X45b,31,MEDIUM,88.15973130667643
uid___A001_X37b5_X45d,23,CONT,15.627837700001526
uid___A001_X37b5_X45d,25,MEDIUM,3.6490184
uid___A001_X37b5_X45d,27,MEDIUM,47.08505945599284
uid___A001_X37b5_X45d,29,MEDIUM,52.81403369599935
uid___A001_X37b5_X45d,31,MEDIUM,26.97853364266276
uid___A001_X37b5_X45f,22,CONT,15.62778046000061
uid___A001_X37b5_X45f,24,MEDIUM,1.3574609066666667
uid___A001_X37b5_X45f,26,MEDIUM,12.823057781334635
uid___A001_X37b5_X45f,28,MEDIUM,27.618934538665364
uid___A001_X37b5_X45f,30,MEDIUM,36.88546544
uid___A001_X37b5_X465,23,CONT,15.630242859999086
uid___A001_X37b5_X465,25,MEDIUM,0.9881545333333334
uid___A001_X37b5_X465,27,MEDIUM,14.17194180266276
uid___A001_X37b5_X465,29,MEDIUM,43.54998103466471
uid___A001_X37b5_X465,31,MEDIUM,20.64741746133138
uid___A001_X37b5_X467,23,CONT,15.625848340000918
uid___A001_X37b5_X467,25,MEDIUM,11.563426847999676
uid___A001_X37b5_X467,27,MEDIUM,18.02051350400065
uid___A001_X37b5_X467,29,MEDIUM,18.645507221331382
uid___A001_X37b5_X467,31,MEDIUM,31.093367157327474
uid___A001_X37b5_X469,22,CONT,34.37353084000092
uid___A001_X37b5_X469,24,MEDIUM,11.352191072000325
uid___A001_X37b5_X469,26,MEDIUM,12.288768383997397
uid___A001_X37b5_X469,28,MEDIUM,18.747303039996748
uid___A001_X37b5_X469,30,MEDIUM,29.32049885866862
uid___A001_X37b5_X46f,23,CONT,15.630117580000306
uid___A001_X37b5_X46f,25,MEDIUM,43.23255695999674
uid___A001_X37b5_X46f,27,MEDIUM,61.527135647998044
uid___A001_X37b5_X46f,29,MEDIUM,48.961376320003254
uid___A001_X37b5_X46f,31,MEDIUM,64.98399926399739
uid___A001_X37b5_X471,23,CONT,15.627370599998475
uid___A001_X37b5_X471,25,MEDIUM,53.90749208
uid___A001_X37b5_X471,27,MEDIUM,61.56352726400065
uid___A001_X37b5_X471,29,MEDIUM,61.355199775999345
uid___A001_X37b5_X471,31,MEDIUM,50.27556278400065
uid___A001_X37b5_X473,22,CONT,15.626825199999999
uid___A001_X37b5_X473,24,MEDIUM,45.1574230880013
uid___A001_X37b5_X473,26,MEDIUM,61.40587729066732
uid___A001_X37b5_X473,28,MEDIUM,52.70882935466471
uid___A001_X37b5_X473,30,MEDIUM,59.46573697066406
uid___A001_X37b5_X479,23,CONT,15.628503519999695
uid___A001_X37b5_X479,25,MEDIUM,1.3582166079996745
uid___A001_X37b5_X479,27,MEDIUM,13.861517237333985
uid___A001_X37b5_X479,29,MEDIUM,42.82243943466797
uid___A001_X37b5_X479,31,MEDIUM,31.173690037333984
uid___A001_X37b5_X47d,22,CONT,15.628415500000001
uid___A001_X37b5_X47d,24,MEDIUM,11.611180586666666
uid___A001_X37b5_X47d,26,MEDIUM,52.8138404159961
uid___A001_X37b5_X47d,28,MEDIUM,35.10704897066406
uid___A001_X37b5_X47d,30,MEDIUM,42.456059189332684
uid___A001_X37b5_X48,23,FINE,42.63764681577055
uid___A001_X37b5_X48,25,FINE,32.833847437825185
uid___A001_X37b5_X48,27,FINE,32.4166133617816
uid___A001_X37b5_X48,29,FINE,31.165019165746145
uid___A001_X37b5_X48,31,FINE,21.574082923657574
uid___A001_X37b5_X48,33,FINE,36.17065252645985
uid___A001_X37b5_X48,35,FINE,15.155295402708333
uid___A001_X37b5_X48,37,FINE,18.64583624899057
uid___A001_X37b5_X48,39,FINE,42.63469001829369
uid___A001_X37b5_X48,41,FINE,34.70773409471274
uid___A001_X37b5_X48,43,FINE,21.357244281818215
uid___A001_X37b5_X48,45,MEDIUM,24.527937584007162
uid___A001_X37b5_X483,23,CONT,15.630256900000001
uid___A001_X37b5_X483,25,MEDIUM,62.03356658666341
uid___A001_X37b5_X483,27,MEDIUM,14.27611956266927
uid___A001_X37b5_X483,29,MEDIUM,33.02495220266927
uid___A001_X37b5_X483,31,MEDIUM,26.173928191995444
uid___A001_X37b5_X485,23,CONT,15.625832680000304
uid___A001_X37b5_X485,25,MEDIUM,12.136310186668295
uid___A001_X37b5_X485,27,MEDIUM,34.58312136532227
uid___A001_X37b5_X485,29,MEDIUM,35.31228320000325
uid___A001_X37b5_X485,31,MEDIUM,25.676750538668617
uid___A001_X37b5_X487,22,CONT,15.624660339999389
uid___A001_X37b5_X487,24,MEDIUM,1.405875727998047
uid___A001_X37b5_X487,26,MEDIUM,15.102907093333334
uid___A001_X37b5_X487,28,MEDIUM,21.14465166933268
uid___A001_X37b5_X487,30,MEDIUM,30.6238903039974
uid___A001_X37b5_X4a,23,FINE,39.43581215102363
uid___A001_X37b5_X4a,25,FINE,48.949343616560114
uid___A001_X37b5_X4a,27,FINE,54.575296703871814
uid___A001_X37b5_X4a,29,FINE,49.46372380699735
uid___A001_X37b5_X4a,31,FINE,32.214614344987424
uid___A001_X37b5_X4a,33,FINE,37.236403510248174
uid___A001_X37b5_X4a,35,FINE,44.56390954661458
uid___A001_X37b5_X4a,37,FINE,40.258957944439224
uid___A001_X37b5_X4a,39,FINE,41.934138765576584
uid___A001_X37b5_X4a,41,FINE,51.54059269067341
uid___A001_X37b5_X4a,43,FINE,49.67475552035446
uid___A001_X37b5_X4a,45,MEDIUM,28.175193466666666
uid___A001_X37b5_X4d,23,FINE,35.15105164710954
uid___A001_X37b5_X4d,25,FINE,42.32055154865017
uid___A001_X37b5_X4d,27,FINE,44.19897423739614
uid___A001_X37b5_X4d,29,FINE,40.26768452185365
uid___A001_X37b5_X4d,31,FINE,35.3009412827801
uid___A001_X37b5_X4d,33,FINE,26.0559186012064
uid___A001_X37b5_X4d,35,FINE,21.70587053512153
uid___A001_X37b5_X4d,37,FINE,43.538625531345104
uid___A001_X37b5_X4d,39,FINE,37.023755812506145
uid___A001_X37b5_X4d,41,FINE,33.39568230766359
uid___A001_X37b5_X4d,43,FINE,30.57361831231793
uid___A001_X37b5_X4d,45,MEDIUM,19.477166298665363
uid___A001_X37b5_X4f,23,FINE,53.153620633389565
uid___A001_X37b5_X4f,25,FINE,51.86827582434908
uid___A001_X37b5_X4f,27,FINE,59.97797576980096
uid___A001_X37b5_X4f,29,FINE,44.351050623145134
uid___A001_X37b5_X4f,31,FINE,55.91674830208312
uid___A001_X37b5_X4f,33,FINE,57.2963520031199
uid___A001_X37b5_X4f,35,FINE,58.73789915026042
uid___A001_X37b5_X4f,37,FINE,49.49137070246783
uid___A001_X37b5_X4f,39,FINE,46.50709728113115
uid___A001_X37b5_X4f,41,FINE,52.40468809553421
uid___A001_X37b5_X4f,43,FINE,49.92176697877273
uid___A001_X37b5_X4f,45,MEDIUM,12.458255194664714
uid___A001_X37b5_X52,21,FINE,67.29730910098374
uid___A001_X37b5_X52,23,FINE,79.76394669747381
uid___A001_X37b5_X52,25,FINE,72.86082606001176
uid___A001_X37b5_X52,27,FINE,63.91894517854178
uid___A001_X37b5_X52,29,FINE,73.17891107930838
uid___A001_X37b5_X52,31,FINE,64.55306841346496
uid___A001_X37b5_X52,33,FINE,45.7714714453125
uid___A001_X37b5_X52,35,FINE,71.75903354958304
uid___A001_X37b5_X52,37,FINE,66.38968355017838
uid___A001_X37b5_X52,39,FINE,66.7349216128669
uid___A001_X37b5_X52,41,FINE,76.59721642902115
uid___A001_X37b5_X52,43,MEDIUM,30.50225389866862
uid___A001_X37b5_X54,23,FINE,47.68220955097285
uid___A001_X37b5_X54,25,FINE,50.43712184563519
uid___A001_X37b5_X54,27,FINE,58.52811952798383
uid___A001_X37b5_X54,29,FINE,35.60415316966429
uid___A001_X37b5_X54,31,FINE,65.1785612128361
uid___A001_X37b5_X54,33,FINE,44.18733022951987
uid___A001_X37b5_X54,35,FINE,28.675403093281247
uid___A001_X37b5_X54,37,FINE,58.58125672003594
uid___A001_X37b5_X54,39,FINE,45.68301731580439
uid___A001_X37b5_X54,41,FINE,47.4083816035977
uid___A001_X37b5_X54,43,FINE,70.35688263941849
uid___A001_X37b5_X54,45,MEDIUM,12.760935343997396
uid___A001_X37b5_X57,21,FINE,71.4623576214965
uid___A001_X37b5_X57,23,FINE,81.57377452912907
uid___A001_X37b5_X57,25,FINE,95.82557540227982
uid___A001_X37b5_X57,27,FINE,71.19518737458594
uid___A001_X37b5_X57,29,FINE,80.17256859940814
uid___A001_X37b5_X57,31,FINE,64.10204356094367
uid___A001_X37b5_X57,33,FINE,50.94508672
uid___A001_X37b5_X57,35,FINE,60.85528212880509
uid___A001_X37b5_X57,37,FINE,73.0106902096277
uid___A001_X37b5_X57,39,FINE,73.76187582976179
uid___A001_X37b5_X57,41,FINE,72.56006556988987
uid___A001_X37b5_X57,43,MEDIUM,23.324346383997398
uid___A001_X37b5_X59,23,FINE,52.90541627269061
uid___A001_X37b5_X59,25,FINE,42.086117131930045
uid___A001_X37b5_X59,27,FINE,57.309457655929464
uid___A001_X37b5_X59,29,FINE,54.780813669851504
uid___A001_X37b5_X59,31,FINE,39.77727660599479
uid___A001_X37b5_X59,33,FINE,51.826078015184265
uid___A001_X37b5_X59,35,FINE,70.41088503463541
uid___A001_X37b5_X59,37,FINE,49.953668818181775
uid___A001_X37b5_X59,39,FINE,63.94934600593307
uid___A001_X37b5_X59,41,FINE,64.18388788558234
uid___A001_X37b5_X59,43,FINE,45.44690086666543
uid___A001_X37b5_X59,45,MEDIUM,56.92497235733398
uid___A001_X37b5_X5e,23,FINE,31.17111025398592
uid___A001_X37b5_X5e,25,FINE,51.85976297841892
uid___A001_X37b5_X5e,27,FINE,58.52845915425652
uid___A001_X37b5_X5e,29,FINE,90.20495325458572
uid___A001_X37b5_X5e,31,FINE,41.08979977410003
uid___A001_X37b5_X5e,33,FINE,29.561023521364092
uid___A001_X37b5_X5e,35,FINE,24.010442154635417
uid___A001_X37b5_X5e,37,FINE,78.54505920425781
uid___A001_X37b5_X5e,39,FINE,33.12976185208238
uid___A001_X37b5_X5e,41,FINE,65.46863149353862
uid___A001_X37b5_X5e,43,FINE,26.51261276788294
uid___A001_X37b5_X5e,45,MEDIUM,8.46706082133789
uid___A001_X37b5_X61,21,FINE,59.5138983988692
uid___A001_X37b5_X61,23,FINE,64.34244664100804
uid___A001_X37b5_X61,25,FINE,69.5870889070383
uid___A001_X37b5_X61,27,FINE,63.346149763264705
uid___A001_X37b5_X61,29,FINE,80.88444459996144
uid___A001_X37b5_X61,31,FINE,62.43490608221348
uid___A001_X37b5_X61,33,FINE,26.022357162656252
uid___A001_X37b5_X61,35,FINE,52.61732896654595
uid___A001_X37b5_X61,37,FINE,59.30211387552949
uid___A001_X37b5_X61,39,FINE,78.08552440701916
uid___A001_X37b5_X61,41,FINE,68.66329133794973
uid___A001_X37b5_X61,43,MEDIUM,34.39704498133464
uid___A001_X37b5_X63,23,FINE,36.711050315841234
uid___A001_X37b5_X63,25,FINE,53.73803337562819
uid___A001_X37b5_X63,27,FINE,37.692283484043095
uid___A001_X37b5_X63,29,FINE,22.68850083122929
uid___A001_X37b5_X63,31,FINE,39.150934740577355
uid___A001_X37b5_X63,33,FINE,26.591120220889913
uid___A001_X37b5_X63,35,FINE,5.4880101546354165
uid___A001_X37b5_X63,37,FINE,38.733660899359364
uid___A001_X37b5_X63,39,FINE,32.482028473981536
uid___A001_X37b5_X63,41,FINE,26.927409555173014
uid___A001_X37b5_X63,43,FINE,46.940248456196315
uid___A001_X37b5_X63,45,MEDIUM,11.357145242666016
uid___A001_X37b5_X66,21,FINE,68.38500876659808
uid___A001_X37b5_X66,23,FINE,61.60366102438982
uid___A001_X37b5_X66,25,FINE,63.92068990233072
uid___A001_X37b5_X66,27,FINE,71.1628985773821
uid___A001_X37b5_X66,29,FINE,69.80561817111554
uid___A001_X37b5_X66,31,FINE,66.79329064392671
uid___A001_X37b5_X66,33,FINE,54.29822173871528
uid___A001_X37b5_X66,35,FINE,60.71939551056028
uid___A001_X37b5_X66,37,FINE,67.02795932905804
uid___A001_X37b5_X66,39,FINE,67.71149632445369
uid___A001_X37b5_X66,41,FINE,64.59797100264808
uid___A001_X37b5_X66,43,MEDIUM,37.288268224000646
uid___A001_X37b5_X68,23,FINE,47.2369222227222
uid___A001_X37b5_X68,25,FINE,55.72694505783328
uid___A001_X37b5_X68,27,FINE,37.957775396101106
uid___A001_X37b5_X68,29,FINE,40.94091593302257
uid___A001_X37b5_X68,31,FINE,38.92704120003596
uid___A001_X37b5_X68,33,FINE,39.80704198521306
uid___A001_X37b5_X68,35,FINE,17.686082958229164
uid___A001_X37b5_X68,37,FINE,39.12162913707786
uid___A001_X37b5_X68,39,FINE,34.89573475918134
uid___A001_X37b5_X68,41,FINE,51.81317545546528
uid___A001_X37b5_X68,43,FINE,54.13470862088198
uid___A001_X37b5_X68,45,MEDIUM,11.505790979556208
uid___A001_X37b5_X6b,21,FINE,69.81894074127474
uid___A001_X37b5_X6b,23,FINE,66.37189293067219
uid___A001_X37b5_X6b,25,FINE,73.90097160440007
uid___A001_X37b5_X6b,27,FINE,69.77422645391009
uid___A001_X37b5_X6b,29,FINE,70.47265290864868
uid___A001_X37b5_X6b,31,FINE,77.49494161504565
uid___A001_X37b5_X6b,33,FINE,36.28366660270833
uid___A001_X37b5_X6b,35,FINE,64.18415600285354
uid___A001_X37b5_X6b,37,FINE,76.82190282937209
uid___A001_X37b5_X6b,39,FINE,78.7786429621205
uid___A001_X37b5_X6b,41,FINE,75.77768159762837
uid___A001_X37b5_X6b,43,MEDIUM,13.202943525332032
uid___A001_X37b5_X6d,23,FINE,40.81511490985194
uid___A001_X37b5_X6d,25,FINE,29.31723970793462
uid___A001_X37b5_X6d,27,FINE,35.363747358873084
uid___A001_X37b5_X6d,29,FINE,28.519675801855815
uid___A001_X37b5_X6d,31,FINE,37.89246660915766
uid___A001_X37b5_X6d,33,FINE,23.93482928227901
uid___A001_X37b5_X6d,35,FINE,12.078199125364582
uid___A001_X37b5_X6d,37,FINE,29.76919179164384
uid___A001_X37b5_X6d,39,FINE,28.291389874159805
uid___A001_X37b5_X6d,41,FINE,21.21825107782158
uid___A001_X37b5_X6d,43,FINE,43.52202383183133
uid___A001_X37b5_X6d,45,MEDIUM,0.8334141386621094
uid___A001_X37b5_X70,21,FINE,77.87061617436586
uid___A001_X37b5_X70,23,FINE,73.81793159000046
uid___A001_X37b5_X70,25,FINE,67.64106961826643
uid___A001_X37b5_X70,27,FINE,83.72670572659653
uid___A001_X37b5_X70,29,FINE,72.7805609125672
uid___A001_X37b5_X70,31,FINE,65.4472026903662
uid___A001_X37b5_X70,33,FINE,50.35562350937499
uid___A001_X37b5_X70,35,FINE,60.37786583224198
uid___A001_X37b5_X70,37,FINE,71.79835980930588
uid___A001_X37b5_X70,39,FINE,79.1684895841389
uid___A001_X37b5_X70,41,FINE,81.27030112397846
uid___A001_X37b5_X70,43,MEDIUM,26.15854115466797
uid___A001_X37b5_X72,23,FINE,38.99503778553651
uid___A001_X37b5_X72,25,FINE,33.14700258398488
uid___A001_X37b5_X72,27,FINE,30.989675955632766
uid___A001_X37b5_X72,29,FINE,45.68532856711337
uid___A001_X37b5_X72,31,FINE,39.022962924363306
uid___A001_X37b5_X72,33,FINE,38.40980129301123
uid___A001_X37b5_X72,35,FINE,20.556106879999998
uid___A001_X37b5_X72,37,FINE,29.654865105192197
uid___A001_X37b5_X72,39,FINE,35.70514098770678
uid___A001_X37b5_X72,41,FINE,37.18022572355113
uid___A001_X37b5_X72,43,FINE,44.03261915096708
uid___A001_X37b5_X72,45,MEDIUM,11.898348816000977
uid___A001_X37b5_Xc8,33,COARSE,69.78260261284682
uid___A001_X37b5_Xc8,35,COARSE,21.244721136485555
uid___A001_X37b5_Xc8,37,COARSE,44.88505842036518
uid___A001_X37b5_Xc8,39,COARSE,34.774545504968636
uid___A001_X37b5_Xc8,41,COARSE,57.536743555389435
uid___A001_X37b5_Xc8,43,COARSE,54.31265350254557
uid___A001_X37b5_Xc8,45,COARSE,56.15106516557646
uid___A001_X37b5_Xc8,47,COARSE,36.96185425745147
uid___A001_X37bf_X110,13,CONT,17.182806055000306
uid___A001_X37bf_X110,15,CONT,18.745389940000155
uid___A001_X37bf_X110,17,CONT,17.18277690999985
uid___A001_X37bf_X110,19,CONT,17.182772399999998
uid___A001_X37bf_X114,13,CONT,17.181472309999084
uid___A001_X37bf_X114,15,CONT,18.744071219999693
uid___A001_X37bf_X114,17,CONT,17.1813785
uid___A001_X37bf_X114,19,CONT,17.181363130000303
uid___A001_X37bf_X1b5,24,COARSE,25.56552612266683
uid___A001_X37bf_X1b5,26,COARSE,24.367468095997722
uid___A001_X37bf_X1b5,28,COARSE,45.827835306666664
uid___A001_X37bf_X1b5,30,COARSE,35.30593078399821
uid___A001_X37bf_X1b9,24,COARSE,18.429455935998533
uid___A001_X37bf_X1b9,26,COARSE,31.607816576000165
uid___A001_X37bf_X1b9,28,COARSE,25.252941733332516
uid___A001_X37bf_X1b9,30,COARSE,28.326148949335124
uid___A001_X37bf_X1bd,22,COARSE,32.078045269333494
uid___A001_X37bf_X1bd,24,COARSE,22.910656
uid___A001_X37bf_X1bd,26,COARSE,21.087517599996744
uid___A001_X37bf_X1bd,28,COARSE,34.369794559999185
uid___A001_X37bf_X1c1,22,COARSE,26.451685269332682
uid___A001_X37bf_X1c1,24,COARSE,26.34991601066569
uid___A001_X37bf_X1c1,26,COARSE,17.752853637332358
uid___A001_X37bf_X1c1,28,COARSE,24.888906677332358
uid___A001_X37bf_X1c5,24,COARSE,23.065177189333497
uid___A001_X37bf_X1c5,26,COARSE,29.524141552001954
uid___A001_X37bf_X1c5,28,COARSE,34.31618721066732
uid___A001_X37bf_X1c5,30,COARSE,36.30160651200195
uid___A001_X37bf_X1c9,24,COARSE,15.986956911999512
uid___A001_X37bf_X1c9,26,COARSE,13.548680426666667
uid___A001_X37bf_X1c9,28,COARSE,21.985379104000653
uid___A001_X37bf_X1c9,30,COARSE,29.84931668799886
uid___A001_X37bf_X1cd,24,COARSE,18.808891733334146
uid___A001_X37bf_X1cd,26,COARSE,33.7555252480013
uid___A001_X37bf_X1cd,28,COARSE,13.496636783999838
uid___A001_X37bf_X1cd,30,COARSE,15.53276062933431
uid___A001_X37bf_X1d1,24,COARSE,24.162818218667805
uid___A001_X37bf_X1d1,26,COARSE,13.901870143999837
uid___A001_X37bf_X1d1,28,COARSE,33.12150425599935
uid___A001_X37bf_X1d1,30,COARSE,24.11060794666667
uid___A001_X37bf_X1d5,24,COARSE,23.898866528000486
uid___A001_X37bf_X1d5,26,COARSE,24.90856013333333
uid___A001_X37bf_X1d5,28,COARSE,13.700237130666505
uid___A001_X37bf_X1d5,30,COARSE,30.201392746667484
uid___A001_X37bf_X1d9,24,COARSE,38.119607552000325
uid___A001_X37bf_X1d9,26,COARSE,24.767584970666505
uid___A001_X37bf_X1d9,28,COARSE,14.78412040533366
uid___A001_X37bf_X1d9,30,COARSE,49.31839226133464
uid___A001_X37bf_X1dd,24,COARSE,22.60334670933431
uid___A001_X37bf_X1dd,26,COARSE,21.978324522664387
uid___A001_X37bf_X1dd,28,COARSE,24.686592768001304
uid___A001_X37bf_X1dd,30,COARSE,50.46812566399984
uid___A001_X37bf_X1e1,24,COARSE,27.857160240000812
uid___A001_X37bf_X1e1,26,COARSE,45.56728655999837
uid___A001_X37bf_X1e1,28,COARSE,32.753356197334796
uid___A001_X37bf_X1e1,30,COARSE,17.074613162667642
uid___A001_X37bf_X1e5,24,COARSE,27.345841520000814
uid___A001_X37bf_X1e5,26,COARSE,12.242102319999185
uid___A001_X37bf_X1e5,28,COARSE,12.50239488
uid___A001_X37bf_X1e5,30,COARSE,12.554458848000488
uid___A001_X37bf_X1e9,24,COARSE,26.047325759999186
uid___A001_X37bf_X1e9,26,COARSE,24.269679114667156
uid___A001_X37bf_X1e9,28,COARSE,30.93490114133301
uid___A001_X37bf_X1e9,30,COARSE,20.89128754133382
uid___A001_X37bf_X1ed,24,COARSE,28.43134373866781
uid___A001_X37bf_X1ed,26,COARSE,25.786913999999182
uid___A001_X37bf_X1ed,28,COARSE,29.536502560000816
uid___A001_X37bf_X1ed,30,COARSE,26.00160586133301
uid___A001_X37bf_X201,24,COARSE,5.825983210666505
uid___A001_X37bf_X201,26,COARSE,52.49623270399739
uid___A001_X37bf_X201,28,COARSE,48.80486552000081
uid___A001_X37bf_X201,30,COARSE,29.820855008000493
uid___A001_X37bf_X209,24,COARSE,10.821618687999674
uid___A001_X37bf_X209,26,COARSE,35.720658453334146
uid___A001_X37bf_X209,28,COARSE,49.05565756799805
uid___A001_X37bf_X209,30,COARSE,19.572535893333335
uid___A001_X37bf_X21a,21,CONT,64.837060975
uid___A001_X37bf_X21a,23,CONT,16.390307535000613
uid___A001_X37bf_X21a,25,COARSE,66.77588152533203
uid___A001_X37bf_X21a,27,COARSE,40.401324863997395
uid___A001_X37bf_X242,24,MEDIUM,80.61549900802083
uid___A001_X37bf_X242,26,MEDIUM,78.11426176
uid___A001_X37bf_X242,28,MEDIUM,72.90328405333332
uid___A001_X37bf_X242,30,MEDIUM,76.2382970879948
uid___A001_X37bf_X242,32,MEDIUM,77.05059482132161
uid___A001_X37bf_X242,34,MEDIUM,82.08286549333658
uid___A001_X37bf_X24d,24,FINE,33.608612863984376
uid___A001_X37bf_X24d,26,FINE,69.00062003197917
uid___A001_X37bf_X24d,28,FINE,75.34603084802083
uid___A001_X37bf_X24d,30,FINE,83.68971630932292
uid___A001_X37bf_X24d,32,MEDIUM,12.605653349332682
uid___A001_X37bf_X251,24,FINE,36.339847594687505
uid___A001_X37bf_X251,26,FINE,62.48300543997396
uid___A001_X37bf_X251,28,FINE,84.15413870934896
uid___A001_X37bf_X251,30,FINE,79.93815168
uid___A001_X37bf_X251,32,MEDIUM,62.27223116267253
uid___A001_X37bf_X2a,23,CONT,15.617100340000917
uid___A001_X37bf_X2a,25,MEDIUM,43.437206874667964
uid___A001_X37bf_X2a,27,MEDIUM,27.62001892266927
uid___A001_X37bf_X2a,29,MEDIUM,28.86340257066732
uid___A001_X37bf_X2a,31,MEDIUM,37.5472055039974
uid___A001_X37bf_X2b3,24,MEDIUM,54.942794927991535
uid___A001_X37bf_X2b3,26,FINE,20.599560789322915
uid___A001_X37bf_X2b3,28,FINE,52.90495999994792
uid___A001_X37bf_X2b3,30,FINE,69.99522508803385
uid___A001_X37bf_X2b3,32,MEDIUM,40.88170320000163
uid___A001_X37bf_X2cb,24,MEDIUM,11.348287818666993
uid___A001_X37bf_X2cb,26,FINE,11.24299596799479
uid___A001_X37bf_X2cb,28,FINE,39.308330154687496
uid___A001_X37bf_X2cb,30,FINE,39.67231458132813
uid___A001_X37bf_X2cb,32,MEDIUM,11.685872336000976
uid___A001_X37bf_X30d,24,MEDIUM,11.869606592000325
uid___A001_X37bf_X30d,26,FINE,55.725980330729165
uid___A001_X37bf_X30d,28,FINE,23.568321792005207
uid___A001_X37bf_X30d,30,FINE,42.47657156266927
uid___A001_X37bf_X30d,32,MEDIUM,11.411326362667642
uid___A001_X37bf_X319,24,MEDIUM,12.574800789332683
uid___A001_X37bf_X319,26,FINE,9.412084906666667
uid___A001_X37bf_X319,28,FINE,69.87747362135417
uid___A001_X37bf_X319,30,FINE,30.658052053333336
uid___A001_X37bf_X319,32,MEDIUM,12.089012842667643
uid___A001_X37bf_X32,23,CONT,16.399455499998474
uid___A001_X37bf_X32,25,MEDIUM,28.171310202669268
uid___A001_X37bf_X32,27,MEDIUM,16.50907658666992
uid___A001_X37bf_X32,29,MEDIUM,22.908674773333335
uid___A001_X37bf_X32,31,MEDIUM,17.351762005335285
uid___A001_X37bf_X325,24,MEDIUM,12.167446949334309
uid___A001_X37bf_X325,26,FINE,21.971962624036458
uid___A001_X37bf_X325,28,FINE,22.738601813333332
uid___A001_X37bf_X325,30,FINE,49.30640614401042
uid___A001_X37bf_X325,32,MEDIUM,11.42518993066569
uid___A001_X37bf_X32b,24,MEDIUM,11.192755013331706
uid___A001_X37bf_X32b,26,FINE,79.36999833601563
uid___A001_X37bf_X32b,28,FINE,10.816824575989584
uid___A001_X37bf_X32b,30,FINE,24.93139012268229
uid___A001_X37bf_X32b,32,MEDIUM,0.9837632320003256
uid___A001_X37bf_X34,22,CONT,16.398196644999693
uid___A001_X37bf_X34,24,MEDIUM,29.902315072000324
uid___A001_X37bf_X34,26,MEDIUM,20.92739356799479
uid___A001_X37bf_X34,28,MEDIUM,33.741536639996745
uid___A001_X37bf_X34,30,MEDIUM,18.220023157333983
uid___A001_X37bf_X355,24,MEDIUM,3.4982173226660156
uid___A001_X37bf_X355,26,FINE,19.820961280026044
uid___A001_X37bf_X355,28,FINE,22.458434047994793
uid___A001_X37bf_X355,30,FINE,36.96977920005208
uid___A001_X37bf_X355,32,MEDIUM,11.661468677333984
uid___A001_X37bf_X37f,24,MEDIUM,10.914646752000326
uid___A001_X37bf_X37f,26,FINE,17.334522624010418
uid___A001_X37bf_X37f,28,FINE,72.80707968
uid___A001_X37bf_X37f,30,FINE,24.358838272005208
uid___A001_X37bf_X37f,32,MEDIUM,13.137789093334963
uid___A001_X37bf_X38b,24,MEDIUM,12.26493081066569
uid___A001_X37bf_X38b,26,FINE,21.246927701354167
uid___A001_X37bf_X38b,28,FINE,69.6290641920052
uid___A001_X37bf_X38b,30,FINE,56.192354517330735
uid___A001_X37bf_X38b,32,MEDIUM,11.421443253333333
uid___A001_X37bf_X391,24,MEDIUM,11.660636501333007
uid___A001_X37bf_X391,26,FINE,11.810073685338542
uid___A001_X37bf_X391,28,FINE,38.732135936015624
uid___A001_X37bf_X391,30,FINE,20.143967103997397
uid___A001_X37bf_X391,32,MEDIUM,11.74373445866862
uid___A001_X37bf_X3a,23,CONT,15.61496842000122
uid___A001_X37bf_X3a,25,MEDIUM,18.499748938666993
uid___A001_X37bf_X3a,27,MEDIUM,20.87734642133138
uid___A001_X37bf_X3a,29,MEDIUM,29.51612134399414
uid___A001_X37bf_X3a,31,MEDIUM,14.72511801599935
uid___A001_X37bf_X3c,22,CONT,24.9898672
uid___A001_X37bf_X3c,24,MEDIUM,29.087048447999674
uid___A001_X37bf_X3c,26,MEDIUM,9.233704277333985
uid___A001_X37bf_X3c,28,MEDIUM,36.31457312000326
uid___A001_X37bf_X3c,30,MEDIUM,20.568358506666666
uid___A001_X37bf_X42,23,CONT,14.846326214999388
uid___A001_X37bf_X42,25,MEDIUM,32.227725226666664
uid___A001_X37bf_X42,27,MEDIUM,19.583455061334636
uid___A001_X37bf_X42,29,MEDIUM,8.333498026669922
uid___A001_X37bf_X42,31,MEDIUM,33.85810741333659
uid___A001_X37bf_X44,22,CONT,54.68820644000244
uid___A001_X37bf_X44,24,MEDIUM,12.761895642669272
uid___A001_X37bf_X44,26,MEDIUM,22.810504416002605
uid___A001_X37bf_X44,28,MEDIUM,20.73627357866862
uid___A001_X37bf_X44,30,MEDIUM,33.15090529066732
uid___A001_X37bf_X4a,23,CONT,15.6162466
uid___A001_X37bf_X4a,25,MEDIUM,20.773176037332355
uid___A001_X37bf_X4a,27,MEDIUM,55.202085546673175
uid___A001_X37bf_X4a,29,MEDIUM,42.804554912001954
uid___A001_X37bf_X4a,31,MEDIUM,15.301544949335938
uid___A001_X37bf_X4c,22,CONT,16.39637443500061
uid___A001_X37bf_X4c,24,MEDIUM,36.2426113280013
uid___A001_X37bf_X4c,26,MEDIUM,14.656312522666015
uid___A001_X37bf_X4c,28,MEDIUM,15.194693759996744
uid___A001_X37bf_X4c,30,MEDIUM,28.275488842669272
uid___A001_X37bf_X4f1,24,FINE,19.149475413333334
uid___A001_X37bf_X4f1,26,FINE,37.9034097464341
uid___A001_X37bf_X4f1,28,FINE,44.95214357151457
uid___A001_X37bf_X4f1,30,FINE,35.892907263958335
uid___A001_X37bf_X4f1,32,FINE,49.9763258229103
uid___A001_X37bf_X4f1,34,FINE,42.325216661179695
uid___A001_X37bf_X4f1,36,FINE,51.40996197553036
uid___A001_X37bf_X4f1,38,FINE,71.10833808354108
uid___A001_X37bf_X4f1,40,MEDIUM,12.034745018665365
uid___A001_X37bf_X4f7,24,FINE,70.50541457067709
uid___A001_X37bf_X4f7,26,FINE,33.73335591821336
uid___A001_X37bf_X4f7,28,FINE,32.70032511973298
uid___A001_X37bf_X4f7,30,FINE,90.68891272523437
uid___A001_X37bf_X4f7,32,FINE,49.33487741022753
uid___A001_X37bf_X4f7,34,FINE,49.59589632348097
uid___A001_X37bf_X4f7,36,FINE,48.70654250109415
uid___A001_X37bf_X4f7,38,FINE,76.95585864032356
uid___A001_X37bf_X4f7,40,MEDIUM,12.22698576
uid___A001_X37bf_X4fd,24,FINE,35.22080955736979
uid___A001_X37bf_X4fd,26,FINE,46.298109526967366
uid___A001_X37bf_X4fd,28,FINE,50.20152985469453
uid___A001_X37bf_X4fd,30,FINE,65.811305130625
uid___A001_X37bf_X4fd,32,FINE,57.37661151862484
uid___A001_X37bf_X4fd,34,FINE,44.51602302632702
uid___A001_X37bf_X4fd,36,FINE,56.29971908293763
uid___A001_X37bf_X4fd,38,FINE,75.49093675440064
uid___A001_X37bf_X4fd,40,MEDIUM,12.02240545066569
uid___A001_X37bf_X503,24,FINE,45.17275818666667
uid___A001_X37bf_X503,26,FINE,63.523361345325405
uid___A001_X37bf_X503,28,FINE,34.773387286709514
uid___A001_X37bf_X503,30,FINE,57.99313894401041
uid___A001_X37bf_X503,32,FINE,45.70707327402664
uid___A001_X37bf_X503,34,FINE,64.95636876249242
uid___A001_X37bf_X503,36,FINE,77.90540415546137
uid___A001_X37bf_X503,38,FINE,86.7533708344673
uid___A001_X37bf_X503,40,MEDIUM,50.60880011199706
uid___A001_X37bf_X509,24,FINE,27.52329540268229
uid___A001_X37bf_X509,26,FINE,31.890378845574634
uid___A001_X37bf_X509,28,FINE,37.21155531811863
uid___A001_X37bf_X509,30,FINE,30.462459221354166
uid___A001_X37bf_X509,32,FINE,46.8533327758852
uid___A001_X37bf_X509,34,FINE,35.64517815877089
uid___A001_X37bf_X509,36,FINE,48.37960210805203
uid___A001_X37bf_X509,38,FINE,60.05629247462001
uid___A001_X37bf_X509,40,MEDIUM,11.603816143999024
uid___A001_X37bf_X50f,24,FINE,23.07917824
uid___A001_X37bf_X50f,26,FINE,32.378639207571624
uid___A001_X37bf_X50f,28,FINE,30.71497854722872
uid___A001_X37bf_X50f,30,FINE,31.536122624010414
uid___A001_X37bf_X50f,32,FINE,52.02003624951699
uid___A001_X37bf_X50f,34,FINE,45.09632759780045
uid___A001_X37bf_X50f,36,FINE,48.08154361041612
uid___A001_X37bf_X50f,38,FINE,61.74296580865876
uid___A001_X37bf_X50f,40,MEDIUM,2.374959722667643
uid___A001_X37bf_X515,24,FINE,29.38541107200521
uid___A001_X37bf_X515,26,FINE,45.42886909543796
uid___A001_X37bf_X515,28,FINE,40.775709375405086
uid___A001_X37bf_X515,30,FINE,66.94520789333333
uid___A001_X37bf_X515,32,FINE,52.06930528481782
uid___A001_X37bf_X515,34,FINE,41.0751908905246
uid___A001_X37bf_X515,36,FINE,48.1756494715187
uid___A001_X37bf_X515,38,FINE,84.4947675351942
uid___A001_X37bf_X515,40,MEDIUM,12.713125253333333
uid___A001_X37bf_X51b,24,FINE,68.61677149869791
uid___A001_X37bf_X51b,26,FINE,38.669586202057275
uid___A001_X37bf_X51b,28,FINE,28.624824469420616
uid___A001_X37bf_X51b,30,FINE,32.81332727466146
uid___A001_X37bf_X51b,32,FINE,25.36782253409352
uid___A001_X37bf_X51b,34,FINE,49.799601493662976
uid___A001_X37bf_X51b,36,FINE,26.507328079007124
uid___A001_X37bf_X51b,38,FINE,77.68778181314494
uid___A001_X37bf_X51b,40,MEDIUM,45.82865621333333
uid___A001_X37bf_X52,23,CONT,15.615235180000306
uid___A001_X37bf_X52,25,MEDIUM,29.586384437337237
uid___A001_X37bf_X52,27,MEDIUM,30.134179925335285
uid___A001_X37bf_X52,29,MEDIUM,22.802157792001953
uid___A001_X37bf_X52,31,MEDIUM,71.29815015465495
uid___A001_X37bf_X521,24,FINE,62.52730129065104
uid___A001_X37bf_X521,26,FINE,47.296221613890886
uid___A001_X37bf_X521,28,FINE,38.3146167341833
uid___A001_X37bf_X521,30,FINE,71.00410453330728
uid___A001_X37bf_X521,32,FINE,47.249206912655936
uid___A001_X37bf_X521,34,FINE,46.054435452298414
uid___A001_X37bf_X521,36,FINE,71.83669261935563
uid___A001_X37bf_X521,38,FINE,87.34102908508227
uid___A001_X37bf_X521,40,MEDIUM,1.8363551146663413
uid___A001_X37bf_X527,24,FINE,27.481590527994793
uid___A001_X37bf_X527,26,FINE,37.42799954946122
uid___A001_X37bf_X527,28,FINE,29.513731316303442
uid___A001_X37bf_X527,30,FINE,65.53577233065104
uid___A001_X37bf_X527,32,FINE,46.12571910339678
uid___A001_X37bf_X527,34,FINE,51.80850465408644
uid___A001_X37bf_X527,36,FINE,36.603968337947016
uid___A001_X37bf_X527,38,FINE,73.5055224272667
uid___A001_X37bf_X527,40,MEDIUM,1.3591261013330078
uid___A001_X37bf_X52d,24,FINE,30.527838805338543
uid___A001_X37bf_X52d,26,FINE,39.82412473674689
uid___A001_X37bf_X52d,28,FINE,38.72779236025261
uid___A001_X37bf_X52d,30,FINE,80.92434713598958
uid___A001_X37bf_X52d,32,FINE,53.989730142096946
uid___A001_X37bf_X52d,34,FINE,42.01069328155215
uid___A001_X37bf_X52d,36,FINE,92.80276240830942
uid___A001_X37bf_X52d,38,FINE,65.78843768449151
uid___A001_X37bf_X52d,40,MEDIUM,24.624862176000978
uid___A001_X37bf_X533,24,FINE,26.606259114661455
uid___A001_X37bf_X533,26,FINE,27.325782079343043
uid___A001_X37bf_X533,28,FINE,34.502188286101415
uid___A001_X37bf_X533,30,FINE,29.932216661328127
uid___A001_X37bf_X533,32,FINE,43.72116793929086
uid___A001_X37bf_X533,34,FINE,43.76919725294126
uid___A001_X37bf_X533,36,FINE,41.260134689997564
uid___A001_X37bf_X533,38,FINE,79.54560857977859
uid___A001_X37bf_X533,40,MEDIUM,1.1687950079996745
uid___A001_X37bf_X54,22,CONT,15.614338240000917
uid___A001_X37bf_X54,24,MEDIUM,29.36121549866374
uid___A001_X37bf_X54,26,MEDIUM,33.21830564266602
uid___A001_X37bf_X54,28,MEDIUM,14.777846890667318
uid___A001_X37bf_X54,30,MEDIUM,21.12474199466797
uid___A001_X37bf_X64c,4,CONT,14.84126643500061
uid___A001_X37bf_X64c,16,CONT,14.84126043999939
uid___A001_X37bf_X64c,22,MEDIUM,29.164185600003258
uid___A001_X37bf_X64c,24,MEDIUM,61.707516736002596
uid___A001_X37bf_X668,7,CONT,13.290695544999695
uid___A001_X37bf_X668,9,CONT,13.290570115000152
uid___A001_X37bf_X668,15,CONT,13.290719965000916
uid___A001_X37bf_X668,21,COARSE,32.663418911999514
uid___A001_X37bf_X671,7,CONT,13.290328690000152
uid___A001_X37bf_X671,9,CONT,13.290204925
uid___A001_X37bf_X671,15,CONT,13.29035366500015
uid___A001_X37bf_X671,21,COARSE,47.87914682133301
uid___A001_X37bf_X675,7,CONT,13.286823864999771
uid___A001_X37bf_X675,11,CONT,13.286773360000229
uid___A001_X37bf_X675,15,CONT,13.28684883999977
uid___A001_X37bf_X675,18,CONT,13.286797779999922
uid___A001_X37bf_X678,7,CONT,13.286802779999924
uid___A001_X37bf_X678,11,CONT,13.286752825
uid___A001_X37bf_X678,15,CONT,13.286827194999695
uid___A001_X37bf_X678,18,CONT,13.286777244999696
uid___A001_X37bf_X94,21,COARSE,19.77972037333252
uid___A001_X37bf_X94,23,COARSE,21.029878250666503
uid___A001_X37bf_X94,25,COARSE,24.780295648001303
uid___A001_X37bf_X94,27,COARSE,28.94756682666504
uid___A001_X37bf_X94,29,COARSE,nan
uid___A001_X37bf_X94,31,COARSE,nan
uid___A001_X37bf_Xc1,4,CONT,14.825326275
uid___A001_X37bf_Xc1,6,CONT,14.82529575500107
uid___A001_X37bf_Xc1,8,CONT,14.825138794999695
uid___A001_X37bf_Xc1,10,CONT,14.825108275000002
uid___A001_X37bf_Xc4,4,CONT,14.82524343500061
uid___A001_X37bf_Xc4,6,CONT,14.825212369999694
uid___A001_X37bf_Xc4,8,CONT,14.825051049999999
uid___A001_X37bf_Xc4,10,CONT,14.825019440000153
uid___A001_X37bf_Xc7,4,CONT,14.825233080000306
uid___A001_X37bf_Xc7,6,CONT,14.82520256000061
uid___A001_X37bf_Xc7,8,CONT,14.825044509999847
uid___A001_X37bf_Xc7,10,CONT,14.825013990000151
uid___A001_X37bf_Xcb,16,CONT,14.825640194999695
uid___A001_X37bf_Xcb,18,CONT,14.825624390000916
uid___A001_X37bf_Xcb,20,CONT,14.825525745001219
uid___A001_X37bf_Xcb,24,FINE,40.54672238934896
uid___A001_X37bf_Xcb,26,FINE,51.34255991466146
uid___A001_X37bf_Xcf,16,CONT,18.732479120001223
uid___A001_X37bf_Xcf,22,CONT,16.388178770001222
uid___A001_X37bf_Xcf,24,FINE,61.119922175989586
uid___A001_X37bf_Xcf,26,FINE,67.42783684270833
uid___A001_X37bf_Xcf,28,FINE,72.03392128005208
uid___A001_X37bf_Xcf,30,FINE,69.60082039463542
uid___A001_X37bf_Xf6,22,MEDIUM,67.34216806401042
uid___A001_X37bf_Xf6,24,MEDIUM,13.530574911998697
uid___A001_X37bf_Xf6,26,FINE,33.161874976528146
uid___A001_X37bf_Xf6,28,FINE,45.79553075580854
uid___A001_X37bf_Xf6,30,MEDIUM,9.606167503999838
uid___A001_X37bf_Xf6,32,MEDIUM,11.220789034667154
uid___A001_X37c7_X11,24,FINE,41.45079701266363
uid___A001_X37c7_X11,26,FINE,70.29249152639682
uid___A001_X37c7_X11,28,FINE,56.62872710088204
uid___A001_X37c7_X11,30,FINE,64.69281493952708
uid___A001_X37c7_X11,32,MEDIUM,11.958747263999022
uid___A001_X37c7_X22,23,CONT,15.623873559999085
uid___A001_X37c7_X22,25,MEDIUM,5.311159232001953
uid___A001_X37c7_X22,27,MEDIUM,12.91542946133138
uid___A001_X37c7_X22,29,MEDIUM,21.301116778658855
uid___A001_X37c7_X24,22,CONT,15.622549480001831
uid___A001_X37c7_X24,24,MEDIUM,11.522745973330078
uid___A001_X37c7_X24,26,MEDIUM,15.590249472001952
uid___A001_X37c7_X24,28,MEDIUM,21.801006933333333
uid___A001_X37c7_X2a,23,CONT,16.014955542499543
uid___A001_X37c7_X2a,25,MEDIUM,9.191922538670246
uid___A001_X37c7_X2a,27,MEDIUM,11.796110271995444
uid___A001_X37c7_X2a,29,MEDIUM,49.062220671992186
uid___A001_X37c7_X63,24,MEDIUM,16.409907200000003
uid___A001_X37c7_X63,26,MEDIUM,15.663892992005207
uid___A001_X37c7_X63,28,MEDIUM,16.72418099200521
uid___A001_X37c7_X63,30,MEDIUM,16.481222144010417
uid___A001_X37c7_X63,32,MEDIUM,7.5524034560026045
uid___A001_X37c7_X63,34,MEDIUM,8.412752
uid___A001_X37c7_X63,36,MEDIUM,14.628322154661458
uid___A001_X37c7_X63,38,MEDIUM,11.456424949332682
uid___A001_X37c7_X69,24,MEDIUM,7.927911167994791
uid___A001_X37c7_X69,26,MEDIUM,7.670238122669271
uid___A001_X37c7_X69,28,COARSE,0.9817557760001627
uid___A001_X37c7_X69,30,MEDIUM,12.733459882667644
uid___A001_X37c7_X69,32,MEDIUM,19.05250560001302
uid___A001_X37c7_X69,34,MEDIUM,20.061601450664064
uid___A001_X37c7_Xa6,25,FINE,22.41416327324734
uid___A001_X37c7_Xa6,27,FINE,25.169775471140554
uid___A001_X37c7_Xa6,29,FINE,22.12270735130535
uid___A001_X37c7_Xa6,31,FINE,30.25120780701621
uid___A001_X37c7_Xa6,33,FINE,34.946354051116415
uid___A001_X37c7_Xa6,35,FINE,33.80134826550573
uid___A001_X37c7_Xa6,37,MEDIUM,1.9880455573331708
uid___A001_X37c7_Xb7,20,MEDIUM,45.989150517332355
uid___A001_X37c7_Xb7,22,MEDIUM,39.8693032906665
uid___A001_X37c7_Xb7,24,MEDIUM,46.40572134400146
uid___A001_X37c7_Xb7,26,MEDIUM,42.49942476799886
uid___A001_X37c8_X113,5,CONT,13.286846065000152
uid___A001_X37c8_X113,7,CONT,13.28682386499939
uid___A001_X37c8_X113,9,CONT,13.28670953500061
uid___A001_X37c8_X113,11,CONT,13.286687334999847
uid___A001_X37c8_X116,5,CONT,13.286597980000305
uid___A001_X37c8_X116,7,CONT,13.286575225
uid___A001_X37c8_X116,9,CONT,13.286459230000306
uid___A001_X37c8_X116,11,CONT,13.286436474999999
uid___A001_X37c8_X144,25,FINE,41.775978516529584
uid___A001_X37c8_X144,27,FINE,71.84618509130746
uid___A001_X37c8_X144,29,FINE,43.72892148996616
uid___A001_X37c8_X144,31,FINE,45.02521529572253
uid___A001_X37c8_X144,33,FINE,45.46491608327161
uid___A001_X37c8_X144,35,FINE,79.35360908492025
uid___A001_X37c8_X144,37,FINE,53.911077963900965
uid___A001_X37c8_X144,39,FINE,53.5557400270706
uid___A001_X37c8_X144,41,FINE,19.994965589348958
uid___A001_X37c8_X144,43,FINE,36.42237525335938
uid___A001_X37c8_X144,45,MEDIUM,66.5580386880013
uid___A001_X37c8_X148,25,FINE,50.18413603490184
uid___A001_X37c8_X148,27,FINE,20.752896426666666
uid___A001_X37c8_X148,29,FINE,64.33295963050986
uid___A001_X37c8_X148,31,MEDIUM,71.46636374400065
uid___A001_X37c8_X148,33,FINE,50.5645796995274
uid___A001_X37c8_X148,35,FINE,80.70131174300565
uid___A001_X37c8_X148,37,FINE,44.06577607189192
uid___A001_X37c8_X148,39,FINE,75.80339831177719
uid___A001_X37c8_X148,41,FINE,89.5700569002181
uid___A001_X37c8_X148,43,FINE,46.10188774237871
uid___A001_X37c8_X148,45,FINE,80.42530677300905
uid___A001_X37c8_X148,47,FINE,64.9564261064018
uid___A001_X37c8_X153,21,MEDIUM,35.31401454932291
uid___A001_X37c8_X153,23,MEDIUM,48.40662297600261
uid___A001_X37c8_X153,25,MEDIUM,24.03293619199219
uid___A001_X37c8_X153,27,MEDIUM,52.48753049598959
uid___A001_X37c8_X153,29,MEDIUM,52.49052671999349
uid___A001_X37c8_X153,31,MEDIUM,61.28283187201823
uid___A001_X37c8_X153,33,MEDIUM,62.486852351992184
uid___A001_X37c8_X153,35,MEDIUM,38.565017077333984
uid___A001_X37c8_X153,37,MEDIUM,57.90880776536458
uid___A001_X37c8_X153,39,MEDIUM,31.991908437343753
uid___A001_X37c8_X153,41,MEDIUM,55.96820283734375
uid___A001_X37c8_X153,43,MEDIUM,37.58669141332031
uid___A001_X37c8_X160,17,COARSE,12.218887669332682
uid___A001_X37c8_X160,19,COARSE,22.592465237332355
uid___A001_X37c8_X160,21,COARSE,3.8748797920003257
uid___A001_X37c8_X160,23,COARSE,6.234431760000813
uid___A001_X37c8_X16a,25,MEDIUM,13.637839770667318
uid___A001_X37c8_X16a,27,FINE,52.38455433851363
uid___A001_X37c8_X16a,29,FINE,48.475694015376526
uid___A001_X37c8_X16a,31,FINE,34.16663355731771
uid___A001_X37c8_X16a,33,FINE,62.652641747089454
uid___A001_X37c8_X16a,35,MEDIUM,22.62631121066569
uid___A001_X37c8_X16c,23,CONT,13.271985384999086
uid___A001_X37c8_X16c,25,MEDIUM,19.30738537066569
uid___A001_X37c8_X16c,27,FINE,69.95840580263021
uid___A001_X37c8_X16c,29,FINE,77.8071933440625
uid___A001_X37c8_X16c,31,FINE,62.03206858070773
uid___A001_X37c8_X173,25,FINE,12.629277184010418
uid___A001_X37c8_X173,27,FINE,25.034180693333337
uid___A001_X37c8_X173,29,MEDIUM,71.50651750399739
uid___A001_X37c8_X173,31,FINE,12.5059943253125
uid___A001_X37c8_X17d,17,CONT,26.563176330000303
uid___A001_X37c8_X17d,19,CONT,46.094228860000605
uid___A001_X37c8_X17d,23,CONT,26.563018409997557
uid___A001_X37c8_X17d,25,COARSE,16.66727359999837
uid___A001_X37c8_X1de,7,CONT,13.270996929999923
uid___A001_X37c8_X1de,11,CONT,13.2709825
uid___A001_X37c8_X1de,15,CONT,13.271004145000076
uid___A001_X37c8_X1de,18,CONT,13.270989715000153
uid___A001_X37c8_X1e2,7,CONT,14.0489271
uid___A001_X37c8_X1e2,11,CONT,14.04868235
uid___A001_X37c8_X1e2,15,CONT,14.830331009999083
uid___A001_X37c8_X1e2,18,CONT,14.04871315
uid___A001_X37c8_X24a,53,MEDIUM,21.96885020266276
uid___A001_X37c8_X24a,55,MEDIUM,42.08434965334635
uid___A001_X37c8_X24a,57,MEDIUM,17.017106778665365
uid___A001_X37c8_X24a,59,MEDIUM,16.373684351998698
uid___A001_X37c8_X24a,61,MEDIUM,29.877613829335935
uid___A001_X37c8_X24a,63,MEDIUM,21.459721776009115
uid___A001_X37c8_X24a,65,MEDIUM,23.363399669322916
uid___A001_X37c8_X24a,67,MEDIUM,42.162215120006515
uid___A001_X37c8_X2c1,25,MEDIUM,18.64676515200521
uid___A001_X37c8_X2c1,27,MEDIUM,nan
uid___A001_X37c8_X2c1,29,MEDIUM,53.750498176005856
uid___A001_X37c8_X2c1,31,MEDIUM,32.70304512
uid___A001_X37c8_X319,25,MEDIUM,6.721596133333334
uid___A001_X37c8_X319,27,MEDIUM,12.705436213333332
uid___A001_X37c8_X319,29,FINE,49.86306726398438
uid___A001_X37c8_X319,31,MEDIUM,8.716141205336914
uid___A001_X37c8_X31d,25,MEDIUM,26.46000561066569
uid___A001_X37c8_X31d,27,MEDIUM,19.039996992000326
uid___A001_X37c8_X31d,29,FINE,66.16898764802085
uid___A001_X37c8_X31d,31,FINE,73.94822877867188
uid___A001_X37c8_X31d,33,MEDIUM,21.980519935996092
uid___A001_X37c8_X39a,25,MEDIUM,50.12714042933594
uid___A001_X37c8_X39a,27,MEDIUM,70.25855255466553
uid___A001_X37c8_X39a,29,MEDIUM,61.325611551999515
uid___A001_X37c8_X39a,31,MEDIUM,64.24244873600098
uid___A001_X37c8_X39f,25,MEDIUM,14.731795893331705
uid___A001_X37c8_X39f,27,MEDIUM,17.176238240003254
uid___A001_X37c8_X39f,29,MEDIUM,30.146600815996095
uid___A001_X37c8_X39f,31,MEDIUM,46.33989495466634
uid___A001_X37c8_X3a2,25,MEDIUM,89.63382547200194
uid___A001_X37c8_X3a2,27,MEDIUM,92.49883135999674
uid___A001_X37c8_X3a2,29,MEDIUM,90.67562304532552
uid___A001_X37c8_X3a2,31,MEDIUM,84.42467362133463
uid___A001_X37c8_X3a6,25,MEDIUM,13.935753258658853
uid___A001_X37c8_X3a6,27,MEDIUM,17.24440379733724
uid___A001_X37c8_X3a6,29,MEDIUM,4.349793151998698
uid___A001_X37c8_X3a6,31,MEDIUM,61.031430698671876
uid___A001_X37c8_X3a6,33,MEDIUM,13.113706474664713
uid___A001_X37c8_X3a6,35,MEDIUM,71.14808174933268
uid___A001_X37c8_X3a6,37,MEDIUM,17.407433087994793
uid___A001_X37c8_X3a6,39,MEDIUM,52.278068437330724
uid___A001_X37c8_X3a6,41,MEDIUM,62.67966786134115
uid___A001_X37c8_X3a6,43,MEDIUM,50.36560494933594
uid___A001_X37c8_X3a6,45,MEDIUM,3.5138897920052083
uid___A001_X37c8_X3a6,47,MEDIUM,26.40965503998698
uid___A001_X37c8_X3a6,49,MEDIUM,6.848066816002604
uid___A001_X37c8_X3a8,25,MEDIUM,21.33083282489149
uid___A001_X37c8_X3a8,27,MEDIUM,12.950092046226128
uid___A001_X37c8_X3a8,29,MEDIUM,10.472951253331164
uid___A001_X37c8_X3a8,31,MEDIUM,36.91655210667318
uid___A001_X37c8_X3a8,33,MEDIUM,32.78534791822157
uid___A001_X37c8_X3a8,35,MEDIUM,56.09701698133463
uid___A001_X37c8_X3a8,37,MEDIUM,26.319168711106773
uid___A001_X37c8_X3a8,39,MEDIUM,13.29545856000434
uid___A001_X37c8_X3a8,41,MEDIUM,33.78744336354384
uid___A001_X37c8_X3a8,43,MEDIUM,33.80085172621962
uid___A001_X37c8_X3a8,45,MEDIUM,11.067063310221354
uid___A001_X37c8_X3a8,47,MEDIUM,26.226791921779512
uid___A001_X37c8_X3a8,49,MEDIUM,14.725866936888021
uid___A001_X37c8_X3ab,25,MEDIUM,11.771520426663413
uid___A001_X37c8_X3ab,27,MEDIUM,13.014527893339844
uid___A001_X37c8_X3ab,29,MEDIUM,6.058362303997396
uid___A001_X37c8_X3ab,31,MEDIUM,13.11841762133789
uid___A001_X37c8_X3ab,33,MEDIUM,49.14335255465657
uid___A001_X37c8_X3ab,35,MEDIUM,2.224297589335938
uid___A001_X37c8_X3ab,37,MEDIUM,12.891753215989581
uid___A001_X37c8_X3ab,39,MEDIUM,22.753014933339845
uid___A001_X37c8_X3ab,41,MEDIUM,32.73764653866862
uid___A001_X37c8_X3ab,43,MEDIUM,30.760723903997395
uid___A001_X37c8_X3ab,45,MEDIUM,5.6613992106640625
uid___A001_X37c8_X3ab,47,MEDIUM,19.238440810651042
uid___A001_X37c8_X3ab,49,MEDIUM,10.804974186653645
uid___A001_X37c8_X3ad,25,MEDIUM,6.779874687994791
uid___A001_X37c8_X3ad,27,MEDIUM,7.522558272001953
uid___A001_X37c8_X3ad,29,MEDIUM,6.182968554667969
uid___A001_X37c8_X3ad,31,MEDIUM,8.225789482666016
uid___A001_X37c8_X3ad,33,MEDIUM,3.693691904000651
uid___A001_X37c8_X3ad,35,MEDIUM,3.760127317337239
uid___A001_X37c8_X3ad,37,MEDIUM,20.082665642669273
uid___A001_X37c8_X3ad,39,MEDIUM,6.879558015996093
uid___A001_X37c8_X3ad,41,MEDIUM,43.70578291199219
uid___A001_X37c8_X3ad,43,MEDIUM,8.195981674667967
uid___A001_X37c8_X3ad,45,MEDIUM,7.374467903997395
uid___A001_X37c8_X3ad,47,MEDIUM,10.202079786666667
uid___A001_X37c8_X3ad,49,MEDIUM,7.509698304003906
uid___A001_X37c8_X3b0,25,MEDIUM,48.95178538667317
uid___A001_X37c8_X3b0,27,MEDIUM,4.642269354674479
uid___A001_X37c8_X3b0,29,MEDIUM,4.443608661328125
uid___A001_X37c8_X3b0,31,MEDIUM,5.458126677324219
uid___A001_X37c8_X3b0,33,MEDIUM,2.2414443093359373
uid___A001_X37c8_X3b0,35,MEDIUM,2.3553590400065105
uid___A001_X37c8_X3b0,37,MEDIUM,18.297970517317708
uid___A001_X37c8_X3b0,39,MEDIUM,5.815053183997396
uid___A001_X37c8_X3b0,41,MEDIUM,63.13244753066406
uid___A001_X37c8_X3b0,43,MEDIUM,5.234620757330729
uid___A001_X37c8_X3b0,45,MEDIUM,5.034082432005208
uid___A001_X37c8_X3b0,47,MEDIUM,6.29459908266927
uid___A001_X37c8_X3b0,49,MEDIUM,5.055374421341146
uid___A001_X37c8_X3b2,25,MEDIUM,15.195388415996094
uid___A001_X37c8_X3b2,27,MEDIUM,10.022206634661458
uid___A001_X37c8_X3b2,29,MEDIUM,11.086158421334636
uid___A001_X37c8_X3b2,31,MEDIUM,9.775176533333333
uid___A001_X37c8_X3b2,33,MEDIUM,51.63485832532226
uid___A001_X37c8_X3b2,35,MEDIUM,65.9324016640039
uid___A001_X37c8_X3b2,37,MEDIUM,21.564861141315102
uid___A001_X37c8_X3b2,39,MEDIUM,9.937053567994791
uid___A001_X37c8_X3b2,41,MEDIUM,15.30607483733073
uid___A001_X37c8_X3b2,43,MEDIUM,10.452381610677083
uid___A001_X37c8_X3b2,45,MEDIUM,9.63644663467448
uid___A001_X37c8_X3b2,47,MEDIUM,9.658980821328125
uid___A001_X37c8_X3b2,49,MEDIUM,10.099907242669271
uid___A001_X37c8_X3b5,25,MEDIUM,52.07760512000651
uid___A001_X37c8_X3b5,27,MEDIUM,54.054719786647134
uid___A001_X37c8_X3b5,29,MEDIUM,76.35847906132813
uid___A001_X37c8_X3b5,31,MEDIUM,51.120759168007815
uid___A001_X37c8_X3b5,33,MEDIUM,63.64248012799154
uid___A001_X37c8_X3b5,35,MEDIUM,49.99539712
uid___A001_X37c8_X3b5,37,MEDIUM,23.73102020265625
uid___A001_X37c8_X3b5,39,MEDIUM,49.368670976002605
uid___A001_X37c8_X3b5,41,MEDIUM,66.3509767680013
uid___A001_X37c8_X3b5,43,MEDIUM,57.077933823984374
uid___A001_X37c8_X3b5,45,MEDIUM,48.80211741867188
uid___A001_X37c8_X3b5,47,MEDIUM,43.81114905598958
uid___A001_X37c8_X3b5,49,MEDIUM,52.78078417067709
uid___A001_X37c8_X3b7,25,MEDIUM,34.99006468267578
uid___A001_X37c8_X3b7,27,MEDIUM,20.03712883200521
uid___A001_X37c8_X3b7,29,MEDIUM,10.265933226666666
uid___A001_X37c8_X3b7,31,MEDIUM,75.8404446720052
uid___A001_X37c8_X3b7,33,MEDIUM,48.32562653866537
uid___A001_X37c8_X3b7,35,MEDIUM,56.35132979199544
uid___A001_X37c8_X3b7,37,MEDIUM,25.329628629335936
uid___A001_X37c8_X3b7,39,MEDIUM,57.07672968533855
uid___A001_X37c8_X3b7,41,MEDIUM,54.6943130880013
uid___A001_X37c8_X3b7,43,MEDIUM,47.908652800013016
uid___A001_X37c8_X3b7,45,MEDIUM,57.78379716266927
uid___A001_X37c8_X3b7,47,MEDIUM,36.13618619733073
uid___A001_X37c8_X3b7,49,MEDIUM,9.697822378671875
uid___A001_X37c8_X3c7,16,CONT,76.56097825
uid___A001_X37c8_X3c7,18,CONT,67.96666268999634
uid___A001_X37c8_X3c7,20,CONT,17.96335195000305
uid___A001_X37c8_X3c7,24,COARSE,56.66170461866537
uid___A001_X37c8_X3d7,12,CONT,20.329313169999693
uid___A001_X37c8_X3d7,14,CONT,20.329311894999694
uid___A001_X37c8_X3d7,16,CONT,20.32930526499939
uid___A001_X37c8_X3d7,18,CONT,20.32930398999939
uid___A001_X37c8_X3dd,13,CONT,20.329312915000152
uid___A001_X37c8_X3dd,15,CONT,20.329311384999848
uid___A001_X37c8_X3dd,17,CONT,50.01054416500015
uid___A001_X37c8_X3dd,19,CONT,21.891474000000763
uid___A001_X37c8_X3e8,12,CONT,20.304609280000303
uid___A001_X37c8_X3e8,14,CONT,20.304583269999696
uid___A001_X37c8_X3e8,16,CONT,20.304450160000613
uid___A001_X37c8_X3e8,18,CONT,35.931007650001526
uid___A001_X37c8_X3f2,5,CONT,13.290038980000304
uid___A001_X37c8_X3f2,7,CONT,13.290032875
uid___A001_X37c8_X3f2,9,CONT,13.290000684999848
uid___A001_X37c8_X3f2,11,CONT,13.289994024999999
uid___A001_X37c8_X3f9,5,CONT,15.632723080000305
uid___A001_X37c8_X3f9,7,CONT,13.28917484500122
uid___A001_X37c8_X3f9,9,CONT,24.225618569999696
uid___A001_X37c8_X3f9,11,CONT,13.289097144999696
uid___A001_X37c8_X403,25,MEDIUM,8.742036069335937
uid___A001_X37c8_X403,27,MEDIUM,12.412821418666992
uid___A001_X37c8_X403,29,MEDIUM,13.120117120001629
uid___A001_X37c8_X403,31,MEDIUM,24.389453088001304
uid___A001_X37c8_X415,16,CONT,14.836444819999695
uid___A001_X37c8_X415,18,CONT,28.11882173999939
uid___A001_X37c8_X415,20,CONT,14.836330915000914
uid___A001_X37c8_X415,22,CONT,68.74727200000001
uid___A001_X37c8_X419,16,CONT,13.27255315
uid___A001_X37c8_X419,18,CONT,13.272536500000001
uid___A001_X37c8_X419,20,CONT,13.272448255001832
uid___A001_X37c8_X419,22,CONT,13.272432159997557
uid___A001_X37c8_X41d,16,CONT,17.17985687000122
uid___A001_X37c8_X41d,18,CONT,17.17983778999939
uid___A001_X37c8_X41d,20,CONT,17.96099995
uid___A001_X37c8_X41d,22,CONT,17.960981050003053
uid___A001_X37c8_X437,17,CONT,35.94032408000031
uid___A001_X37c8_X437,19,CONT,20.316012369999694
uid___A001_X37c8_X437,25,MEDIUM,27.711457877332357
uid___A001_X37c8_X437,27,MEDIUM,50.76781409599772
uid___A001_X37c8_X454,5,CONT,13.290346449999237
uid___A001_X37c8_X454,7,CONT,13.290325915000153
uid___A001_X37c8_X454,9,CONT,13.290219909999848
uid___A001_X37c8_X454,11,CONT,13.290198820000457
uid___A001_X37c8_X46a,25,COARSE,46.66041958400065
uid___A001_X37c8_X46a,27,COARSE,51.24427729599935
uid___A001_X37c8_X46a,29,COARSE,22.07404616533366
uid___A001_X37c8_X46a,31,COARSE,33.742085621333004
uid___A001_X37c8_X46e,21,COARSE,nan
uid___A001_X37c8_X46e,23,COARSE,nan
uid___A001_X37c8_X46e,25,COARSE,10.412656773333334
uid___A001_X37c8_X46e,27,COARSE,36.2471211519987
uid___A001_X37c8_X46e,29,COARSE,23.746347807999673
uid___A001_X37c8_X46e,31,COARSE,18.329389290667315
uid___A001_X37c8_X4d5,25,FINE,90.98724309328125
uid___A001_X37c8_X4d5,27,FINE,74.98555392
uid___A001_X37c8_X4d5,29,FINE,78.30229320532553
uid___A001_X37c8_X4d5,31,MEDIUM,82.82763666666668
uid___A001_X37c8_X4d5,33,FINE,86.9192570879948
uid___A001_X37c8_X4d5,35,FINE,82.59378022398437
uid___A001_X37c8_X4d9,25,FINE,78.52642856535155
uid___A001_X37c8_X4d9,27,FINE,86.86498790401042
uid___A001_X37c8_X4d9,29,FINE,57.572327466666664
uid___A001_X37c8_X4d9,31,FINE,45.125314389375
uid___A001_X37c8_X4d9,33,FINE,63.48639999994792
uid___A001_X37c8_X4d9,35,FINE,59.45191295997396
uid___A001_X37c8_X4d9,37,MEDIUM,67.2874354986621
uid___A001_X37c8_X4e9,25,MEDIUM,12.344920970664063
uid___A001_X37c8_X4e9,27,MEDIUM,49.784134826666666
uid___A001_X37c8_X4e9,29,MEDIUM,2.253320565332031
uid___A001_X37c8_X4e9,31,MEDIUM,12.577329930667316
uid___A001_X37c8_X4ed,25,MEDIUM,12.596805146663412
uid___A001_X37c8_X4ed,27,MEDIUM,30.622618688001303
uid___A001_X37c8_X4ed,29,MEDIUM,1.2985150186686198
uid___A001_X37c8_X4ed,31,MEDIUM,11.282076693336588
uid___A001_X37c8_X72,20,CONT,49.216600775
uid___A001_X37c8_X72,22,CONT,85.1556165400009
uid___A001_X37c8_X72,24,MEDIUM,32.1377569280013
uid___A001_X37c8_X72,26,MEDIUM,35.30155839999349
uid___A001_X37c8_X72,28,MEDIUM,58.52136951466797
uid___A001_X37c8_X8e,24,MEDIUM,20.81785681066406
uid___A001_X37c8_X8e,26,MEDIUM,21.906570666666667
uid___A001_X37c8_X8e,28,MEDIUM,16.66184192001302
uid___A001_X37c8_X8e,30,MEDIUM,24.888150143997397
uid___A001_X37c8_X8e,32,MEDIUM,23.380560341315103
uid___A001_X37c8_X8e,34,MEDIUM,23.60909755733073
uid___A001_X37c8_X8e,36,MEDIUM,66.47700910933594
uid___A001_X37c8_X8e,38,MEDIUM,23.521008
uid___A001_X37c8_X8e,40,FINE,13.936310357330727
uid___A001_X37c8_X8e,42,FINE,25.760034261328123
uid___A001_X37c8_X8e,44,MEDIUM,18.546820629335937
uid___A001_X37c8_X8e,46,FINE,37.52909320532552
uid___A001_X37c8_X8e,48,FINE,22.58709764265625
uid___A001_X37c8_X8e,50,FINE,18.46642519467448
uid___A001_X37c8_X94,24,MEDIUM,22.38779392
uid___A001_X37c8_X94,26,MEDIUM,24.608428288007815
uid___A001_X37c8_X94,28,MEDIUM,17.175725226666668
uid___A001_X37c8_X94,30,MEDIUM,21.182546943997398
uid___A001_X37c8_X94,32,MEDIUM,28.893600341328124
uid___A001_X37c8_X94,34,MEDIUM,23.913310976002606
uid___A001_X37c8_X94,36,MEDIUM,10.733544063997396
uid___A001_X37c8_X94,38,MEDIUM,23.096022783997398
uid___A001_X37c8_X94,40,FINE,63.95468185602865
uid___A001_X37c8_X94,42,FINE,16.589020330677084
uid___A001_X37c8_X94,44,MEDIUM,17.242881770664063
uid___A001_X37c8_X94,46,FINE,63.329615872005206
uid___A001_X37c8_X94,48,FINE,25.076169045351566
uid___A001_X37c8_X94,50,FINE,14.29328511999349
uid___A001_X37c8_X9a,24,MEDIUM,17.789984341341146
uid___A001_X37c8_X9a,26,MEDIUM,26.795381418684894
uid___A001_X37c8_X9a,28,MEDIUM,26.968465493333333
uid___A001_X37c8_X9a,30,MEDIUM,16.285588053320314
uid___A001_X37c8_X9a,32,MEDIUM,10.454618368007813
uid___A001_X37c8_X9a,34,MEDIUM,63.50172279466146
uid___A001_X37c8_X9a,36,MEDIUM,22.193059071992188
uid___A001_X37c8_X9a,38,MEDIUM,21.325903744010414
uid___A001_X37c8_X9a,40,FINE,15.407543978671875
uid___A001_X37c8_X9a,42,FINE,24.72082052266927
uid___A001_X37c8_X9a,44,MEDIUM,17.97490613333333
uid___A001_X37c8_X9a,46,FINE,59.37069824001302
uid___A001_X37c8_X9a,48,FINE,24.05007867733073
uid___A001_X37c8_X9a,50,FINE,17.895193791998697
uid___A001_X37c8_Xa0,24,MEDIUM,25.48704832
uid___A001_X37c8_Xa0,26,MEDIUM,26.572166656002604
uid___A001_X37c8_Xa0,28,MEDIUM,43.417580501354166
uid___A001_X37c8_Xa0,30,MEDIUM,12.208350933333334
uid___A001_X37c8_Xa0,32,MEDIUM,49.514183381354165
uid___A001_X37c8_Xa0,34,MEDIUM,19.949154730677083
uid___A001_X37c8_Xa0,36,MEDIUM,23.642592127994792
uid___A001_X37c8_Xa0,38,MEDIUM,26.008728447994795
uid___A001_X37c8_Xa0,40,FINE,56.88340864
uid___A001_X37c8_Xa0,42,FINE,35.78360132268229
uid___A001_X37c8_Xa0,44,MEDIUM,59.70774818133463
uid___A001_X37c8_Xa0,46,FINE,12.868204117330729
uid___A001_X37c8_Xa0,48,FINE,24.287621290651042
uid___A001_X37c8_Xa0,50,FINE,11.762449791992188
uid___A001_X37c8_Xa6,24,MEDIUM,21.943690581341148
uid___A001_X37c8_Xa6,26,MEDIUM,25.117526698671877
uid___A001_X37c8_Xa6,28,MEDIUM,10.182517589335937
uid___A001_X37c8_Xa6,30,MEDIUM,15.75327547733073
uid___A001_X37c8_Xa6,32,MEDIUM,24.39933875200521
uid___A001_X37c8_Xa6,34,MEDIUM,67.75687931733073
uid___A001_X37c8_Xa6,36,MEDIUM,22.28340416
uid___A001_X37c8_Xa6,38,MEDIUM,21.309554517330728
uid___A001_X37c8_Xa6,40,FINE,57.18327398398437
uid___A001_X37c8_Xa6,42,FINE,16.770938709335937
uid___A001_X37c8_Xa6,44,MEDIUM,16.96944119466797
uid___A001_X37c8_Xa6,46,FINE,16.869643648007813
uid___A001_X37c8_Xa6,48,FINE,26.450963797343753
uid___A001_X37c8_Xa6,50,FINE,11.469968938665364
uid___A001_X37c8_Xac,24,MEDIUM,24.749443754661456
uid___A001_X37c8_Xac,26,MEDIUM,19.06839150933594
uid___A001_X37c8_Xac,28,MEDIUM,10.383808597330729
uid___A001_X37c8_Xac,30,MEDIUM,37.83154513066406
uid___A001_X37c8_Xac,32,MEDIUM,23.873006165351562
uid___A001_X37c8_Xac,34,MEDIUM,18.84605239466146
uid___A001_X37c8_Xac,36,MEDIUM,16.444562432018227
uid___A001_X37c8_Xac,38,MEDIUM,23.59632042666667
uid___A001_X37c8_Xac,40,FINE,41.660876800000004
uid___A001_X37c8_Xac,42,FINE,21.656553941328124
uid___A001_X37c8_Xac,44,MEDIUM,42.175020501334636
uid___A001_X37c8_Xac,46,FINE,22.171762645325522
uid___A001_X37c8_Xac,48,FINE,12.228849493333334
uid___A001_X37c8_Xac,50,FINE,17.402667498665362
uid___A001_X37c8_Xb2,24,MEDIUM,22.852439551979167
uid___A001_X37c8_Xb2,26,MEDIUM,22.27283622401042
uid___A001_X37c8_Xb2,28,MEDIUM,25.884429909322915
uid___A001_X37c8_Xb2,30,MEDIUM,21.87104755200521
uid___A001_X37c8_Xb2,32,MEDIUM,26.66124125865885
uid___A001_X37c8_Xb2,34,MEDIUM,22.305090730677083
uid___A001_X37c8_Xb2,36,MEDIUM,14.154172415989583
uid___A001_X37c8_Xb2,38,MEDIUM,23.779602133320314
uid___A001_X37c8_Xb2,40,FINE,15.61272063998698
uid___A001_X37c8_Xb2,42,FINE,16.106544853333332
uid___A001_X37c8_Xb2,44,MEDIUM,23.248454229335938
uid___A001_X37c8_Xb2,46,FINE,15.46006907734375
uid___A001_X37c8_Xb2,48,FINE,66.34936243199219
uid___A001_X37c8_Xb2,50,FINE,13.376331584010417
uid___A001_X37c8_Xb8,24,MEDIUM,9.714128170664063
uid___A001_X37c8_Xb8,26,MEDIUM,18.950628096002603
uid___A001_X37c8_Xb8,28,MEDIUM,23.370676992005208
uid___A001_X37c8_Xb8,30,MEDIUM,19.779036928007812
uid___A001_X37c8_Xb8,32,MEDIUM,24.767036330664062
uid___A001_X37c8_Xb8,34,MEDIUM,8.84506176
uid___A001_X37c8_Xb8,36,MEDIUM,21.50875259733073
uid___A001_X37c8_Xb8,38,MEDIUM,21.047337855989586
uid___A001_X37c8_Xb8,40,FINE,9.301673728007813
uid___A001_X37c8_Xb8,42,FINE,21.133803946679688
uid___A001_X37c8_Xb8,44,MEDIUM,67.12523281066406
uid___A001_X37c8_Xb8,46,FINE,17.98934404266927
uid___A001_X37c8_Xb8,48,FINE,10.85188744533854
uid___A001_X37c8_Xb8,50,FINE,15.882418090664064
uid___A001_X37c8_Xbe,24,MEDIUM,22.61555383467448
uid___A001_X37c8_Xbe,26,MEDIUM,21.93701892265625
uid___A001_X37c8_Xbe,28,MEDIUM,19.91739477333333
uid___A001_X37c8_Xbe,30,MEDIUM,13.84579003733073
uid___A001_X37c8_Xbe,32,MEDIUM,23.61021376
uid___A001_X37c8_Xbe,34,MEDIUM,20.920611754661458
uid___A001_X37c8_Xbe,36,MEDIUM,21.808076629335936
uid___A001_X37c8_Xbe,38,MEDIUM,24.165238186666667
uid___A001_X37c8_Xbe,40,FINE,16.94943313066406
uid___A001_X37c8_Xbe,42,FINE,49.50737962666666
uid___A001_X37c8_Xbe,44,MEDIUM,16.98226496
uid___A001_X37c8_Xbe,46,FINE,46.572245973294265
uid___A001_X37c8_Xbe,48,FINE,12.699843242669271
uid___A001_X37c8_Xbe,50,FINE,16.78879701332682
uid___A001_X37c8_Xc4,24,MEDIUM,18.927806421315104
uid___A001_X37c8_Xc4,26,MEDIUM,48.64214284799479
uid___A001_X37c8_Xc4,28,MEDIUM,18.414596991992187
uid___A001_X37c8_Xc4,30,MEDIUM,12.75069243734375
uid___A001_X37c8_Xc4,32,MEDIUM,21.573706581328125
uid___A001_X37c8_Xc4,34,MEDIUM,19.816636074635415
uid___A001_X37c8_Xc4,36,MEDIUM,17.389803648007813
uid___A001_X37c8_Xc4,38,MEDIUM,20.974030890664064
uid___A001_X37c8_Xc4,40,FINE,81.45709900798177
uid___A001_X37c8_Xc4,42,FINE,18.381841791992187
uid___A001_X37c8_Xc4,44,MEDIUM,15.277505343997397
uid___A001_X37c8_Xc4,46,FINE,18.65440755200521
uid___A001_X37c8_Xc4,48,FINE,14.530139477330728
uid___A001_X37c8_Xc4,50,FINE,14.754432938665365
uid___A001_X37c8_Xda,16,CONT,15.614746480000305
uid___A001_X37c8_Xda,22,CONT,15.614565580000306
uid___A001_X37c8_Xda,24,MEDIUM,6.395964463999023
uid___A001_X37c8_Xda,26,MEDIUM,36.6940607306608
uid___A001_X37dc_X100,17,CONT,39.05652891999893
uid___A001_X37dc_X100,19,CONT,14.835448017500305
uid___A001_X37dc_X100,25,COARSE,29.158548826666664
uid___A001_X37dc_X100,27,COARSE,52.49463638400228
uid___A001_X37dc_X104,7,CONT,33.199599367499545
uid___A001_X37dc_X104,16,CONT,23.433454359999846
uid___A001_X37dc_X104,23,COARSE,45.41299148266764
uid___A001_X37dc_X104,25,COARSE,42.49604820799967
uid___A001_X37dc_X108,7,CONT,14.8397592375
uid___A001_X37dc_X108,16,CONT,23.433940140000153
uid___A001_X37dc_X108,23,COARSE,35.828669418670245
uid___A001_X37dc_X108,25,COARSE,47.496094911998696
uid___A001_X37dc_X10c,7,CONT,14.836235178333027
uid___A001_X37dc_X10c,16,CONT,19.524141923332724
uid___A001_X37dc_X10c,23,COARSE,62.496053287115885
uid___A001_X37dc_X10c,25,COARSE,46.10552532622396
uid___A001_X37dc_X110,17,CONT,38.28458882500077
uid___A001_X37dc_X110,19,CONT,14.848235895000455
uid___A001_X37dc_X110,25,COARSE,38.33554548800293
uid___A001_X37dc_X110,27,COARSE,47.501910336000975
uid___A001_X37dc_X120,17,CONT,20.69356169499893
uid___A001_X37dc_X120,19,CONT,14.833419525
uid___A001_X37dc_X120,25,COARSE,45.825481882664384
uid___A001_X37dc_X120,27,COARSE,38.324228464000655
uid___A001_X37dc_X124,7,CONT,15.228702592499543
uid___A001_X37dc_X124,16,CONT,35.93317134500046
uid___A001_X37dc_X124,23,COARSE,60.83003474133138
uid___A001_X37dc_X124,25,COARSE,38.32812914666667
uid___A001_X37dc_X12e,7,CONT,13.275082840000914
uid___A001_X37dc_X12e,16,CONT,27.33859826500091
uid___A001_X37dc_X12e,23,COARSE,24.993068800003254
uid___A001_X37dc_X12e,25,COARSE,67.49699065600261
uid___A001_X37dc_X144,25,COARSE,4.986959616000163
uid___A001_X37dc_X144,27,COARSE,47.07605538133382
uid___A001_X37dc_X144,29,COARSE,34.157517834666336
uid___A001_X37dc_X144,31,COARSE,25.406281802667642
uid___A001_X37dc_X154,25,COARSE,18.321870207999673
uid___A001_X37dc_X154,27,COARSE,31.24032792
uid___A001_X37dc_X154,29,COARSE,22.905686053334147
uid___A001_X37dc_X154,31,COARSE,68.32881305600016
uid___A001_X37dc_X168,25,MEDIUM,27.97506255999756
uid___A001_X37dc_X168,27,MEDIUM,59.58337945598308
uid___A001_X37dc_X168,29,MEDIUM,53.44355234132813
uid___A001_X37dc_X168,31,MEDIUM,32.45374939733154
uid___A001_X37dc_X168,33,MEDIUM,16.79643093332682
uid___A001_X37dc_X168,35,MEDIUM,57.45028138666667
uid___A001_X37dc_X16e,25,MEDIUM,35.75490225066732
uid___A001_X37dc_X16e,27,MEDIUM,59.05390890666666
uid___A001_X37dc_X16e,29,MEDIUM,37.35048183466146
uid___A001_X37dc_X16e,31,MEDIUM,54.58782600533447
uid___A001_X37dc_X16e,33,MEDIUM,18.07949371733073
uid___A001_X37dc_X16e,35,MEDIUM,74.16721757866537
uid___A001_X37dc_X174,25,MEDIUM,89.06354848000163
uid___A001_X37dc_X174,27,MEDIUM,84.37436160003256
uid___A001_X37dc_X174,29,MEDIUM,33.343422549329425
uid___A001_X37dc_X174,31,MEDIUM,84.16808652799887
uid___A001_X37dc_X174,33,MEDIUM,24.085503231998697
uid___A001_X37dc_X174,35,MEDIUM,57.03171797333333
uid___A001_X37dc_X29,21,COARSE,1.7592814986665852
uid___A001_X37dc_X29,23,COARSE,10.442546405334067
uid___A001_X37dc_X29,25,COARSE,0.7129191253336589
uid___A001_X37dc_X29,27,COARSE,3.24526037333374
uid___A001_X37dc_X2d,21,COARSE,3.6400693333337406
uid___A001_X37dc_X2d,23,COARSE,0.7231890773335775
uid___A001_X37dc_X2d,25,COARSE,12.390525322666422
uid___A001_X37dc_X2d,27,COARSE,1.2439827253336588
uid___A001_X37dc_X2f,21,COARSE,0.68552464
uid___A001_X37dc_X2f,23,COARSE,2.8728376000004068
uid___A001_X37dc_X2f,25,COARSE,4.539351984000244
uid___A001_X37dc_X2f,27,COARSE,0.6855144693334961
uid___A001_X37dc_X89,15,CONT,17.18928901499977
uid___A001_X37dc_X89,17,CONT,17.189282124999618
uid___A001_X37dc_X89,19,CONT,17.189274969999698
uid___A001_X37dc_X89,21,CONT,17.18926781499977
uid___A001_X37dc_X8d,15,CONT,17.18543087999954
uid___A001_X37dc_X8d,17,CONT,17.185427700000382
uid___A001_X37dc_X8d,19,CONT,17.185424255000306
uid___A001_X37dc_X8d,21,CONT,17.185421075
uid___A001_X37dc_X95,15,CONT,17.191690180000304
uid___A001_X37dc_X95,17,CONT,17.191684879999926
uid___A001_X37dc_X95,19,CONT,17.191679580000304
uid___A001_X37dc_X95,21,CONT,17.191674280000306
uid___A001_X37dc_X99,15,CONT,17.190607920000076
uid___A001_X37dc_X99,17,CONT,17.190604474999997
uid___A001_X37dc_X99,19,CONT,17.190601029999925
uid___A001_X37dc_X99,21,CONT,17.19059757999954
uid___A001_X37dc_X9d,13,CONT,17.195609530000304
uid___A001_X37dc_X9d,15,CONT,17.19560343499985
uid___A001_X37dc_X9d,17,CONT,17.195572165000154
uid___A001_X37dc_X9d,19,CONT,17.195566069999696
uid___A001_X37dc_Xa1,13,CONT,17.180931179999543
uid___A001_X37dc_Xa1,15,CONT,17.18092720499954
uid___A001_X37dc_Xa1,17,CONT,17.18090679999924
uid___A001_X37dc_Xa1,19,CONT,17.180902829999543
uid___A001_X37dc_Xa5,13,CONT,17.961980070000457
uid___A001_X37dc_Xa5,15,CONT,27.337753165000535
uid___A001_X37dc_Xa5,17,CONT,35.150886315000534
uid___A001_X37dc_Xa5,19,CONT,17.180640209999847
uid___A001_X37dc_Xa9,13,CONT,18.7433076
uid___A001_X37dc_Xa9,15,CONT,18.743303695000456
uid___A001_X37dc_Xa9,17,CONT,17.180654520000456
uid___A001_X37dc_Xa9,19,CONT,17.180650544999697
uid___A001_X37dc_Xad,13,CONT,17.180589065000152
uid___A001_X37dc_Xad,15,CONT,17.180584825
uid___A001_X37dc_Xad,17,CONT,17.180564155000305
uid___A001_X37dc_Xad,19,CONT,17.180559915000153
uid___A001_X37dc_Xc5,13,CONT,17.189652330000303
uid___A001_X37dc_Xc5,15,CONT,18.75210912000046
uid___A001_X37dc_Xc5,17,CONT,17.18963563499985
uid___A001_X37dc_Xc5,19,CONT,73.43818416499938
uid___A001_X37dc_Xc9,13,CONT,17.19815856499939
uid___A001_X37dc_Xc9,15,CONT,18.76045173999939
uid___A001_X37dc_Xc9,17,CONT,31.25881891999817
uid___A001_X37dc_Xc9,19,CONT,17.198117225
uid___A001_X37dc_Xcd,13,CONT,17.18511686000061
uid___A001_X37dc_Xcd,15,CONT,31.248017799998472
uid___A001_X37dc_Xcd,17,CONT,70.31163578499756
uid___A001_X37dc_Xcd,19,CONT,17.18508478999939
uid___A001_X37dc_Xd1,13,CONT,48.43703024499893
uid___A001_X37dc_Xd1,15,CONT,17.186742630000303
uid___A001_X37dc_Xd1,17,CONT,18.749241840000916
uid___A001_X37dc_Xd1,19,CONT,32.81187069499817
uid___A001_X37fb_X19f,23,COARSE,50.412582586666666
uid___A001_X37fb_X19f,25,COARSE,79.99834367999999
uid___A001_X37fb_X19f,27,COARSE,86.66552883200846
uid___A001_X37fb_X19f,29,COARSE,30.410694746666667
uid___A001_X37fb_X1a1,25,COARSE,74.99770688000001
uid___A001_X37fb_X1a1,27,COARSE,61.66314711466797
uid___A001_X37fb_X1a1,29,COARSE,77.08121722666667
uid___A001_X37fb_X1a1,31,COARSE,29.16011872
uid___A001_X37fb_X1a5,25,COARSE,61.663618645328775
uid___A001_X37fb_X1a5,27,COARSE,67.91409917866862
uid___A001_X37fb_X1a5,29,COARSE,82.49855385599284
uid___A001_X37fb_X1a5,31,COARSE,69.9975063039974
uid___A001_X37fb_X1a9,25,COARSE,16.239600527998046
uid___A001_X37fb_X1a9,27,COARSE,20.823460426666667
uid___A001_X37fb_X1a9,29,COARSE,82.08104619200195
uid___A001_X37fb_X1a9,31,COARSE,42.90934611733398
uid___A001_X37fb_X1b6,23,COARSE,17.292314570664065
uid___A001_X37fb_X1b6,25,COARSE,28.95887711466797
uid___A001_X37fb_X1b6,27,COARSE,28.333814015999348
uid___A001_X37fb_X1b6,29,COARSE,5.208952133334961
uid___A001_X37fb_X1c3,37,FINE,76.38316006398438
uid___A001_X37fb_X1c3,39,MEDIUM,82.76195956267253
uid___A001_X37fb_X1c3,41,MEDIUM,80.05384397869466
uid___A001_X37fb_X1c3,43,MEDIUM,83.88161797332032
uid___A001_X37fb_X1c6,37,FINE,79.5634382559961
uid___A001_X37fb_X1c6,39,MEDIUM,72.76148845733317
uid___A001_X37fb_X1c6,41,MEDIUM,78.04878680666585
uid___A001_X37fb_X1c6,43,MEDIUM,86.0213169880013
uid___A001_X37fb_X22,17,CONT,15.620685400001527
uid___A001_X37fb_X22,23,CONT,17.964387249999998
uid___A001_X37fb_X22,25,FINE,26.418744661328127
uid___A001_X37fb_X22,27,FINE,37.67323067734375
uid___A001_X37fb_X25b,24,FINE,58.58995115532502
uid___A001_X37fb_X25b,26,MEDIUM,27.718381008001302
uid___A001_X37fb_X25b,28,MEDIUM,66.5952775520052
uid___A001_X37fb_X25b,30,FINE,66.77594899119019
uid___A001_X37fb_X281,5,CONT,13.272168534997558
uid___A001_X37fb_X281,7,CONT,13.272145779998779
uid___A001_X37fb_X281,9,CONT,13.272027564999389
uid___A001_X37fb_X281,11,CONT,13.272004254998778
uid___A001_X37fb_X284,21,CONT,13.271060754998778
uid___A001_X37fb_X284,23,CONT,13.27103189499817
uid___A001_X37fb_X284,25,CONT,13.2708826
uid___A001_X37fb_X284,27,CONT,13.270853739999389
uid___A001_X37fb_X287,5,CONT,13.27315310500183
uid___A001_X37fb_X287,7,CONT,13.2731359
uid___A001_X37fb_X287,9,CONT,13.273046544998168
uid___A001_X37fb_X287,11,CONT,13.27302933999939
uid___A001_X37fb_X2b4,25,COARSE,3.649688991998698
uid___A001_X37fb_X2b4,27,FINE,60.84835153211503
uid___A001_X37fb_X2b4,29,FINE,63.69042014683106
uid___A001_X37fb_X2b4,31,FINE,62.854874406548845
uid___A001_X37fb_X2b8,25,FINE,42.74244408103105
uid___A001_X37fb_X2b8,27,FINE,40.317324358539466
uid___A001_X37fb_X2b8,29,FINE,41.36001710080624
uid___A001_X37fb_X2b8,31,COARSE,47.07952130133464
uid___A001_X37fb_X2ba,25,FINE,55.41119538249869
uid___A001_X37fb_X2ba,27,FINE,60.51960685253965
uid___A001_X37fb_X2ba,29,FINE,62.596123480735045
uid___A001_X37fb_X2ba,31,COARSE,17.227675690670573
uid___A001_X37fb_X2c3,5,CONT,13.290872034999849
uid___A001_X37fb_X2c3,7,CONT,13.290864265000152
uid___A001_X37fb_X2c3,9,CONT,13.290825970000459
uid___A001_X37fb_X2c3,11,CONT,13.290818755000306
uid___A001_X37fb_X2c6,5,CONT,13.289485644999695
uid___A001_X37fb_X2c6,7,CONT,13.289477875
uid___A001_X37fb_X2c6,9,CONT,13.289437360000612
uid___A001_X37fb_X2c6,11,CONT,13.289429034999847
uid___A001_X37fb_X2ca,5,CONT,13.28971264000244
uid___A001_X37fb_X2ca,7,CONT,13.289697655000305
uid___A001_X37fb_X2ca,9,CONT,13.289619400001525
uid___A001_X37fb_X2ca,11,CONT,13.28960441499939
uid___A001_X37fb_X2cd,5,CONT,24.224921619999694
uid___A001_X37fb_X2cd,7,CONT,19.537788955000305
uid___A001_X37fb_X2cd,9,CONT,13.28821691499939
uid___A001_X37fb_X2cd,11,CONT,13.288201375
uid___A001_X37fb_X2fd,25,MEDIUM,0.5224829599999999
uid___A001_X37fb_X2fd,27,MEDIUM,12.625186922656251
uid___A001_X37fb_X2fd,29,MEDIUM,13.298210048001302
uid___A001_X37fb_X2fd,31,FINE,43.84031675734375
uid___A001_X37fb_X301,25,MEDIUM,31.30068147733236
uid___A001_X37fb_X301,27,MEDIUM,59.10879605332682
uid___A001_X37fb_X301,29,MEDIUM,25.94190997333333
uid___A001_X37fb_X301,31,FINE,36.33514350934896
uid___A001_X37fb_X388,13,CONT,54.686669004999544
uid___A001_X37fb_X388,15,CONT,17.185955579999543
uid___A001_X37fb_X388,17,CONT,17.185823345000458
uid___A001_X37fb_X388,19,CONT,17.185797640000917
uid___A001_X37fb_X38b,13,CONT,17.183141545000456
uid___A001_X37fb_X38b,15,CONT,17.183116369999695
uid___A001_X37fb_X38b,17,CONT,51.559860039998625
uid___A001_X37fb_X38b,19,CONT,17.182961344999693
uid___A001_X37fb_X3f,25,COARSE,27.600118954665525
uid___A001_X37fb_X3f,27,COARSE,9.746106837333171
uid___A001_X37fb_X3f,29,COARSE,5.752887749333496
uid___A001_X37fb_X3f,31,COARSE,11.235320426666668
uid___A001_X37fb_X3fc,25,MEDIUM,6.445680975999349
uid___A001_X37fb_X3fc,27,MEDIUM,12.340905104000651
uid___A001_X37fb_X3fc,29,FINE,43.74933597859375
uid___A001_X37fb_X3fc,31,MEDIUM,24.832691792000325
uid___A001_X37fb_X402,25,MEDIUM,6.384760810667317
uid___A001_X37fb_X402,27,MEDIUM,12.540588848002928
uid___A001_X37fb_X402,29,FINE,72.72065937067708
uid___A001_X37fb_X402,31,MEDIUM,27.63952806400065
uid___A001_X37fb_X408,25,MEDIUM,12.386641024000651
uid___A001_X37fb_X408,27,MEDIUM,6.6333635253352865
uid___A001_X37fb_X408,29,FINE,28.261142784010417
uid___A001_X37fb_X408,31,MEDIUM,15.801497423999022
uid___A001_X37fb_X411,17,COARSE,nan
uid___A001_X37fb_X411,19,COARSE,nan
uid___A001_X37fb_X411,21,COARSE,nan
uid___A001_X37fb_X411,23,COARSE,nan
uid___A001_X37fb_X411,45,MEDIUM,39.024723386660156
uid___A001_X37fb_X411,47,MEDIUM,45.7303436480013
uid___A001_X37fb_X411,49,MEDIUM,11.825005423997396
uid___A001_X37fb_X411,51,MEDIUM,27.53608455998698
uid___A001_X37fb_X411,53,MEDIUM,48.80328513068359
uid___A001_X37fb_X411,55,MEDIUM,15.933731616002605
uid___A001_X37fb_X411,57,MEDIUM,29.665581685332032
uid___A001_X37fb_X411,59,MEDIUM,31.45977710932943
uid___A001_X37fb_X41a,17,CONT,16.40031363999939
uid___A001_X37fb_X41a,19,CONT,21.08811217999878
uid___A001_X37fb_X41a,21,CONT,32.02622705499878
uid___A001_X37fb_X41a,25,MEDIUM,80.4672468
uid___A001_X37fb_X43,25,MEDIUM,5.083036538665365
uid___A001_X37fb_X43,27,MEDIUM,12.436074202669271
uid___A001_X37fb_X43,29,MEDIUM,48.05553198401042
uid___A001_X37fb_X43,31,MEDIUM,37.390102282666014
uid___A001_X37fb_X485,22,CONT,15.633046000001528
uid___A001_X37fb_X485,24,MEDIUM,12.866620533333334
uid___A001_X37fb_X485,26,MEDIUM,15.740614122669271
uid___A001_X37fb_X485,28,MEDIUM,20.625233066666667
uid___A001_X37fb_X52,22,COARSE,71.82094960533325
uid___A001_X37fb_X52,24,MEDIUM,65.31238782943166
uid___A001_X37fb_X52,26,MEDIUM,58.84520205209425
uid___A001_X37fb_X52,28,MEDIUM,91.14338974432043
uid___A001_X37fb_X52,30,MEDIUM,62.07392727557425
uid___A001_X37fb_X52,32,COARSE,91.4056092000004
uid___A001_X37fb_X7,25,FINE,76.34662161067708
uid___A001_X37fb_X7,27,FINE,60.416530076644335
uid___A001_X37fb_X7,29,FINE,43.70798958251555
uid___A001_X37fb_X7,31,MEDIUM,6.315915455992839
uid___A001_X37fb_X7,33,FINE,28.397172226496366
uid___A001_X37fb_X7,35,FINE,46.05078506603841
uid___A001_X37fb_X96,7,CONT,13.284891909999846
uid___A001_X37fb_X96,11,CONT,20.315781854999923
uid___A001_X37fb_X96,15,CONT,13.284910224999999
uid___A001_X37fb_X96,18,CONT,13.284872485000228
uid___A001_X37fb_X9a,7,CONT,13.283438365000153
uid___A001_X37fb_X9a,11,CONT,13.283376760000229
uid___A001_X37fb_X9a,15,CONT,13.28346833500023
uid___A001_X37fb_X9a,18,CONT,13.283406729999925
uid___A001_X37fb_Xa0,5,CONT,14.846683734999846
uid___A001_X37fb_Xa0,7,CONT,14.846660845000459
uid___A001_X37fb_Xa0,9,CONT,21.096338629999543
uid___A001_X37fb_Xa0,11,CONT,14.846520779999542
uid___A001_X37fb_Xb,25,FINE,75.24474103468751
uid___A001_X37fb_Xb,27,FINE,73.91854940283784
uid___A001_X37fb_Xb,29,FINE,70.77367076375928
uid___A001_X37fb_Xb,31,MEDIUM,25.575230672001954
uid___A001_X37fb_Xb,33,FINE,59.65329591189582
uid___A001_X37fb_Xb,35,FINE,70.56894330116839
uid___A001_X3819_X101,21,FINE,31.857113892580518
uid___A001_X3819_X101,23,FINE,31.009982455466012
uid___A001_X3819_X101,25,FINE,19.95965329066406
uid___A001_X3819_X101,27,FINE,59.42439746188396
uid___A001_X3819_X101,29,FINE,80.09611102196963
uid___A001_X3819_X101,31,MEDIUM,38.232506799998376
uid___A001_X3819_X101,33,MEDIUM,12.541474581333823
uid___A001_X3819_X155,22,MEDIUM,36.74359157422485
uid___A001_X3819_X155,24,MEDIUM,33.62779003910698
uid___A001_X3819_X155,26,MEDIUM,38.01395607111003
uid___A001_X3819_X155,28,MEDIUM,49.48489527822482
uid___A001_X3819_X155,30,MEDIUM,24.66492242133355
uid___A001_X3819_X155,32,MEDIUM,58.52227940977539
uid___A001_X3819_X177,25,MEDIUM,61.48962938668294
uid___A001_X3819_X177,27,FINE,55.11773606400391
uid___A001_X3819_X177,29,FINE,16.10023768533854
uid___A001_X3819_X177,31,MEDIUM,11.99762092266276
uid___A001_X3819_X180,25,MEDIUM,72.93061973333333
uid___A001_X3819_X180,27,FINE,15.539965749335938
uid___A001_X3819_X180,29,FINE,14.910219413333333
uid___A001_X3819_X180,31,MEDIUM,13.339824309339193
uid___A001_X3819_X189,25,MEDIUM,82.65550105600911
uid___A001_X3819_X189,27,FINE,57.62356446932942
uid___A001_X3819_X189,29,FINE,51.144788890660806
uid___A001_X3819_X189,31,MEDIUM,58.535704506668296
uid___A001_X3819_X19b,25,MEDIUM,61.639030096009115
uid___A001_X3819_X19b,27,FINE,11.834926581328125
uid___A001_X3819_X19b,29,FINE,42.76833385599609
uid___A001_X3819_X19b,31,MEDIUM,12.491587413333333
uid___A001_X3819_X1e3,14,CONT,18.75535053999939
uid___A001_X3819_X1e3,16,CONT,18.755318819999694
uid___A001_X3819_X1e3,18,CONT,18.75509808000183
uid___A001_X3819_X1e3,20,CONT,56.25272804000091
uid___A001_X3819_X1e6,14,CONT,28.12963128000183
uid___A001_X3819_X1e6,16,CONT,18.755203380000303
uid___A001_X3819_X1e6,18,CONT,18.754978480000307
uid___A001_X3819_X1e6,20,CONT,18.754946500001527
uid___A001_X3819_X1e9,14,CONT,18.75508793999939
uid___A001_X3819_X1e9,16,CONT,20.31745821999817
uid___A001_X3819_X1e9,18,CONT,18.754827944999693
uid___A001_X3819_X1e9,20,CONT,18.754795439999388
uid___A001_X3819_X1ef,14,CONT,18.754113980000305
uid___A001_X3819_X1ef,16,CONT,18.75407966000061
uid___A001_X3819_X1ef,18,CONT,18.7538389
uid___A001_X3819_X1ef,20,CONT,18.753804319999695
uid___A001_X3819_X1f2,14,CONT,18.7536283
uid___A001_X3819_X1f2,16,CONT,18.753593459999085
uid___A001_X3819_X1f2,18,CONT,18.753348019999695
uid___A001_X3819_X1f2,20,CONT,18.753313180001832
uid___A001_X3819_X1f5,14,CONT,18.753027179998778
uid___A001_X3819_X1f5,16,CONT,59.376495909999086
uid___A001_X3819_X1f5,18,CONT,18.75274403999939
uid___A001_X3819_X1f5,20,CONT,18.752708680000303
uid___A001_X3819_X27,21,FINE,54.83499773017694
uid___A001_X3819_X27,23,FINE,56.00133077328125
uid___A001_X3819_X27,25,FINE,51.306109098645834
uid___A001_X3819_X27,27,FINE,73.43386569914294
uid___A001_X3819_X27,29,MEDIUM,37.82035158400716
uid___A001_X3819_X6c,21,COARSE,26.2550976
uid___A001_X3819_X6c,23,COARSE,15.005844735999348
uid___A001_X3819_X6c,25,COARSE,9.174377471999511
uid___A001_X3819_X6c,27,COARSE,49.16995643733236
uid___A001_X3827_X102,23,FINE,54.4224266666862
uid___A001_X3827_X102,25,FINE,76.66410973868814
uid___A001_X3827_X102,27,FINE,70.88201536
uid___A001_X3827_X102,29,FINE,63.79790197333984
uid___A001_X3827_X1de,5,CONT,13.284279190000154
uid___A001_X3827_X1de,7,CONT,13.28425310499878
uid___A001_X3827_X1de,9,CONT,13.284118794999694
uid___A001_X3827_X1de,11,CONT,13.284092155000305
uid___A001_X3827_X248,7,CONT,14.061404399999999
uid___A001_X3827_X248,9,CONT,47.5
uid___A001_X3827_X248,15,CONT,13.28014943500061
uid___A001_X3827_X248,21,COARSE,56.61396347200033
uid___A001_X3827_X24b,7,CONT,30.780029555000304
uid___A001_X3827_X24b,9,CONT,58.28000124999924
uid___A001_X3827_X24b,15,CONT,13.280035105000303
uid___A001_X3827_X24b,21,COARSE,41.76994139733317
uid___A001_X3827_X24e,7,CONT,13.279985155000304
uid___A001_X3827_X24e,9,CONT,44.5299574050003
uid___A001_X3827_X24e,15,CONT,13.279990705000305
uid___A001_X3827_X24e,21,COARSE,39.99905177600016
uid___A001_X3827_X257,7,CONT,13.279567795000457
uid___A001_X3827_X257,9,CONT,39.842564200000005
uid___A001_X3827_X257,15,CONT,24.217284815000152
uid___A001_X3827_X257,21,COARSE,32.34236169599935
uid___A001_X3827_X25b,7,CONT,14.05778815
uid___A001_X3827_X25b,16,CONT,13.276499754999543
uid___A001_X3827_X25b,19,CONT,25.777161675
uid___A001_X3827_X25b,23,COARSE,44.16353954133219
uid___A001_X3827_X25e,7,CONT,13.276402630000305
uid___A001_X3827_X25e,16,CONT,28.902279670000457
uid___A001_X3827_X25e,19,CONT,13.276378765000151
uid___A001_X3827_X25e,23,COARSE,36.03801988266927
uid___A001_X3827_X261,7,CONT,13.276324929999541
uid___A001_X3827_X261,16,CONT,14.057624245000458
uid___A001_X3827_X261,19,CONT,13.276301064999391
uid___A001_X3827_X261,23,COARSE,25.951180432000324
uid___A001_X3827_X29a,25,FINE,59.55209100622609
uid___A001_X3827_X29a,27,FINE,68.15372923418231
uid___A001_X3827_X29a,29,COARSE,64.47886658666829
uid___A001_X3827_X29a,31,COARSE,64.37467167999999
uid___A001_X3827_X2e3,13,CONT,20.30424616000061
uid___A001_X3827_X2e3,15,CONT,20.30421683500061
uid___A001_X3827_X2e3,17,CONT,57.80803514500123
uid___A001_X3827_X2e3,19,CONT,20.30403706000061
uid___A001_X3827_X2e7,13,CONT,48.43511658000488
uid___A001_X3827_X2e7,15,CONT,18.746192560000612
uid___A001_X3827_X2e7,17,CONT,18.7459284
uid___A001_X3827_X2e7,19,CONT,18.74587692000122
uid___A001_X3827_X2eb,13,CONT,18.74526306000061
uid___A001_X3827_X2eb,15,CONT,18.745230039999388
uid___A001_X3827_X2eb,17,CONT,18.745060259997558
uid___A001_X3827_X2eb,19,CONT,18.74502723999939
uid___A001_X3827_X3c9,4,CONT,17.9605201
uid___A001_X3827_X3c9,6,CONT,37.4937336
uid___A001_X3827_X3c9,8,CONT,17.9605033
uid___A001_X3827_X3c9,10,CONT,17.96050067500305
uid___A001_X3827_X3cc,4,CONT,14.838117970001221
uid___A001_X3827_X3cc,6,CONT,14.838115244998168
uid___A001_X3827_X3cc,8,CONT,14.83809889499817
uid___A001_X3827_X3cc,10,CONT,14.838096170001222
uid___A001_X3827_X3cf,4,CONT,16.39796338500061
uid___A001_X3827_X3cf,6,CONT,34.36849251999817
uid___A001_X3827_X3cf,8,CONT,16.39794733500061
uid___A001_X3827_X3cf,10,CONT,16.39794466000061
uid___A001_X3827_X3d2,4,CONT,14.837618205001831
uid___A001_X3827_X3d2,6,CONT,13.27501124500122
uid___A001_X3827_X3d2,8,CONT,14.837600765002442
uid___A001_X3827_X3d2,10,CONT,14.83759749499817
uid___A001_X3827_X3d5,4,CONT,15.61721373999939
uid___A001_X3827_X3d5,6,CONT,31.24365344000244
uid___A001_X3827_X3d5,8,CONT,15.61719645999756
uid___A001_X3827_X3d5,10,CONT,16.398515504998777
uid___A001_X3827_X3d8,4,CONT,14.83652983999939
uid___A001_X3827_X3d8,6,CONT,14.83652711499939
uid___A001_X3827_X3d8,8,CONT,14.836514035000611
uid___A001_X3827_X3d8,10,CONT,15.617820160000612
uid___A001_X3827_X3de,4,CONT,14.836497139999388
uid___A001_X3827_X3de,6,CONT,13.273867945001221
uid___A001_X3827_X3de,8,CONT,14.836485150000001
uid___A001_X3827_X3de,10,CONT,14.83648351499939
uid___A001_X3827_X3e1,4,CONT,17.18250368999939
uid___A001_X3827_X3e1,6,CONT,40.62141622000428
uid___A001_X3827_X3e1,8,CONT,17.182488319998168
uid___A001_X3827_X3e1,10,CONT,17.963783499999998
uid___A001_X3827_X3e4,4,CONT,14.83745143499756
uid___A001_X3827_X3e4,6,CONT,14.83744925500183
uid___A001_X3827_X3e4,8,CONT,15.61874517999878
uid___A001_X3827_X3e4,10,CONT,15.618742480001831
uid___A001_X3827_X3e7,4,CONT,16.40324490499878
uid___A001_X3827_X3e7,6,CONT,37.497752
uid___A001_X3827_X3e7,8,CONT,13.27813201000061
uid___A001_X3827_X3e7,10,CONT,13.278130345001221
uid___A001_X3827_X3ea,4,CONT,17.96470645
uid___A001_X3827_X3ea,6,CONT,17.964704349999998
uid___A001_X3827_X3ea,8,CONT,17.96469332500305
uid___A001_X3827_X3ea,10,CONT,17.96469122500305
uid___A001_X3827_X3ed,4,CONT,16.405166625
uid___A001_X3827_X3ed,6,CONT,37.4991884
uid___A001_X3827_X3ed,8,CONT,16.40515378500061
uid___A001_X3827_X3ed,10,CONT,13.28012335
uid___A001_X3827_X3f0,4,CONT,13.28070110500183
uid___A001_X3827_X3f0,6,CONT,14.061954400000001
uid___A001_X3827_X3f0,8,CONT,13.280692779998779
uid___A001_X3827_X3f0,10,CONT,13.280691669998168
uid___A001_X3827_X3f3,4,CONT,13.2816829
uid___A001_X3827_X3f3,6,CONT,13.281680125003051
uid___A001_X3827_X3f3,8,CONT,13.281665140002442
uid___A001_X3827_X3f3,10,CONT,13.281662364999388
uid___A001_X3827_X3f6,4,CONT,13.284921879998778
uid___A001_X3827_X3f6,6,CONT,13.28491965999756
uid___A001_X3827_X3f6,8,CONT,13.28490800499878
uid___A001_X3827_X3f6,10,CONT,13.28490578500061
uid___A001_X3827_X406,4,CONT,13.272956635001373
uid___A001_X3827_X406,6,CONT,18.742228079998778
uid___A001_X3827_X406,8,CONT,13.272948309999085
uid___A001_X3827_X406,10,CONT,31.243417599998473
uid___A001_X3827_X409,4,CONT,13.275902579999544
uid___A001_X3827_X409,6,CONT,13.275900354998779
uid___A001_X3827_X409,8,CONT,13.275888144999696
uid___A001_X3827_X409,10,CONT,13.275885925
uid___A001_X3827_X40c,4,CONT,13.272976615000154
uid___A001_X3827_X40c,6,CONT,13.272974950001526
uid___A001_X3827_X40c,8,CONT,13.272966624999999
uid___A001_X3827_X40c,10,CONT,15.616938880000305
uid___A001_X3827_X40f,4,CONT,13.275354790000915
uid___A001_X3827_X40f,6,CONT,13.275353124998473
uid___A001_X3827_X40f,8,CONT,13.275342019999695
uid___A001_X3827_X40f,10,CONT,13.275340360000609
uid___A001_X3827_X412,4,CONT,13.27370866000061
uid___A001_X3827_X412,6,CONT,13.27370755
uid___A001_X3827_X412,8,CONT,13.273701444999695
uid___A001_X3827_X412,10,CONT,13.273700334999084
uid___A001_X3827_X415,4,CONT,13.274347464999389
uid___A001_X3827_X415,6,CONT,13.274345799998475
uid___A001_X3827_X415,8,CONT,13.274335254998778
uid___A001_X3827_X415,10,CONT,13.27433303500061
uid___A001_X3827_X418,4,CONT,14.056050150000763
uid___A001_X3827_X418,6,CONT,13.27474040499878
uid___A001_X3827_X418,8,CONT,13.274736519999694
uid___A001_X3827_X418,10,CONT,13.27473541000061
uid___A001_X3827_X41b,4,CONT,13.274093275000002
uid___A001_X3827_X41b,6,CONT,13.274091609999083
uid___A001_X3827_X41b,8,CONT,13.274083284999087
uid___A001_X3827_X41b,10,CONT,13.274081619999695
uid___A001_X3827_X41e,4,CONT,13.276386539999391
uid___A001_X3827_X41e,6,CONT,13.276385430000307
uid___A001_X3827_X41e,8,CONT,13.27637876499939
uid___A001_X3827_X41e,10,CONT,14.838963809999084
uid___A001_X3827_X421,4,CONT,13.275150550000001
uid___A001_X3827_X421,6,CONT,13.27514888500061
uid___A001_X3827_X421,8,CONT,13.275140559999086
uid___A001_X3827_X421,10,CONT,13.275138894999694
uid___A001_X3827_X424,4,CONT,13.278340134999084
uid___A001_X3827_X424,6,CONT,13.278339025
uid___A001_X3827_X424,8,CONT,13.278332919999695
uid___A001_X3827_X424,10,CONT,13.27833181000061
uid___A001_X3827_X427,4,CONT,13.277279530000305
uid___A001_X3827_X427,6,CONT,13.277277865000917
uid___A001_X3827_X427,8,CONT,13.27727009500122
uid___A001_X3827_X427,10,CONT,13.277268429998779
uid___A001_X3827_X42a,4,CONT,13.280404179999541
uid___A001_X3827_X42a,6,CONT,13.280402515000917
uid___A001_X3827_X42a,8,CONT,13.280396409999085
uid___A001_X3827_X42a,10,CONT,13.2803953
uid___A001_X3827_X42d,4,CONT,13.280844850000001
uid___A001_X3827_X42d,6,CONT,13.280843740000916
uid___A001_X3827_X42d,8,CONT,13.280837635000612
uid___A001_X3827_X42d,10,CONT,13.280836525
uid___A001_X3827_X430,4,CONT,13.282060300000001
uid___A001_X3827_X430,6,CONT,13.282059190000917
uid___A001_X3827_X430,8,CONT,13.282050865000915
uid___A001_X3827_X430,10,CONT,13.282049200000001
uid___A001_X3827_X433,4,CONT,13.285173850000762
uid___A001_X3827_X433,6,CONT,13.28517218500061
uid___A001_X3827_X433,8,CONT,13.28516386000061
uid___A001_X3827_X433,10,CONT,13.285162194999694
uid___A001_X3827_X443,6,CONT,14.83566219999962
uid___A001_X3827_X443,10,CONT,14.835658930000307
uid___A001_X3827_X443,14,CONT,14.835663834999465
uid___A001_X3827_X443,17,CONT,14.835660565000152
uid___A001_X3827_X446,6,CONT,13.275835975
uid___A001_X3827_X446,10,CONT,13.275830979999922
uid___A001_X3827_X446,14,CONT,13.275838195000075
uid___A001_X3827_X446,17,CONT,13.275833200000001
uid___A001_X3827_X449,6,CONT,13.273345134999847
uid___A001_X3827_X449,10,CONT,13.273342359999848
uid___A001_X3827_X449,14,CONT,13.273346799999999
uid___A001_X3827_X449,17,CONT,13.273344025
uid___A001_X3827_X44c,6,CONT,13.27523102500038
uid___A001_X3827_X44c,10,CONT,13.275226029999923
uid___A001_X3827_X44c,14,CONT,13.275233245000075
uid___A001_X3827_X44c,17,CONT,13.275228250000001
uid___A001_X3827_X44f,6,CONT,14.05540555
uid___A001_X3827_X44f,10,CONT,13.274088834999848
uid___A001_X3827_X44f,14,CONT,13.274092165000154
uid___A001_X3827_X44f,17,CONT,13.274089945000075
uid___A001_X3827_X452,6,CONT,13.274281975
uid___A001_X3827_X452,10,CONT,13.274277535000229
uid___A001_X3827_X452,14,CONT,13.274284195000078
uid___A001_X3827_X452,17,CONT,13.274279755000304
uid___A001_X3827_X455,6,CONT,13.274814220000074
uid___A001_X3827_X455,10,CONT,13.274811999999619
uid___A001_X3827_X455,14,CONT,13.274815884999846
uid___A001_X3827_X455,17,CONT,13.274813109999847
uid___A001_X3827_X458,6,CONT,13.274155990000153
uid___A001_X3827_X458,10,CONT,13.274152659999846
uid___A001_X3827_X458,14,CONT,13.274157654999923
uid___A001_X3827_X458,17,CONT,13.274154325000001
uid___A001_X3827_X45b,6,CONT,13.276458130000304
uid___A001_X3827_X45b,10,CONT,13.276455354999925
uid___A001_X3827_X45b,14,CONT,13.276459240000152
uid___A001_X3827_X45b,17,CONT,13.276456465000152
uid___A001_X3827_X45e,6,CONT,13.275204384999848
uid___A001_X3827_X45e,10,CONT,13.2752005
uid___A001_X3827_X45e,14,CONT,13.27520605
uid___A001_X3827_X45e,17,CONT,13.275202164999772
uid___A001_X3827_X461,6,CONT,13.278410065000152
uid___A001_X3827_X461,10,CONT,13.278407844999695
uid___A001_X3827_X461,14,CONT,13.278411175000382
uid___A001_X3827_X461,17,CONT,13.278408955000307
uid___A001_X3827_X464,6,CONT,13.277282859999847
uid___A001_X3827_X464,10,CONT,13.277280084999848
uid___A001_X3827_X464,14,CONT,13.277283969999695
uid___A001_X3827_X464,17,CONT,13.277281194999697
uid___A001_X3827_X467,6,CONT,13.280459125
uid___A001_X3827_X467,10,CONT,13.28045635
uid___A001_X3827_X467,14,CONT,13.28046023500023
uid___A001_X3827_X467,17,CONT,13.280457459999848
uid___A001_X3827_X46a,6,CONT,13.2808948
uid___A001_X3827_X46a,10,CONT,13.280892580000305
uid___A001_X3827_X46a,14,CONT,13.280896465000152
uid___A001_X3827_X46a,17,CONT,13.280893690000154
uid___A001_X3827_X46d,6,CONT,14.0633756
uid___A001_X3827_X46d,10,CONT,13.282130230000305
uid___A001_X3827_X46d,14,CONT,13.28213522499962
uid___A001_X3827_X46d,17,CONT,13.282131895000077
uid___A001_X3827_X470,6,CONT,13.28539585
uid___A001_X3827_X470,10,CONT,13.285391964999771
uid___A001_X3827_X470,14,CONT,13.285397515000152
uid___A001_X3827_X470,17,CONT,13.285393629999923
uid___A001_X3827_X4d8,25,MEDIUM,27.808774981334633
uid___A001_X3827_X4d8,27,MEDIUM,49.63279196266927
uid___A001_X3827_X4d8,29,FINE,67.99710779734374
uid___A001_X3827_X4d8,31,FINE,59.84896930140625
uid___A001_X3827_X4d8,33,FINE,74.97832985598959
uid___A001_X3827_X4d8,35,FINE,62.46588893864583
uid___A001_X3827_X6,17,CONT,14.068418550001526
uid___A001_X3827_X6,19,CONT,14.849574414999388
uid___A001_X3827_X6,21,CONT,46.87847140000152
uid___A001_X3827_X6,25,COARSE,40.371162272000326
uid___A001_X3827_X6e,7,CONT,13.273830204999923
uid___A001_X3827_X6e,11,CONT,13.273820770000079
uid___A001_X3827_X6e,15,CONT,13.273834644999694
uid___A001_X3827_X6e,18,CONT,13.273825209999849
uid___A001_X3827_X72,7,CONT,13.272073629999923
uid___A001_X3827_X72,11,CONT,13.272054205000305
uid___A001_X3827_X72,15,CONT,13.272083065000153
uid___A001_X3827_X72,18,CONT,13.272063640000153
uid___A001_X3827_X76,7,CONT,13.273423390000152
uid___A001_X3827_X76,11,CONT,13.273401190000152
uid___A001_X3827_X76,15,CONT,13.273433935000229
uid___A001_X3827_X76,18,CONT,13.273411734999849
uid___A001_X3827_X7e,7,CONT,13.286198934999845
uid___A001_X3827_X7e,11,CONT,13.286168965000153
uid___A001_X3827_X7e,15,CONT,13.286213365000151
uid___A001_X3827_X7e,18,CONT,13.28618395
uid___A001_X3827_X82,7,CONT,13.274441814999772
uid___A001_X3827_X82,11,CONT,13.274419060000229
uid___A001_X3827_X82,15,CONT,13.27445291499977
uid___A001_X3827_X82,18,CONT,13.274430159999847
uid___A001_X3827_X86,7,CONT,13.28849275
uid___A001_X3827_X86,11,CONT,13.288452234999848
uid___A001_X3827_X86,15,CONT,13.288513285000228
uid___A001_X3827_X86,18,CONT,13.288472215000152
uid___A001_X3827_X96,7,CONT,13.288075390000154
uid___A001_X3827_X96,11,CONT,13.288053189999772
uid___A001_X3827_X96,15,CONT,14.06927490000038
uid___A001_X3827_X96,18,CONT,13.288064290000154
uid___A001_X3827_X9a,7,CONT,13.272142449999999
uid___A001_X3827_X9a,11,CONT,13.272135790000153
uid___A001_X3827_X9a,15,CONT,13.272145780000304
uid___A001_X3827_X9a,18,CONT,13.272139120000077
uid___A001_X3827_X9e,7,CONT,13.277548150000381
uid___A001_X3827_X9e,11,CONT,13.277542044999697
uid___A001_X3827_X9e,15,CONT,13.277551480000305
uid___A001_X3827_X9e,18,CONT,13.277544820000076
uid___A001_X3827_Xa2,7,CONT,13.273573795000077
uid___A001_X3827_Xa2,11,CONT,13.273566579999924
uid___A001_X3827_Xa2,15,CONT,13.273577120000077
uid___A001_X3827_Xa2,18,CONT,13.273569909999846
uid___A001_X3827_Xa6,7,CONT,13.278167530000303
uid___A001_X3827_Xa6,11,CONT,13.278151990000154
uid___A001_X3827_Xa6,15,CONT,13.278175300000001
uid___A001_X3827_Xa6,18,CONT,13.278159759999847
uid___A001_X3827_Xaa,7,CONT,13.277312830000303
uid___A001_X3827_Xaa,11,CONT,13.277302284999848
uid___A001_X3827_Xaa,15,CONT,13.277317825000381
uid___A001_X3827_Xaa,18,CONT,13.277307280000306
uid___A001_X3827_Xae,7,CONT,14.05489679999962
uid___A001_X3827_Xae,11,CONT,14.0548528
uid___A001_X3827_Xae,15,CONT,14.836237719999696
uid___A001_X3827_Xae,18,CONT,14.836193575000001
uid___A001_X3827_Xba,7,CONT,13.276746730000305
uid___A001_X3827_Xba,11,CONT,13.276684570000077
uid___A001_X3827_Xba,15,CONT,13.276776700000381
uid___A001_X3827_Xba,18,CONT,13.276715094999695
uid___A001_X3827_Xbe,7,CONT,13.274992380000306
uid___A001_X3827_Xbe,11,CONT,13.274981830000304
uid___A001_X3827_Xbe,15,CONT,13.274997370000078
uid___A001_X3827_Xbe,18,CONT,13.274987379999923
uid___A001_X3827_Xc6,7,CONT,13.271942649999998
uid___A001_X3827_Xc6,11,CONT,13.271933770000077
uid___A001_X3827_Xc6,15,CONT,13.271946534999465
uid___A001_X3827_Xc6,18,CONT,13.271938210000227
uid___A001_X3827_Xca,7,CONT,13.275379765000153
uid___A001_X3827_Xca,11,CONT,13.275370885000228
uid___A001_X3827_Xca,15,CONT,13.275384204999924
uid___A001_X3827_Xca,18,CONT,13.275375324999999
uid___A001_X3827_Xce,7,CONT,14.836722229999925
uid___A001_X3827_Xce,11,CONT,15.617985399999618
uid___A001_X3827_Xce,15,CONT,14.83674783999977
uid___A001_X3827_Xce,18,CONT,15.618010779999924
uid___A001_X3827_Xd2,7,CONT,13.277175745000457
uid___A001_X3827_Xd2,11,CONT,13.277121355000304
uid___A001_X3827_Xd2,15,CONT,13.277202385000228
uid___A001_X3827_Xd2,18,CONT,13.277147995000076
uid___A001_X3827_Xee,23,FINE,46.23860940799154
uid___A001_X3827_Xee,25,FINE,39.20572857599935
uid___A001_X3827_Xee,27,FINE,80.20367743996745
uid___A001_X3827_Xee,29,FINE,53.481972693320316
uid___A001_X3827_Xf2,23,FINE,40.09169919998372
uid___A001_X3827_Xf2,25,FINE,30.12598227200846
uid___A001_X3827_Xf2,27,FINE,53.291685248007816
uid___A001_X3827_Xf2,29,FINE,56.056393152005214
uid___A001_X3827_Xfa,23,FINE,57.12712379733399
uid___A001_X3827_Xfa,25,FINE,44.08598005333334
uid___A001_X3827_Xfa,27,FINE,57.02239197866537
uid___A001_X3827_Xfa,29,FINE,53.80034434132162
uid___A001_X3832_X61,17,MEDIUM,60.725158474661455
uid___A001_X3832_X61,19,MEDIUM,10.92841088
uid___A001_X3832_X61,21,MEDIUM,10.719727311998698
uid___A001_X3832_X61,23,MEDIUM,1.81247032
uid___A001_X3832_X65,16,MEDIUM,3.3145701173307294
uid___A001_X3832_X65,18,MEDIUM,0.9314131199967448
uid___A001_X3832_X65,20,MEDIUM,4.734071829329427
uid___A001_X3832_X65,22,MEDIUM,3.2257235146647134
uid___A001_X3835_X10,20,COARSE,35.30672056
uid___A001_X3835_X10,22,COARSE,65.62191472000163
uid___A001_X3835_X10,24,COARSE,11.970991573333334
uid___A001_X3835_X10,26,COARSE,39.57769418666667
uid___A001_X3835_X132,5,CONT,13.283422825000763
uid___A001_X3835_X132,7,CONT,13.28338841499939
uid___A001_X3835_X132,9,CONT,26.56416145
uid___A001_X3835_X132,11,CONT,13.283177515000153
uid___A001_X3835_X14,20,COARSE,9.158332671998698
uid___A001_X3835_X14,22,COARSE,63.9550098880013
uid___A001_X3835_X14,24,COARSE,67.70525482666993
uid___A001_X3835_X14,26,COARSE,20.617396256000976
uid___A001_X3835_X14e,24,MEDIUM,11.821213103999023
uid___A001_X3835_X14e,26,MEDIUM,12.732670640001627
uid___A001_X3835_X14e,28,FINE,53.57881147736979
uid___A001_X3835_X14e,30,FINE,56.90037870932292
uid___A001_X3835_X14e,32,FINE,52.120932095963546
uid___A001_X3835_X14e,34,MEDIUM,19.138826719999997
uid___A001_X3835_X151,24,MEDIUM,13.748032255999348
uid___A001_X3835_X151,26,MEDIUM,6.924925856000977
uid___A001_X3835_X151,28,FINE,65.81015756804688
uid___A001_X3835_X151,30,FINE,44.54603878401041
uid___A001_X3835_X151,32,FINE,59.809057322708334
uid___A001_X3835_X151,34,MEDIUM,22.862581157332357
uid___A001_X3835_X154,24,MEDIUM,8.643939263994142
uid___A001_X3835_X154,26,MEDIUM,9.294956911998698
uid___A001_X3835_X154,28,FINE,44.13128908804688
uid___A001_X3835_X154,30,FINE,45.361003434635414
uid___A001_X3835_X154,32,FINE,66.1873908906901
uid___A001_X3835_X154,34,MEDIUM,21.821064272000328
uid___A001_X3835_X157,24,MEDIUM,10.855544149329427
uid___A001_X3835_X157,26,MEDIUM,4.920015008001302
uid___A001_X3835_X157,28,FINE,44.68722517333333
uid___A001_X3835_X157,30,FINE,48.945353642734375
uid___A001_X3835_X157,32,FINE,51.131294719973965
uid___A001_X3835_X157,34,MEDIUM,22.175783600000003
uid___A001_X3835_X15a,24,MEDIUM,10.258463269332681
uid___A001_X3835_X15a,26,MEDIUM,6.404176575999348
uid___A001_X3835_X15a,28,FINE,29.175298218671873
uid___A001_X3835_X15a,30,FINE,53.03122577067708
uid___A001_X3835_X15a,32,FINE,62.17507430404948
uid___A001_X3835_X15a,34,MEDIUM,23.25329462400228
uid___A001_X3835_X15d,24,MEDIUM,11.07501341866862
uid___A001_X3835_X15d,26,MEDIUM,12.31624748266276
uid___A001_X3835_X15d,28,FINE,27.15821269330729
uid___A001_X3835_X15d,30,FINE,66.75084526934896
uid___A001_X3835_X15d,32,FINE,66.13590186665364
uid___A001_X3835_X15d,34,MEDIUM,23.045397519999998
uid___A001_X3835_X160,24,MEDIUM,15.336799946666666
uid___A001_X3835_X160,26,MEDIUM,9.529373786661784
uid___A001_X3835_X160,28,FINE,57.405346474609374
uid___A001_X3835_X160,30,FINE,50.40671086940104
uid___A001_X3835_X160,32,FINE,52.17205171200521
uid___A001_X3835_X160,34,MEDIUM,23.409642527999676
uid___A001_X3835_X166,24,FINE,61.109469439947915
uid___A001_X3835_X166,26,FINE,60.555288021302076
uid___A001_X3835_X166,28,FINE,58.636671850703124
uid___A001_X3835_X166,30,FINE,53.771112149375
uid___A001_X3835_X166,32,FINE,67.36545254401042
uid___A001_X3835_X166,34,FINE,64.13336098140626
uid___A001_X3835_X166,36,FINE,14.67784395733073
uid___A001_X3835_X18,20,COARSE,21.24263353599935
uid___A001_X3835_X18,22,COARSE,51.55794921066732
uid___A001_X3835_X18,24,COARSE,66.38741515200358
uid___A001_X3835_X18,26,COARSE,48.536647626671545
uid___A001_X3835_X1c5,25,COARSE,64.58082504000163
uid___A001_X3835_X1c5,27,COARSE,65.41420986666667
uid___A001_X3835_X1c5,29,COARSE,19.57752583466634
uid___A001_X3835_X1c5,31,COARSE,39.1622601919987
uid___A001_X3835_X1d9,24,FINE,5.420392021302083
uid___A001_X3835_X1d9,26,FINE,8.665526784010416
uid___A001_X3835_X1d9,28,FINE,5.552132949322917
uid___A001_X3835_X1d9,30,FINE,13.37317469859375
uid___A001_X3835_X1d9,32,FINE,27.328442837317706
uid___A001_X3835_X1d9,34,MEDIUM,61.613973978658855
uid___A001_X3835_X1dc,24,FINE,17.833193045312502
uid___A001_X3835_X1dc,26,FINE,5.968048554635417
uid___A001_X3835_X1dc,28,FINE,16.820763050729166
uid___A001_X3835_X1dc,30,FINE,5.987602944010416
uid___A001_X3835_X1dc,32,FINE,25.9667808
uid___A001_X3835_X1dc,34,MEDIUM,1.248007295999349
uid___A001_X3835_X1df,24,FINE,13.144216917343751
uid___A001_X3835_X1df,26,FINE,48.07758865072917
uid___A001_X3835_X1df,28,FINE,14.12257757859375
uid___A001_X3835_X1df,30,FINE,7.877359786666667
uid___A001_X3835_X1df,32,FINE,28.729614293359372
uid___A001_X3835_X1df,34,MEDIUM,12.49892736
uid___A001_X3835_X1e2,24,FINE,22.264327594635418
uid___A001_X3835_X1e2,26,FINE,10.419948885312499
uid___A001_X3835_X1e2,28,FINE,11.264913749322917
uid___A001_X3835_X1e2,30,FINE,10.756339711979166
uid___A001_X3835_X1e2,32,FINE,37.79976904533854
uid___A001_X3835_X1e2,34,MEDIUM,11.875138309335938
uid___A001_X3835_X1e5,24,FINE,12.031138645364583
uid___A001_X3835_X1e5,26,FINE,12.696386474635416
uid___A001_X3835_X1e5,28,FINE,12.418996650677084
uid___A001_X3835_X1e5,30,FINE,24.521068629270832
uid___A001_X3835_X1e5,32,FINE,30.508290303984374
uid___A001_X3835_X1e5,34,MEDIUM,1.0473352266666667
uid___A001_X3835_X1e8,24,FINE,20.118644991979167
uid___A001_X3835_X1e8,26,FINE,21.856803157343748
uid___A001_X3835_X1e8,28,FINE,20.25146564265625
uid___A001_X3835_X1e8,30,FINE,51.32517068802084
uid___A001_X3835_X1e8,32,FINE,30.149821824010413
uid___A001_X3835_X1e8,34,MEDIUM,11.886909951998698
uid___A001_X3835_X1eb,24,FINE,22.975070719999998
uid___A001_X3835_X1eb,26,FINE,26.909654442760417
uid___A001_X3835_X1eb,28,FINE,22.288394069322916
uid___A001_X3835_X1eb,30,FINE,69.522557610625
uid___A001_X3835_X1eb,32,FINE,25.143003562630206
uid___A001_X3835_X1eb,34,MEDIUM,1.7068229066666667
uid___A001_X3835_X1ee,24,FINE,23.899036842656248
uid___A001_X3835_X1ee,26,FINE,25.0246693546875
uid___A001_X3835_X1ee,28,FINE,24.15430852265625
uid___A001_X3835_X1ee,30,FINE,35.23017045333333
uid___A001_X3835_X1ee,32,FINE,35.19439001598958
uid___A001_X3835_X1ee,34,MEDIUM,13.088541722662761
uid___A001_X3835_X213,23,MEDIUM,69.3703137919987
uid___A001_X3835_X213,25,MEDIUM,13.282582314664715
uid___A001_X3835_X213,27,MEDIUM,13.26771008
uid___A001_X3835_X213,29,MEDIUM,16.236861824000652
uid___A001_X3835_X22,16,MEDIUM,2.2656126613346355
uid___A001_X3835_X22,18,MEDIUM,4.116024176002604
uid___A001_X3835_X22,20,MEDIUM,1.8956965813313802
uid___A001_X3835_X22,22,MEDIUM,3.7968014453352863
uid___A001_X3835_X24,16,MEDIUM,10.933171514667968
uid___A001_X3835_X24,18,MEDIUM,40.70021389867513
uid___A001_X3835_X24,20,MEDIUM,0.9064251359993489
uid___A001_X3835_X24,22,MEDIUM,21.586623765332032
uid___A001_X3835_X284,17,MEDIUM,49.05907926399088
uid___A001_X3835_X284,19,MEDIUM,21.557219962666014
uid___A001_X3835_X284,21,MEDIUM,2.0765141333333332
uid___A001_X3835_X284,23,MEDIUM,11.13960414400065
uid___A001_X3835_X46,21,CONT,13.28184607000122
uid___A001_X3835_X46,23,CONT,13.28182553500061
uid___A001_X3835_X46,25,CONT,27.34414385500183
uid___A001_X3835_X46,27,CONT,13.28169955
uid___A001_X3835_X8f,4,CONT,14.0554028
uid___A001_X3835_X8f,6,CONT,14.055382450000764
uid___A001_X3835_X8f,8,CONT,14.055277949999237
uid___A001_X3835_X8f,10,CONT,14.055257600000761
uid___A001_X3835_X92,4,CONT,14.836702604999541
uid___A001_X3835_X92,6,CONT,14.055370900000764
uid___A001_X3835_X92,8,CONT,14.055282349999237
uid___A001_X3835_X92,10,CONT,14.836581070000458
uid___A001_X3835_X95,4,CONT,14.055182799999999
uid___A001_X3835_X95,6,CONT,14.055162450000763
uid___A001_X3835_X95,8,CONT,14.05505795
uid___A001_X3835_X95,10,CONT,14.0550376
uid___A001_X3835_X98,4,CONT,14.055055750000001
uid___A001_X3835_X98,6,CONT,14.05503595
uid___A001_X3835_X98,8,CONT,14.054933099999237
uid___A001_X3835_X98,10,CONT,14.054912750000002
uid___A001_X3835_X9b,4,CONT,14.0549903
uid___A001_X3835_X9b,6,CONT,14.836288950000002
uid___A001_X3835_X9b,8,CONT,14.054869850000001
uid___A001_X3835_X9b,10,CONT,14.054850599999998
uid___A001_X3845_X1021,5,CONT,13.285986925000001
uid___A001_X3845_X1021,7,CONT,13.285979154999541
uid___A001_X3845_X1021,9,CONT,13.28594030499954
uid___A001_X3845_X1021,11,CONT,50.00269983999939
uid___A001_X3845_X1025,5,CONT,24.222033934999086
uid___A001_X3845_X1025,7,CONT,20.315939440000914
uid___A001_X3845_X1025,9,CONT,35.940208459999084
uid___A001_X3845_X1025,11,CONT,13.284901344999694
uid___A001_X3845_X1134,13,CONT,18.742832580000304
uid___A001_X3845_X1134,15,CONT,35.93184425500031
uid___A001_X3845_X1134,17,CONT,17.180157644999696
uid___A001_X3845_X1134,19,CONT,17.180151815000915
uid___A001_X3845_X1137,13,CONT,17.180294120000458
uid___A001_X3845_X1137,15,CONT,17.180288290000153
uid___A001_X3845_X1137,17,CONT,17.180259140000153
uid___A001_X3845_X1137,19,CONT,17.180253309999845
uid___A001_X3845_X113a,13,CONT,17.1813043
uid___A001_X3845_X113a,15,CONT,17.181299530000306
uid___A001_X3845_X113a,17,CONT,17.18127382000046
uid___A001_X3845_X113a,19,CONT,17.181269055000307
uid___A001_X3845_X33d,13,CONT,17.182021390000152
uid___A001_X3845_X33d,15,CONT,17.182008669998933
uid___A001_X3845_X33d,17,CONT,18.744548840000153
uid___A001_X3845_X33d,19,CONT,17.181931555000304
uid___A001_X3845_X340,13,CONT,17.18081908499985
uid___A001_X3845_X340,15,CONT,17.180806365000155
uid___A001_X3845_X340,17,CONT,17.18074144000015
uid___A001_X3845_X340,19,CONT,17.180728719999692
uid___A001_X3845_X94e,13,CONT,17.180120809999845
uid___A001_X3845_X94e,15,CONT,17.180081854999543
uid___A001_X3845_X94e,17,CONT,17.179881779999544
uid___A001_X3845_X94e,19,CONT,17.179842824999998
uid___A001_X3845_Xc51,21,MEDIUM,26.973724303997397
uid___A001_X3845_Xc51,23,MEDIUM,39.98545942931966
uid___A001_X3845_Xc51,25,MEDIUM,3.6870276
uid___A001_X3845_Xc51,27,MEDIUM,5.774030330667318
uid___A001_X3845_Xff6,5,CONT,13.285334800000765
uid___A001_X3845_Xff6,7,CONT,13.285318705000304
uid___A001_X3845_Xff6,9,CONT,13.285236564999389
uid___A001_X3845_Xff6,11,CONT,13.285220470000459
uid___A001_X3845_Xffa,5,CONT,14.846730605000305
uid___A001_X3845_Xffa,7,CONT,13.284260319999694
uid___A001_X3845_Xffa,9,CONT,13.284131559999086
uid___A001_X3845_Xffa,11,CONT,21.096348730000305
uid___A001_X3845_Xffe,7,CONT,14.0655514
uid___A001_X3845_Xffe,11,CONT,14.065432050000002
uid___A001_X3845_Xffe,15,CONT,14.846788375000001
uid___A001_X3845_Xffe,18,CONT,14.846670110000609
uid___A001_X3873_X5e2,13,CONT,17.18010809000015
uid___A001_X3873_X5e2,15,CONT,62.49664528000031
uid___A001_X3873_X5e2,17,CONT,17.180006330001067
uid___A001_X3873_X5e2,19,CONT,17.179989630000307
uid___A001_X3873_X7e0,5,CONT,13.280065074999236
uid___A001_X3873_X7e0,7,CONT,13.280050090000154
uid___A001_X3873_X7e0,9,CONT,13.279974055000304
uid___A001_X3873_X7e0,11,CONT,13.279959069999695
