mous_uid,n_ebs,n_spws,setup_signature,setup_tokens,line_fraction_percent,is_fully_empty
uid___A001_X3788_X52a5,3,4,"[CONT,CONT,CONT,WC]",CONT CONT CONT WC,23.551122924444677,False
uid___A001_X3788_X52a9,3,4,"[CONT,CONT,CONT,WC]",CONT CONT CONT WC,15.514383994920518,False
uid___A001_X3788_X52ad,3,4,"[CONT,CONT,CONT,WC]",CONT CONT CONT WC,26.435723434921023,False
uid___A001_X3788_X52bb,3,4,"[CONT,CONT,CONT,CONT]",CONT CONT CONT CONT,16.58821969999962,False
uid___A001_X3788_X52bf,2,4,"[CONT,CONT,CONT,CONT]",CONT CONT CONT CONT,20.50172959624958,False
uid___A001_X3788_X52c3,3,4,"[CONT,CONT,CONT,CONT]",CONT CONT CONT CONT,29.09664043374996,False
uid___A001_X3788_X52ca,3,4,"[CONT,CONT,CONT,CONT]",CONT CONT CONT CONT,14.644775070000076,False
uid___A001_X3788_X52ce,3,8,"[CONT,CONT,CONT,CONT,CONT,CONT,CONT,CONT]",CONT CONT CONT CONT CONT CONT CONT CONT,16.28752599562607,False
uid___A001_X3788_X5344,2,4,"[CONT,CONT,WC,WC]",CONT CONT WC WC,16.123896621936233,False
uid___A001_X3788_X5348,3,4,"[CONT,CONT,WC,WC]",CONT CONT WC WC,12.19551643096786,False
uid___A001_X3788_X534c,2,4,"[CONT,CONT,WC,WC]",CONT CONT WC WC,18.44858018322577,False
uid___A001_X3788_X5354,2,4,"[CONT,CONT,WC,WC]",CONT CONT WC WC,19.05028285290311,False
uid___A001_X3788_X5360,2,4,"[CONT,CONT,WC,WC]",CONT CONT WC WC,26.904327538064475,False
uid___A001_X3788_X5364,2,4,"[CONT,CONT,WC,WC]",CONT CONT WC WC,24.697560416774234,False
uid___A001_X3788_X5368,3,4,"[CONT,CONT,WC,WC]",CONT CONT WC WC,20.2629284,False
uid___A001_X3788_X536c,2,4,"[CONT,CONT,WC,WC]",CONT CONT WC WC,13.808207594838592,False
uid___A001_X3788_X5379,1,4,"[MC,MC,MC,WC]",MC MC MC WC,25.33654744960026,False
uid___A001_X3788_X537d,1,4,"[MC,MC,MC,MC]",MC MC MC MC,19.566698949332682,False
uid___A001_X3788_X5381,3,4,"[MC,MC,MC,MC]",MC MC MC MC,43.53167259200033,False
uid___A001_X3788_X5385,1,4,"[MC,MC,MC,WC]",MC MC MC WC,32.99012318293294,False
uid___A001_X3788_X5389,1,4,"[MC,MC,MC,WC]",MC MC MC WC,15.002707609601563,False
uid___A001_X3788_X538d,1,4,"[MC,MC,MC,WC]",MC MC MC WC,24.16200196266797,False
uid___A001_X3788_X5391,1,4,"[MC,MC,MC,WC]",MC MC MC WC,48.00188090879557,False
uid___A001_X3788_X5395,1,4,"[MC,MC,MC,WC]",MC MC MC WC,25.00274901973177,False
uid___A001_X3788_X53e6,1,7,"[MF,NF,NF,NF,NF,WM,WM]",MF NF NF NF NF WM WM,34.85176288295898,False
uid___A001_X3788_X53e8,2,7,"[MF,NF,NF,NF,NF,WM,WM]",MF NF NF NF NF WM WM,15.093072123457906,False
uid___A001_X3788_X53ed,6,7,"[MF,NF,NF,NF,NF,WM,WM]",MF NF NF NF NF WM WM,58.438461733437194,False
uid___A001_X3788_X53ef,25,7,"[MF,NF,NF,NF,NF,WM,WM]",MF NF NF NF NF WM WM,51.54086917895961,False
uid___A001_X3788_X53f4,6,7,"[MF,NF,NF,NF,NF,WM,WM]",MF NF NF NF NF WM WM,61.8255061729295,False
uid___A001_X3788_X53f6,25,7,"[MF,NF,NF,NF,NF,WM,WM]",MF NF NF NF NF WM WM,59.868812903614106,False
uid___A001_X3788_X53fb,2,7,"[MF,NF,NF,NF,NF,WM,WM]",MF NF NF NF NF WM WM,63.81328193458743,False
uid___A001_X3788_X53fd,10,7,"[MF,NF,NF,NF,NF,WM,WM]",MF NF NF NF NF WM WM,56.86427330612127,False
uid___A001_X3788_X5402,3,7,"[MF,NF,NF,NF,NF,WM,WM]",MF NF NF NF NF WM WM,56.536584661986154,False
uid___A001_X3788_X5404,9,7,"[MF,NF,NF,NF,NF,WM,WM]",MF NF NF NF NF WM WM,50.089289776673965,False
uid___A001_X3788_X5409,2,7,"[MF,NF,NF,NF,NF,WM,WM]",MF NF NF NF NF WM WM,41.14250418830395,False
uid___A001_X3788_X5410,2,7,"[MF,NF,NF,NF,NF,WM,WM]",MF NF NF NF NF WM WM,62.133308256709455,False
uid___A001_X3788_X5412,5,7,"[MF,NF,NF,NF,NF,WM,WM]",MF NF NF NF NF WM WM,54.55477899354366,False
uid___A001_X3788_X5417,2,7,"[MF,NF,NF,NF,NF,WM,WM]",MF NF NF NF NF WM WM,67.24479288101284,False
uid___A001_X3788_X5419,5,7,"[MF,NF,NF,NF,NF,WM,WM]",MF NF NF NF NF WM WM,53.45678884538161,False
uid___A001_X3788_X541e,3,7,"[MF,NF,NF,NF,NF,WM,WM]",MF NF NF NF NF WM WM,61.89652218604502,False
uid___A001_X3788_X5420,5,7,"[MF,NF,NF,NF,NF,WM,WM]",MF NF NF NF NF WM WM,49.999393477516776,False
uid___A001_X3788_X5433,2,5,"[NF,NF,NF,NF,WM]",NF NF NF NF WM,14.915306869066043,False
uid___A001_X3788_X54c4,12,4,"[MC,MC,WC,WC]",MC MC WC WC,10.443468614401041,False
uid___A001_X3788_X54ca,14,4,"[MC,MC,WC,WC]",MC MC WC WC,9.93621989973405,False
uid___A001_X3788_X54d0,28,4,"[MC,MC,WC,WC]",MC MC WC WC,14.424291662933594,False
uid___A001_X3788_X54d6,15,4,"[MC,MC,WC,WC]",MC MC WC WC,8.824082122667317,False
uid___A001_X3788_X54dc,9,4,"[MC,MC,WC,WC]",MC MC WC WC,7.497383637333333,False
uid___A001_X3788_X54e2,7,4,"[MC,MC,WC,WC]",MC MC WC WC,14.66681562026595,False
uid___A001_X3788_X553c,7,4,"[CONT,MM,MM,MM]",CONT MM MM MM,21.334769222446887,False
uid___A001_X3788_X553e,22,4,"[CONT,MM,MM,MM]",CONT MM MM MM,17.826380942731284,False
uid___A001_X3788_X55f2,2,4,"[CONT,CONT,CONT,CONT]",CONT CONT CONT CONT,14.260114407499694,False
uid___A001_X3788_X55fa,1,4,"[CONT,CONT,CONT,CONT]",CONT CONT CONT CONT,13.283697550000191,False
uid___A001_X3788_X5615,3,4,"[CONT,CONT,CONT,WM]",CONT CONT CONT WM,20.691350565079365,False
uid___A001_X3788_X5619,5,4,"[CONT,CONT,CONT,WC]",CONT CONT CONT WC,19.33858113396771,False
uid___A001_X3788_X561d,7,6,"[CONT,CONT,CONT,CONT,WC,WC]",CONT CONT CONT CONT WC WC,nan,False
uid___A001_X3788_X5625,2,4,"[CONT,CONT,CONT,WC]",CONT CONT CONT WC,23.415467744761827,False
uid___A001_X3788_X5629,4,4,"[CONT,CONT,CONT,WC]",CONT CONT CONT WC,19.211032318730624,False
uid___A001_X3788_X563d,2,4,"[CONT,CONT,CONT,MF]",CONT CONT CONT MF,27.025643210823333,False
uid___A001_X3788_X5641,4,4,"[CONT,CONT,CONT,MF]",CONT CONT CONT MF,28.024734642709276,False
uid___A001_X3788_X5645,1,4,"[CONT,CONT,CONT,MF]",CONT CONT CONT MF,41.88650173754112,False
uid___A001_X3788_X5649,2,4,"[CONT,CONT,CONT,CONT]",CONT CONT CONT CONT,33.007272508750155,False
uid___A001_X3788_X5655,1,4,"[CONT,CONT,CONT,CONT]",CONT CONT CONT CONT,30.07994408625183,False
uid___A001_X3788_X5657,1,4,"[CONT,CONT,CONT,CONT]",CONT CONT CONT CONT,30.856281690000152,False
uid___A001_X3788_X572d,1,4,"[MM,WM,WM,WM]",MM WM WM WM,43.689332498054384,False
uid___A001_X3788_X5731,4,4,"[MM,WM,WM,WM]",MM WM WM WM,24.265940598152042,False
uid___A001_X3788_X5735,1,4,"[MM,WM,WM,WM]",MM WM WM WM,24.095468527589144,False
uid___A001_X3788_X5739,1,4,"[MM,WM,WM,WM]",MM WM WM WM,38.60565629210337,False
uid___A001_X3788_X5741,2,4,"[MM,WM,WM,WM]",MM WM WM WM,37.65566853907552,False
uid___A001_X3788_X5745,3,4,"[MM,WM,WM,WM]",MM WM WM WM,34.732880823792065,False
uid___A001_X3788_X5749,1,4,"[MM,MM,WM,WM]",MM MM WM WM,20.691479385601564,False
uid___A001_X3788_X574d,4,4,"[MM,WM,WM,WM]",MM WM WM WM,22.4809829694366,False
uid___A001_X3788_X57a8,3,4,"[WC,WC,WC,WC]",WC WC WC WC,56.080434674665526,False
uid___A001_X3788_X57aa,10,4,"[WC,WC,WC,WC]",WC WC WC WC,60.0214116013322,False
uid___A001_X3788_X57ae,3,4,"[WC,WC,WC,WC]",WC WC WC WC,49.77340055333252,False
uid___A001_X3788_X57b0,10,4,"[WC,WC,WC,WC]",WC WC WC WC,49.79786104533325,False
uid___A001_X3788_X57b4,3,4,"[WC,WC,WC,WM]",WC WC WC WM,64.13262851199951,False
uid___A001_X3788_X57b6,10,4,"[WC,WC,WC,WC]",WC WC WC WC,51.765714848000485,False
uid___A001_X3788_X57ba,3,4,"[WC,WC,WC,WC]",WC WC WC WC,49.91524799866781,False
uid___A001_X3788_X57bc,9,4,"[WC,WC,WC,WC]",WC WC WC WC,59.601202056002606,False
uid___A001_X3788_X57c0,3,4,"[WC,WC,WC,WC]",WC WC WC WC,56.82717843466472,False
uid___A001_X3788_X57c2,17,4,"[WC,WC,WC,WC]",WC WC WC WC,55.944201205333655,False
uid___A001_X3788_X57c6,3,4,"[WC,WC,WC,WC]",WC WC WC WC,56.09707690666463,False
uid___A001_X3788_X57c8,16,4,"[WC,WC,WC,WC]",WC WC WC WC,57.37922311733195,False
uid___A001_X3788_X586d,1,4,"[CONT,CONT,WC,WC]",CONT CONT WC WC,10.180978877419355,False
uid___A001_X3788_X5871,1,4,"[CONT,CONT,WC,WC]",CONT CONT WC WC,34.07427551354665,False
uid___A001_X3788_X5875,1,4,"[CONT,CONT,WC,WC]",CONT CONT WC WC,31.551850589677578,False
uid___A001_X3788_X5879,1,4,"[CONT,CONT,WC,WC]",CONT CONT WC WC,25.403950477419354,False
uid___A001_X3788_X587d,2,4,"[CONT,CONT,WC,WC]",CONT CONT WC WC,36.895167571613534,False
uid___A001_X3788_X5881,1,4,"[CONT,CONT,WC,WC]",CONT CONT WC WC,27.61907667871015,False
uid___A001_X3788_X5885,1,4,"[CONT,CONT,WC,WC]",CONT CONT WC WC,23.78582886580535,False
uid___A001_X3788_X5889,1,4,"[CONT,CONT,WC,WC]",CONT CONT WC WC,25.601500913549806,False
uid___A001_X3788_X588d,1,4,"[CONT,CONT,WC,WC]",CONT CONT WC WC,39.3104073677443,False
uid___A001_X3788_X58a5,5,4,"[WM,WM,WM,WM]",WM WM WM WM,30.831903918665365,False
uid___A001_X3788_X58a7,3,4,"[WM,WM,WM,WM]",WM WM WM WM,27.74295538666585,False
uid___A001_X3788_X58ed,2,4,"[WM,WM,WM,WM]",WM WM WM WM,35.63307362400472,False
uid___A001_X3788_X59b0,13,5,"[CONT,MF,MF,NF,NF]",CONT MF MF NF NF,64.6377482912872,False
uid___A001_X3788_X59b6,2,4,"[CONT,CONT,MF,MF]",CONT CONT MF MF,31.336016492307692,False
uid___A001_X3788_X59bc,2,4,"[CONT,CONT,MF,MF]",CONT CONT MF MF,16.169601186016717,False
uid___A001_X3788_X59c2,2,4,"[CONT,CONT,MF,MF]",CONT CONT MF MF,35.53912632167969,False
uid___A001_X3788_X5a3a,1,4,"[WM,WM,WM,WM]",WM WM WM WM,32.47117900400146,False
uid___A001_X3788_X5a52,1,4,"[WM,WM,WM,WM]",WM WM WM WM,58.28138565466512,False
uid___A001_X3788_X5a54,1,4,"[WM,WM,WM,WM]",WM WM WM WM,28.70988970933309,False
uid___A001_X3788_X5a62,1,4,"[WM,WM,WM,WM]",WM WM WM WM,7.344472646667073,False
uid___A001_X3788_X5a6e,3,4,"[WM,WM,WM,WM]",WM WM WM WM,22.407178566666666,False
uid___A001_X3788_X5af3,1,4,"[WC,WC,WC,WC]",WC WC WC WC,52.01421496622173,False
uid___A001_X3788_X5af6,1,4,"[WC,WC,WC,WC]",WC WC WC WC,22.36628958000054,False
uid___A001_X3788_X5aff,1,4,"[WC,WC,WC,WC]",WC WC WC WC,41.53821757,False
uid___A001_X3788_X5b1f,1,4,"[WC,WC,WC,WC]",WC WC WC WC,2.7880555853330486,False
uid___A001_X3788_X5b3b,1,4,"[WC,WC,WC,WC]",WC WC WC WC,46.03016003200073,False
uid___A001_X3788_X5b7e,1,20,"[WM,WM,WM,WM,WM,WM,WM,WM,WM,WM,WM,WM,WM,WM,WM,WM,WM,WM,WM,WM]",WM WM WM WM WM WM WM WM WM WM WM WM WM WM WM WM WM WM WM WM,39.100834244000076,False
uid___A001_X3788_X5b8a,1,4,"[WM,WM,WM,WM]",WM WM WM WM,53.18866744399984,False
uid___A001_X3788_X5b8c,1,4,"[WM,WM,WM,WM]",WM WM WM WM,45.69317716799967,False
uid___A001_X3788_X5b90,1,4,"[WM,WM,WM,WM]",WM WM WM WM,73.03066649733317,False
uid___A001_X3788_X5b94,1,4,"[WC,WC,WC,WC]",WC WC WC WC,44.23296333466736,False
uid___A001_X3788_X5b96,1,4,"[WC,WC,WC,WC]",WC WC WC WC,47.05255772666524,False
uid___A001_X3788_X5ba0,2,4,"[WM,WM,WM,WM]",WM WM WM WM,60.02114719866537,False
uid___A001_X3788_X5ba8,1,4,"[WC,WC,WC,WC]",WC WC WC WC,62.141384870666506,False
uid___A001_X3788_X5baa,1,4,"[WC,WC,WC,WC]",WC WC WC WC,34.3718527186674,False
uid___A001_X3788_X5bae,2,4,"[WM,WM,WM,WM]",WM WM WM WM,61.150457515999754,False
uid___A001_X3788_X5bb0,1,4,"[WM,WM,WM,WM]",WM WM WM WM,62.4984153480009,False
uid___A001_X3788_X5bb8,1,4,"[WM,WM,WM,WM]",WM WM WM WM,59.34247011333252,False
uid___A001_X3788_X5bba,1,4,"[WM,WM,WM,WM]",WM WM WM WM,60.94930421866658,False
uid___A001_X3788_X5bbe,2,4,"[WM,WM,WM,WM]",WM WM WM WM,80.98719967733399,False
uid___A001_X3788_X5bc8,3,4,"[WM,WM,WM,WM]",WM WM WM WM,64.39994624266846,False
uid___A001_X3788_X5bcc,1,4,"[WC,WC,WC,WC]",WC WC WC WC,52.705765810666705,False
uid___A001_X3788_X5bd0,1,4,"[WM,WM,WM,WM]",WM WM WM WM,55.06426441733195,False
uid___A001_X3788_X5bd4,1,4,"[WM,WM,WM,WM]",WM WM WM WM,68.53558465866618,False
uid___A001_X3788_X5bda,1,4,"[WC,WC,WC,WC]",WC WC WC WC,58.10779755466716,False
uid___A001_X3788_X5bde,1,4,"[WM,WM,WM,WM]",WM WM WM WM,43.30820511466512,False
uid___A001_X3788_X5be0,1,4,"[WM,WM,WM,WM]",WM WM WM WM,54.86772672666667,False
uid___A001_X3788_X5be4,1,4,"[WM,WM,WM,WM]",WM WM WM WM,57.17929651200033,False
uid___A001_X3788_X5be8,3,4,"[WM,WM,WM,WM]",WM WM WM WM,58.23734318133382,False
uid___A001_X3788_X5c08,1,4,"[WM,WM,WM,WM]",WM WM WM WM,21.45063197866862,False
uid___A001_X3788_X5c0f,1,4,"[WM,WM,WM,WM]",WM WM WM WM,15.342544694665934,False
uid___A001_X3788_X5c12,1,4,"[WM,WM,WM,WM]",WM WM WM WM,20.818772091999104,False
uid___A001_X3788_X5c18,1,4,"[WM,WM,WM,WM]",WM WM WM WM,29.31724776933431,False
uid___A001_X3788_X5c22,1,4,"[WM,WM,WM,WM]",WM WM WM WM,47.25097931466756,False
uid___A001_X3788_X5c2f,2,4,"[MM,WM,WM,WM]",MM WM WM WM,23.625948822857143,False
uid___A001_X3788_X5c65,1,4,"[CONT,CONT,CONT,CONT]",CONT CONT CONT CONT,17.189648618748475,False
uid___A001_X3788_X5cda,9,4,"[CONT,CONT,MC,MC]",CONT CONT MC MC,24.853506131064037,False
uid___A001_X3788_X5ce4,1,4,"[WC,WC,WC,WC]",WC WC WC WC,35.51082668799886,False
uid___A001_X3788_X5cea,1,4,"[WC,WC,WC,WC]",WC WC WC WC,53.53851492533203,False
uid___A001_X3788_X5cee,7,4,"[WC,WC,WC,WC]",WC WC WC WC,11.029126178666992,False
uid___A001_X3788_X5cf0,2,4,"[WC,WC,WC,WC]",WC WC WC WC,9.691391867999675,False
uid___A001_X3788_X5d18,6,4,"[WC,WC,WC,WC]",WC WC WC WC,13.844498575999145,False
uid___A001_X3788_X5d1c,2,4,"[WC,WC,WC,WC]",WC WC WC WC,15.515474461333008,False
uid___A001_X3788_X5d20,4,4,"[WC,WC,WC,WC]",WC WC WC WC,14.882846925332846,False
uid___A001_X3788_X5d24,3,4,"[WC,WC,WC,WC]",WC WC WC WC,26.657666003998617,False
uid___A001_X3788_X5d28,4,4,"[WC,WC,WC,WC]",WC WC WC WC,15.299758335999757,False
uid___A001_X3788_X5d2c,3,6,"[WC,WC,WC,WC,WC,WC]",WC WC WC WC WC WC,nan,False
uid___A001_X3788_X5d30,2,4,"[WC,WC,WC,WC]",WC WC WC WC,18.84220567599935,False
uid___A001_X3788_X5d34,3,4,"[WC,WC,WC,WC]",WC WC WC WC,11.02827836,False
uid___A001_X3788_X5d38,6,4,"[WC,WC,WC,WC]",WC WC WC WC,12.904229511999512,False
uid___A001_X3788_X5d3c,4,4,"[WC,WC,WC,WC]",WC WC WC WC,16.453220680000815,False
uid___A001_X3788_X5d40,2,4,"[WC,WC,WC,WC]",WC WC WC WC,nan,False
uid___A001_X3788_X5d44,3,5,"[WC,WC,WC,WC,WC]",WC WC WC WC WC,nan,False
uid___A001_X3788_X5d48,2,4,"[WC,WC,WC,WC]",WC WC WC WC,14.791933646666463,False
uid___A001_X3788_X5d4c,3,4,"[WC,WC,WC,WC]",WC WC WC WC,21.764262140000408,False
uid___A001_X3788_X5d50,2,4,"[WC,WC,WC,WC]",WC WC WC WC,16.451399462666423,False
uid___A001_X3788_X5d54,2,4,"[WC,WC,WC,WC]",WC WC WC WC,14.066104177332967,False
uid___A001_X3788_X5d58,3,4,"[WC,WC,WC,WC]",WC WC WC WC,24.378401767999673,False
uid___A001_X3788_X5d5c,7,4,"[WC,WC,WC,WC]",WC WC WC WC,14.887365866667277,False
uid___A001_X3788_X5d60,4,4,"[WC,WC,WC,WC]",WC WC WC WC,14.787606338667398,False
uid___A001_X3788_X5d64,4,7,"[WC,WC,WC,WC,WC,WC,WC]",WC WC WC WC WC WC WC,nan,False
uid___A001_X3788_X5d68,2,4,"[WC,WC,WC,WC]",WC WC WC WC,15.839673528000285,False
uid___A001_X3788_X5d6c,2,4,"[WC,WC,WC,WC]",WC WC WC WC,27.28958285866618,False
uid___A001_X3788_X5d70,2,6,"[WC,WC,WC,WC,WC,WC]",WC WC WC WC WC WC,nan,False
uid___A001_X3788_X5d74,3,4,"[WC,WC,WC,WC]",WC WC WC WC,18.13150384133423,False
uid___A001_X3788_X5d78,3,4,"[WC,WC,WC,WC]",WC WC WC WC,15.624062518666992,False
uid___A001_X3788_X5d7c,3,4,"[WC,WC,WC,WC]",WC WC WC WC,19.79284929466634,False
uid___A001_X3788_X5d80,3,4,"[WC,WC,WC,WC]",WC WC WC WC,18.12795830266683,False
uid___A001_X3788_X5d84,3,4,"[WC,WC,WC,WC]",WC WC WC WC,12.301176438666179,False
uid___A001_X3788_X5d88,4,4,"[WC,WC,WC,WC]",WC WC WC WC,11.039003429333903,False
uid___A001_X3788_X5d8c,4,4,"[WC,WC,WC,WC]",WC WC WC WC,19.797850697331544,False
uid___A001_X3788_X5d90,3,4,"[WC,WC,WC,WC]",WC WC WC WC,22.286428666667074,False
uid___A001_X3788_X5d94,4,4,"[WC,WC,WC,WC]",WC WC WC WC,11.138838525333252,False
uid___A001_X3788_X5d98,2,4,"[WC,WC,WC,WC]",WC WC WC WC,29.585787980000813,False
uid___A001_X3788_X5d9c,2,4,"[WC,WC,WC,WC]",WC WC WC WC,16.771147761333413,False
uid___A001_X3788_X5da0,3,4,"[WC,WC,WC,WC]",WC WC WC WC,7.698216085333659,False
uid___A001_X3788_X5dc0,2,4,"[WC,WC,WC,WC]",WC WC WC WC,26.08713747866638,False
uid___A001_X3788_X5dd4,3,4,"[WC,WC,WC,WC]",WC WC WC WC,29.121363292000325,False
uid___A001_X3788_X5df0,1,4,"[WC,WC,WC,WC]",WC WC WC WC,27.137807825332846,False
uid___A001_X3788_X5dfc,2,4,"[WC,WC,WC,WC]",WC WC WC WC,25.78286875733317,False
uid___A001_X3788_X5e08,1,4,"[WC,WC,WC,WC]",WC WC WC WC,35.083396585333865,False
uid___A001_X3788_X5e10,1,4,"[WC,WC,WC,WC]",WC WC WC WC,18.861952924001464,False
uid___A001_X3788_X5e14,1,4,"[WC,WC,WC,WC]",WC WC WC WC,20.37184073600118,False
uid___A001_X3788_X5e1c,1,4,"[WC,WC,WC,WC]",WC WC WC WC,24.54140938666626,False
uid___A001_X3788_X5e20,2,4,"[WC,WC,WC,WC]",WC WC WC WC,21.18600661466695,False
uid___A001_X3788_X5e24,1,4,"[WC,WC,WC,WC]",WC WC WC WC,25.988431134666747,False
uid___A001_X3788_X5e2f,1,4,"[MM,MM,MM,MM]",MM MM MM MM,76.60067855467773,False
uid___A001_X3788_X5e32,1,4,"[MM,MM,MM,MM]",MM MM MM MM,75.63537896933757,False
uid___A001_X3788_X5e3b,2,8,"[WM,WM,WM,WM,WM,WM,WM,WM]",WM WM WM WM WM WM WM WM,64.4050823880017,False
uid___A001_X3788_X5e52,4,4,"[WC,WC,WC,WC]",WC WC WC WC,21.18255632266642,False
uid___A001_X3788_X5e54,1,4,"[WC,WC,WC,WC]",WC WC WC WC,32.21640948666667,False
uid___A001_X3788_X5e58,3,4,"[WM,WM,WM,WM]",WM WM WM WM,47.940847177333985,False
uid___A001_X3788_X5e64,5,4,"[CONT,CONT,CONT,CONT]",CONT CONT CONT CONT,27.722848432500076,False
uid___A001_X3788_X5e68,3,4,"[CONT,CONT,CONT,CONT]",CONT CONT CONT CONT,50.97817865124969,False
uid___A001_X3788_X5e6c,2,4,"[CONT,CONT,CONT,CONT]",CONT CONT CONT CONT,38.47967867375031,False
uid___A001_X3788_X5e70,3,4,"[CONT,CONT,CONT,CONT]",CONT CONT CONT CONT,39.258212225,False
uid___A001_X3788_X5e74,2,4,"[CONT,CONT,CONT,CONT]",CONT CONT CONT CONT,55.660941462500766,False
uid___A001_X3788_X5ea8,3,4,"[CONT,CONT,CONT,WM]",CONT CONT CONT WM,22.529719921650464,False
uid___A001_X3788_X5eb0,3,4,"[CONT,CONT,CONT,WM]",CONT CONT CONT WM,18.38313307132297,False
uid___A001_X3788_X5eb4,5,4,"[WM,WM,WM,WM]",WM WM WM WM,23.122612973722244,False
uid___A001_X3788_X5ebc,4,4,"[CONT,CONT,CONT,WM]",CONT CONT CONT WM,21.90041688603157,False
uid___A001_X3788_X5ec0,12,4,"[CONT,CONT,CONT,WM]",CONT CONT CONT WM,18.927860358836178,False
uid___A001_X3788_X5eda,8,4,"[WC,WC,WC,WC]",WC WC WC WC,64.71276362666687,False
uid___A001_X3788_X5ede,2,4,"[WC,WC,WC,WC]",WC WC WC WC,39.918938750666506,False
uid___A001_X3788_X5ee2,4,4,"[WC,WC,WC,WC]",WC WC WC WC,60.59344498666687,False
uid___A001_X3788_X5ee6,2,4,"[WC,WC,WC,WC]",WC WC WC WC,72.94341508133341,False
uid___A001_X3788_X5eea,3,4,"[WC,WC,WC,WC]",WC WC WC WC,77.84017413333353,False
uid___A001_X3788_X5eee,3,4,"[WC,WC,WC,WC]",WC WC WC WC,52.79168004799886,False
uid___A001_X3788_X5ef2,4,4,"[WC,WC,WC,WC]",WC WC WC WC,75.35122923466675,False
uid___A001_X3788_X5efa,6,4,"[WC,WC,WC,WC]",WC WC WC WC,58.48883198800008,False
uid___A001_X3788_X5efe,1,4,"[WC,WC,WC,WC]",WC WC WC WC,62.03100927999979,False
uid___A001_X3788_X5f02,5,4,"[WM,WM,WM,WM]",WM WM WM WM,70.12564653866578,False
uid___A001_X3788_X5f06,4,4,"[WM,WM,WM,WM]",WM WM WM WM,46.502505003999026,False
uid___A001_X3788_X5f0a,7,4,"[WM,WM,WM,WM]",WM WM WM WM,41.21069192933309,False
uid___A001_X3788_X5f0e,8,4,"[WM,WM,WM,WM]",WM WM WM WM,65.36307240000122,False
uid___A001_X3788_X5f12,5,4,"[WM,WM,WM,WM]",WM WM WM WM,47.72032457866781,False
uid___A001_X3788_X5f16,5,4,"[WM,WM,WM,WM]",WM WM WM WM,65.70595293600016,False
uid___A001_X3788_X5f1a,10,4,"[WM,WM,WM,WM]",WM WM WM WM,68.00675972533367,False
uid___A001_X3788_X5f1e,6,4,"[WM,WM,WM,WM]",WM WM WM WM,36.78346972666667,False
uid___A001_X3788_X5f22,5,4,"[WM,WM,WM,WM]",WM WM WM WM,56.208696057332766,False
uid___A001_X3788_X5f26,5,4,"[WM,WM,WM,WM]",WM WM WM WM,41.45476221999837,False
uid___A001_X3788_X5f2a,2,4,"[WC,WC,WC,WC]",WC WC WC WC,51.5761219106663,False
uid___A001_X3788_X6029,3,4,"[CONT,CONT,CONT,WC]",CONT CONT CONT WC,14.133007422221931,False
uid___A001_X3788_X6036,5,6,"[NF,NF,NF,NF,NF,WC]",NF NF NF NF NF WC,16.064108421293973,False
uid___A001_X3788_X603c,5,6,"[NF,NF,NF,NF,NF,WC]",NF NF NF NF NF WC,16.46328149987469,False
uid___A001_X3788_X6063,4,8,"[NF,NF,NF,NF,NF,NF,NF,WM]",NF NF NF NF NF NF NF WM,30.145243813923983,False
uid___A001_X3788_X6065,2,8,"[NF,NF,NF,NF,NF,NF,NF,WM]",NF NF NF NF NF NF NF WM,66.62762678495959,False
uid___A001_X3788_X6067,8,8,"[NF,NF,NF,NF,NF,NF,NF,WM]",NF NF NF NF NF NF NF WM,63.30887124759505,False
uid___A001_X3788_X606d,3,8,"[NF,NF,NF,NF,NF,NF,NF,WM]",NF NF NF NF NF NF NF WM,53.63274054829093,False
uid___A001_X3788_X606f,1,8,"[NF,NF,NF,NF,NF,NF,NF,WM]",NF NF NF NF NF NF NF WM,51.001460543223146,False
uid___A001_X3788_X6071,6,8,"[NF,NF,NF,NF,NF,NF,NF,WM]",NF NF NF NF NF NF NF WM,19.6287433211374,False
uid___A001_X3788_X6077,3,8,"[NF,NF,NF,NF,NF,NF,NF,WM]",NF NF NF NF NF NF NF WM,67.1109018567974,False
uid___A001_X3788_X6079,2,8,"[NF,NF,NF,NF,NF,NF,NF,WM]",NF NF NF NF NF NF NF WM,19.712233905545297,False
uid___A001_X3788_X607b,9,8,"[NF,NF,NF,NF,NF,NF,NF,WM]",NF NF NF NF NF NF NF WM,20.78418528953039,False
uid___A001_X3788_X60ae,1,4,"[WC,WC,WC,WC]",WC WC WC WC,53.226503401333005,False
uid___A001_X3788_X60b2,2,4,"[WM,WM,WM,WM]",WM WM WM WM,64.23999437199788,False
uid___A001_X3788_X60b6,1,4,"[WC,WC,WC,WC]",WC WC WC WC,34.42332965866618,False
uid___A001_X3788_X60ba,1,4,"[WC,WC,WC,WC]",WC WC WC WC,46.08897975200114,False
uid___A001_X3788_X60be,1,4,"[WC,WC,WC,WC]",WC WC WC WC,52.83540621333049,False
uid___A001_X3788_X60c2,1,4,"[WC,WC,WC,WC]",WC WC WC WC,40.3579750853361,False
uid___A001_X3788_X60c6,1,4,"[WC,WC,WC,WM]",WC WC WC WM,41.76809813599894,False
uid___A001_X3788_X60ca,2,4,"[WC,WC,WC,WC]",WC WC WC WC,54.1868236386678,False
uid___A001_X3788_X60ce,1,4,"[WC,WC,WC,WC]",WC WC WC WC,41.21735028400146,False
uid___A001_X3788_X60d2,1,4,"[WC,WC,WC,WC]",WC WC WC WC,38.4851055413326,False
uid___A001_X3788_X60d6,1,4,"[WC,WC,WC,WC]",WC WC WC WC,51.818308549333494,False
uid___A001_X3788_X60da,1,4,"[WC,WC,WC,WC]",WC WC WC WC,53.2011484866687,False
uid___A001_X3788_X60de,1,4,"[WC,WC,WC,WC]",WC WC WC WC,59.0598823146639,False
uid___A001_X3788_X60e2,1,4,"[WC,WC,WC,WC]",WC WC WC WC,30.334889181333008,False
uid___A001_X3788_X60e6,1,4,"[WC,WC,WC,WC]",WC WC WC WC,52.44402027466634,False
uid___A001_X3788_X60ea,1,4,"[WC,WC,WC,WC]",WC WC WC WC,41.50703349600016,False
uid___A001_X3788_X60ee,1,4,"[WC,WC,WC,WC]",WC WC WC WC,57.810674625332844,False
uid___A001_X3788_X60f2,1,4,"[WC,WC,WC,WC]",WC WC WC WC,46.86842692399821,False
uid___A001_X3788_X60f6,1,4,"[WC,WC,WC,WC]",WC WC WC WC,49.05792826666829,False
uid___A001_X3788_X60fa,1,4,"[WC,WC,WC,WC]",WC WC WC WC,47.00299751066589,False
uid___A001_X3788_X60fe,1,4,"[WC,WC,WC,WC]",WC WC WC WC,41.508362762667645,False
uid___A001_X3788_X6102,1,4,"[WC,WC,WC,WC]",WC WC WC WC,51.27260418400065,False
uid___A001_X3788_X6106,1,4,"[WC,WC,WC,WC]",WC WC WC WC,44.71098514400146,False
uid___A001_X3788_X610a,1,4,"[WC,WC,WC,WC]",WC WC WC WC,46.29804661333374,False
uid___A001_X3788_X6110,9,4,"[MF,MF,MF,WM]",MF MF MF WM,34.83202070959936,False
uid___A001_X3788_X61b7,1,4,"[MM,WM,WM,WM]",MM WM WM WM,48.80176414628767,False
uid___A001_X3788_X61b9,1,4,"[MM,WM,WM,WM]",MM WM WM WM,24.59736017523949,False
uid___A001_X3788_X61bd,2,4,"[MM,WM,WM,WM]",MM WM WM WM,46.96275900800037,False
uid___A001_X3788_X61c0,1,4,"[MM,WM,WM,WM]",MM WM WM WM,46.75242393295527,False
uid___A001_X3788_X61c7,1,4,"[MM,WM,WM,WM]",MM WM WM WM,35.112598924188525,False
uid___A001_X3788_X61dd,1,5,"[MM,MM,WM,WM,WM]",MM MM WM WM WM,28.272034581329752,False
uid___A001_X3788_X61e0,3,5,"[MM,MM,WM,WM,WM]",MM MM WM WM WM,25.567473162668456,False
uid___A001_X3788_X61ee,1,4,"[CONT,CONT,CONT,CONT]",CONT CONT CONT CONT,23.052156295000078,False
uid___A001_X3788_X61f6,1,4,"[CONT,CONT,CONT,CONT]",CONT CONT CONT CONT,14.843873714999772,False
uid___A001_X3788_X6221,1,4,"[MM,MM,WC,WC]",MM MM WC WC,59.37658375359936,False
uid___A001_X3788_X6224,1,4,"[MM,MM,WC,WC]",MM MM WC WC,25.623929250132893,False
uid___A001_X3788_X6227,4,4,"[MM,MM,WC,WC]",MM MM WC WC,28.9797397970325,False
uid___A001_X3788_X622a,2,4,"[MM,MM,WC,WC]",MM MM WC WC,25.963354928671972,False
uid___A001_X3788_X622d,2,4,"[MM,MM,WC,WC]",MM MM WC WC,34.78528838982583,False
uid___A001_X3788_X6230,1,4,"[MM,MM,WC,WC]",MM MM WC WC,14.547661524800455,False
uid___A001_X3788_X6233,2,4,"[MM,MM,WC,WC]",MM MM WC WC,14.31708952658822,False
uid___A001_X3788_X6236,2,4,"[MM,MM,WC,WC]",MM MM WC WC,34.0165891543704,False
uid___A001_X3788_X6239,1,4,"[MM,MM,WC,WC]",MM MM WC WC,39.29324653807389,False
uid___A001_X3788_X623f,1,4,"[MM,MM,WC,WC]",MM MM WC WC,5.646717810666667,False
uid___A001_X3788_X6242,1,4,"[MM,MM,WC,WC]",MM MM WC WC,22.974247507199543,False
uid___A001_X3788_X6245,1,4,"[MM,MM,WC,WC]",MM MM WC WC,21.86185489226603,False
uid___A001_X3788_X6248,3,4,"[MM,MM,WC,WC]",MM MM WC WC,27.522423140977722,False
uid___A001_X3788_X624b,2,4,"[MM,MM,WC,WC]",MM MM WC WC,15.325058529194674,False
uid___A001_X3788_X624e,1,4,"[MM,MM,WC,WC]",MM MM WC WC,12.765650660266601,False
uid___A001_X3788_X6251,2,4,"[MM,MM,WC,WC]",MM MM WC WC,9.932122751066528,False
uid___A001_X3788_X6254,1,4,"[MM,MM,WC,WC]",MM MM WC WC,36.95791134399918,False
uid___A001_X3788_X6257,1,4,"[MM,MM,WC,WC]",MM MM WC WC,68.24106957368967,False
uid___A001_X3788_X625a,2,4,"[MM,MM,WC,WC]",MM MM WC WC,26.796686608711532,False
uid___A001_X3788_X62c0,4,4,"[CONT,CONT,MM,MM]",CONT CONT MM MM,20.842050245903483,False
uid___A001_X3788_X62c6,3,4,"[CONT,CONT,MM,MM]",CONT CONT MM MM,20.510838862879094,False
uid___A001_X3788_X62cc,3,4,"[CONT,CONT,MM,MM]",CONT CONT MM MM,22.000928599852976,False
uid___A001_X3788_X62d8,4,4,"[CONT,CONT,MM,MM]",CONT CONT MM MM,26.978438692841184,False
uid___A001_X3788_X62e4,4,4,"[CONT,CONT,MM,MM]",CONT CONT MM MM,42.306874476162506,False
uid___A001_X3788_X62ea,2,4,"[CONT,CONT,MM,MM]",CONT CONT MM MM,24.147642348634253,False
uid___A001_X3788_X62f0,2,4,"[CONT,CONT,MM,MM]",CONT CONT MM MM,25.26433822937399,False
uid___A001_X3788_X62f6,4,4,"[CONT,CONT,MM,MM]",CONT CONT MM MM,26.25650349815498,False
uid___A001_X3788_X62fc,3,4,"[CONT,CONT,MM,MM]",CONT CONT MM MM,26.30142931129137,False
uid___A001_X3788_X6302,3,4,"[CONT,CONT,MM,MM]",CONT CONT MM MM,21.146419424352803,False
uid___A001_X3788_X6308,5,4,"[CONT,CONT,MM,MM]",CONT CONT MM MM,20.427207009299327,False
uid___A001_X3788_X630e,4,4,"[CONT,CONT,MM,MM]",CONT CONT MM MM,30.20362020841213,False
uid___A001_X3788_X6314,3,4,"[CONT,CONT,MM,MM]",CONT CONT MM MM,30.122041824352802,False
uid___A001_X3788_X631a,5,4,"[CONT,CONT,MM,MM]",CONT CONT MM MM,20.228608491218143,False
uid___A001_X3788_X6320,4,4,"[CONT,CONT,MM,MM]",CONT CONT MM MM,20.054122615496713,False
uid___A001_X3788_X6326,5,4,"[CONT,CONT,MM,MM]",CONT CONT MM MM,20.350265536236595,False
uid___A001_X3788_X632c,3,4,"[CONT,CONT,MM,MM]",CONT CONT MM MM,22.41492224472368,False
uid___A001_X3788_X6332,4,4,"[CONT,CONT,MM,MM]",CONT CONT MM MM,20.62748808974213,False
uid___A001_X3788_X6338,3,4,"[CONT,CONT,MM,MM]",CONT CONT MM MM,21.3945509266425,False
uid___A001_X3788_X633e,4,4,"[CONT,CONT,MM,MM]",CONT CONT MM MM,20.547621722214455,False
uid___A001_X3788_X635d,1,6,"[CONT,MF,NF,NF,NF,NF]",CONT MF NF NF NF NF,16.965452994301643,False
uid___A001_X3788_X635f,2,6,"[CONT,MF,NF,NF,NF,NF]",CONT MF NF NF NF NF,21.40745358395209,False
uid___A001_X3788_X6362,2,6,"[CONT,MF,NF,NF,NF,NF]",CONT MF NF NF NF NF,43.316537704904725,False
uid___A001_X3788_X6367,2,6,"[CONT,MF,NF,NF,NF,NF]",CONT MF NF NF NF NF,16.2168317349132,False
uid___A001_X3788_X6369,1,6,"[CONT,MF,NF,NF,NF,NF]",CONT MF NF NF NF NF,20.03650221191314,False
uid___A001_X3788_X636c,2,6,"[CONT,MF,NF,NF,NF,NF]",CONT MF NF NF NF NF,18.094416030238857,False
uid___A001_X3788_X636e,1,6,"[CONT,MF,NF,NF,NF,NF]",CONT MF NF NF NF NF,20.383056020578593,False
uid___A001_X3788_X6371,1,6,"[CONT,MF,NF,NF,NF,NF]",CONT MF NF NF NF NF,18.712934071459916,False
uid___A001_X3788_X6373,1,6,"[CONT,MF,NF,NF,NF,NF]",CONT MF NF NF NF NF,20.987432068040974,False
uid___A001_X3788_X6376,1,6,"[CONT,MF,NF,NF,NF,NF]",CONT MF NF NF NF NF,15.541496363245555,False
uid___A001_X3788_X6378,1,6,"[CONT,MF,NF,NF,NF,NF]",CONT MF NF NF NF NF,19.37844929246645,False
uid___A001_X3788_X63d2,1,4,"[WC,WC,WC,WM]",WC WC WC WM,9.57986868133382,False
uid___A001_X3788_X63da,1,4,"[WC,WC,WC,WM]",WC WC WC WM,17.19450983333374,False
uid___A001_X3788_X63de,1,4,"[WC,WC,WC,WM]",WC WC WC WM,22.56147759999959,False
uid___A001_X3788_X63e2,1,4,"[WC,WC,WC,WM]",WC WC WC WM,21.192525453332927,False
uid___A001_X3788_X63f2,1,4,"[WC,WC,WC,WM]",WC WC WC WM,15.88989496266683,False
uid___A001_X3788_X643a,1,4,"[WC,WC,WC,WM]",WC WC WC WM,15.739589489332682,False
uid___A001_X3788_X652c,1,4,"[CONT,CONT,WM,WM]",CONT CONT WM WM,34.968655984518335,False
uid___A001_X3788_X6531,1,4,"[CONT,CONT,WM,WM]",CONT CONT WM WM,36.55642587354933,False
uid___A001_X3788_X6536,1,4,"[CONT,CONT,WM,WM]",CONT CONT WM WM,33.0559377019358,False
uid___A001_X3788_X653b,1,4,"[CONT,CONT,WM,WM]",CONT CONT WM WM,34.099356092903385,False
uid___A001_X3788_X6545,1,4,"[CONT,CONT,WM,WM]",CONT CONT WM WM,36.32994594838631,False
uid___A001_X3788_X654a,1,4,"[CONT,CONT,WM,WM]",CONT CONT WM WM,30.57137759612604,False
uid___A001_X3788_X655a,1,4,"[CONT,CONT,WM,WM]",CONT CONT WM WM,49.15777209161298,False
uid___A001_X3788_X655f,1,4,"[CONT,CONT,WM,WM]",CONT CONT WM WM,48.62855886709654,False
uid___A001_X3788_X6564,1,4,"[CONT,CONT,WM,WM]",CONT CONT WM WM,41.711296616774234,False
uid___A001_X3788_X6578,1,4,"[CONT,CONT,WM,WM]",CONT CONT WM WM,64.12690955870913,False
uid___A001_X3788_X6582,1,4,"[CONT,CONT,WM,WM]",CONT CONT WM WM,56.54121860129099,False
uid___A001_X3788_X6594,1,4,"[CONT,CONT,CONT,CONT]",CONT CONT CONT CONT,13.275603152500153,False
uid___A001_X3788_X6598,3,4,"[CONT,CONT,CONT,CONT]",CONT CONT CONT CONT,16.49807067562561,False
uid___A001_X3788_X65a8,2,4,"[CONT,CONT,CONT,CONT]",CONT CONT CONT CONT,14.846309456247711,False
uid___A001_X3788_X65ac,3,4,"[CONT,CONT,CONT,CONT]",CONT CONT CONT CONT,14.062161475,False
uid___A001_X3788_X65b0,1,4,"[CONT,CONT,CONT,CONT]",CONT CONT CONT CONT,13.276609645001221,False
uid___A001_X3788_X65b4,1,4,"[CONT,CONT,CONT,CONT]",CONT CONT CONT CONT,13.279587636251069,False
uid___A001_X3788_X65b8,1,4,"[CONT,CONT,CONT,CONT]",CONT CONT CONT CONT,13.475449915000915,False
uid___A001_X3788_X65bc,1,4,"[CONT,CONT,CONT,CONT]",CONT CONT CONT CONT,13.281174311873627,False
uid___A001_X3788_X65d1,1,4,"[WC,WC,WC,WC]",WC WC WC WC,43.39738731333252,False
uid___A001_X3788_X65f8,3,4,"[NF,NF,NF,WC]",NF NF NF WC,9.07762295386559,False
uid___A001_X3788_X65fe,2,4,"[NF,NF,NF,WC]",NF NF NF WC,9.463888291552772,False
uid___A001_X3788_X6604,2,4,"[NF,NF,NF,WC]",NF NF NF WC,13.685842659776728,False
uid___A001_X3788_X6679,1,4,"[CONT,CONT,CONT,CONT]",CONT CONT CONT CONT,13.278352345000172,False
uid___A001_X3788_X67a2,6,4,"[CONT,CONT,CONT,WC]",CONT CONT CONT WC,18.93302356317507,False
uid___A001_X3788_X6802,2,5,"[MM,MM,MM,WM,WM]",MM MM MM WM WM,27.96899308647833,False
uid___A001_X3788_X6805,1,5,"[MM,MM,MM,WM,WM]",MM MM MM WM WM,13.44098430476144,False
uid___A001_X3788_X6808,2,5,"[MM,MM,MM,WM,WM]",MM MM MM WM WM,16.196505723427734,False
uid___A001_X3788_X680b,1,5,"[MM,MM,MM,WM,WM]",MM MM MM WM WM,21.726835233523996,False
uid___A001_X3788_X680e,1,5,"[MM,MM,MM,WM,WM]",MM MM MM WM WM,11.201027026285807,False
uid___A001_X3788_X6811,1,5,"[MM,MM,MM,WM,WM]",MM MM MM WM WM,25.034839762285156,False
uid___A001_X3788_X6815,2,5,"[MM,MM,MM,WM,WM]",MM MM MM WM WM,24.666360589714007,False
uid___A001_X3788_X681b,1,5,"[MM,MM,MM,WM,WM]",MM MM MM WM WM,38.865966500572455,False
uid___A001_X3788_X681e,1,5,"[MM,MM,MM,WM,WM]",MM MM MM WM WM,15.814223404190848,False
uid___A001_X3788_X6821,2,5,"[MM,MM,MM,WM,WM]",MM MM MM WM WM,18.28604676266625,False
uid___A001_X3788_X6825,1,5,"[MM,MM,MM,WM,WM]",MM MM MM WM WM,18.542165049906995,False
uid___A001_X3788_X6828,1,5,"[MM,MM,MM,WM,WM]",MM MM MM WM WM,12.114621720380859,False
uid___A001_X3788_X69f8,3,9,"[NF,NF,NF,NF,NF,NF,NF,NF,WM]",NF NF NF NF NF NF NF NF WM,36.50288659577396,False
uid___A001_X3788_X6a02,5,9,"[NF,NF,NF,NF,NF,NF,NF,NF,WM]",NF NF NF NF NF NF NF NF WM,16.39847916257058,False
uid___A001_X3788_X6a08,3,9,"[NF,NF,NF,NF,NF,NF,NF,NF,WM]",NF NF NF NF NF NF NF NF WM,46.72968664880145,False
uid___A001_X3788_X6a0a,1,9,"[NF,NF,NF,NF,NF,NF,NF,NF,WM]",NF NF NF NF NF NF NF NF WM,18.635860988013253,False
uid___A001_X3788_X6a0c,5,9,"[NF,NF,NF,NF,NF,NF,NF,NF,WM]",NF NF NF NF NF NF NF NF WM,19.85860116439883,False
uid___A001_X3788_X6a12,1,9,"[NF,NF,NF,NF,NF,NF,NF,NF,WM]",NF NF NF NF NF NF NF NF WM,16.87195332745551,False
uid___A001_X3788_X6a16,2,9,"[NF,NF,NF,NF,NF,NF,NF,NF,WM]",NF NF NF NF NF NF NF NF WM,11.729633565078736,False
uid___A001_X3788_X6a1c,1,9,"[NF,NF,NF,NF,NF,NF,NF,NF,WM]",NF NF NF NF NF NF NF NF WM,52.300554457505505,False
uid___A001_X3788_X6a20,2,9,"[NF,NF,NF,NF,NF,NF,NF,NF,WM]",NF NF NF NF NF NF NF NF WM,29.61272126502721,False
uid___A001_X3788_X6a26,3,9,"[NF,NF,NF,NF,NF,NF,NF,NF,WM]",NF NF NF NF NF NF NF NF WM,16.931285029328265,False
uid___A001_X3788_X6a2a,5,9,"[NF,NF,NF,NF,NF,NF,NF,NF,WM]",NF NF NF NF NF NF NF NF WM,32.09592109438598,False
uid___A001_X3788_X6a30,2,9,"[NF,NF,NF,NF,NF,NF,NF,NF,WM]",NF NF NF NF NF NF NF NF WM,37.864005659477925,False
uid___A001_X3788_X6a32,1,9,"[NF,NF,NF,NF,NF,NF,NF,NF,WM]",NF NF NF NF NF NF NF NF WM,13.895927505763659,False
uid___A001_X3788_X6a34,2,9,"[NF,NF,NF,NF,NF,NF,NF,NF,WM]",NF NF NF NF NF NF NF NF WM,17.283707765979955,False
uid___A001_X3788_X6a3c,1,9,"[NF,NF,NF,NF,NF,NF,NF,NM,WM]",NF NF NF NF NF NF NF NM WM,29.038187803614775,False
uid___A001_X3788_X6a3e,5,9,"[NF,NF,NF,NF,NF,NF,NF,NM,WM]",NF NF NF NF NF NF NF NM WM,45.03172947938692,False
uid___A001_X3788_X6a46,4,7,"[MM,MM,MM,NM,NM,NM,NM]",MM MM MM NM NM NM NM,73.35573687344296,False
uid___A001_X3788_X6a62,2,4,"[CONT,CONT,MC,MC]",CONT CONT MC MC,39.222247165957185,False
uid___A001_X3788_X6a66,2,4,"[CONT,CONT,MC,MC]",CONT CONT MC MC,18.741083295318994,False
uid___A001_X3788_X6a6a,2,4,"[CONT,CONT,MC,MC]",CONT CONT MC MC,27.119749121703062,False
uid___A001_X3788_X6a6e,2,4,"[CONT,CONT,MC,MC]",CONT CONT MC MC,35.09914677106336,False
uid___A001_X3788_X6a7a,1,4,"[CONT,CONT,MC,MC]",CONT CONT MC MC,28.182124934467723,False
uid___A001_X3788_X6a86,2,4,"[CONT,CONT,MC,MC]",CONT CONT MC MC,28.45430434212828,False
uid___A001_X3788_X6a8a,2,4,"[CONT,CONT,MC,MC]",CONT CONT MC MC,36.434085433191434,False
uid___A001_X3788_X6a92,2,4,"[CONT,CONT,MC,MC]",CONT CONT MC MC,25.532239171063882,False
uid___A001_X3788_X6a9a,2,4,"[CONT,CONT,MC,MC]",CONT CONT MC MC,22.60790728510664,False
uid___A001_X3788_X6a9e,1,4,"[CONT,CONT,MC,MC]",CONT CONT MC MC,44.34378812255288,False
uid___A001_X3788_X6aa2,2,4,"[CONT,CONT,MC,MC]",CONT CONT MC MC,23.007711325957082,False
uid___A001_X3788_X6aa6,2,4,"[CONT,CONT,MC,MC]",CONT CONT MC MC,26.323312262127555,False
uid___A001_X3788_X6aaa,2,4,"[CONT,CONT,MC,MC]",CONT CONT MC MC,19.40725486297867,False
uid___A001_X3788_X6aae,2,4,"[CONT,CONT,MC,MC]",CONT CONT MC MC,22.731646621276596,False
uid___A001_X3788_X6ab2,2,4,"[CONT,CONT,MC,MC]",CONT CONT MC MC,25.657907499573792,False
uid___A001_X3788_X6ab6,2,4,"[CONT,CONT,MC,MC]",CONT CONT MC MC,30.0459856612767,False
uid___A001_X3788_X6aba,2,4,"[CONT,CONT,MC,MC]",CONT CONT MC MC,26.454831831489464,False
uid___A001_X3788_X6adb,3,4,"[WM,WM,WM,WM]",WM WM WM WM,53.036339714666745,False
uid___A001_X3788_X6adf,3,4,"[WM,WM,WM,WM]",WM WM WM WM,54.20698523333048,False
uid___A001_X3788_X6aec,3,4,"[CONT,CONT,CONT,CONT]",CONT CONT CONT CONT,14.046085524999237,False
uid___A001_X3788_X6af4,2,4,"[WC,WC,WC,WC]",WC WC WC WC,41.86941716266602,False
uid___A001_X3788_X6af8,2,4,"[WC,WC,WC,WC]",WC WC WC WC,30.753425575998534,False
uid___A001_X3788_X6afc,2,4,"[WC,WC,WC,WC]",WC WC WC WC,53.85354787333415,False
uid___A001_X3788_X6b08,2,4,"[WC,WC,WC,WC]",WC WC WC WC,22.08001069199951,False
uid___A001_X3788_X6ba3,2,5,"[MF,MF,MF,MF,WM]",MF MF MF MF WM,10.54399297706901,False
uid___A001_X3788_X6ba9,2,5,"[MF,MF,MF,MF,WM]",MF MF MF MF WM,14.111019067731771,False
uid___A001_X3788_X6baf,4,5,"[MF,MF,MF,MF,WM]",MF MF MF MF WM,7.143994717867187,False
uid___A001_X3788_X6bb5,3,5,"[MF,MF,MF,MF,WM]",MF MF MF MF WM,66.075070336,False
uid___A001_X3788_X6bbb,2,5,"[MF,MF,MF,MF,WM]",MF MF MF MF WM,10.42725008213672,False
uid___A001_X3788_X6bc1,3,5,"[MF,MF,MF,MF,WM]",MF MF MF MF WM,19.22603572053646,False
uid___A001_X3788_X6bc7,4,5,"[MF,MF,MF,MF,WM]",MF MF MF MF WM,51.413657292802085,False
uid___A001_X3788_X6bcd,3,5,"[MF,MF,MF,MF,WM]",MF MF MF MF WM,19.772723007997396,False
uid___A001_X3788_X6bd3,2,5,"[MF,MF,MF,MF,WM]",MF MF MF MF WM,41.49331624106771,False
uid___A001_X3788_X6bd9,3,5,"[MF,MF,MF,MF,WM]",MF MF MF MF WM,63.07245297920052,False
uid___A001_X3788_X6bdf,3,5,"[MF,MF,MF,MF,WM]",MF MF MF MF WM,16.705024516265624,False
uid___A001_X3788_X6be5,2,5,"[MF,MF,MF,MF,WM]",MF MF MF MF WM,17.399694301865885,False
uid___A001_X3788_X6beb,2,5,"[MF,MF,MF,MF,WM]",MF MF MF MF WM,48.79324453546745,False
uid___A001_X3788_X6bf1,3,5,"[MF,MF,MF,MF,WM]",MF MF MF MF WM,7.996423684268229,False
uid___A001_X3788_X6bfd,2,5,"[MF,MF,MF,MF,WM]",MF MF MF MF WM,50.91460258986719,False
uid___A001_X3788_X6c1a,1,5,"[CONT,MF,MM,MM,MM]",CONT MF MM MM MM,23.363967274801517,False
uid___A001_X3788_X6c1e,1,7,"[MF,MF,MF,MM,MM,NF,NF]",MF MF MF MM MM NF NF,33.58548052541533,False
uid___A001_X3788_X6c47,3,4,"[WC,WC,WC,WC]",WC WC WC WC,35.512333316000976,False
uid___A001_X3788_X6c4b,3,4,"[WC,WC,WC,WC]",WC WC WC WC,26.03248856400228,False
uid___A001_X3788_X6dab,1,6,"[MF,MF,MF,WM,WM,WM]",MF MF MF WM WM WM,9.782834637128406,False
uid___A001_X3788_X6dbb,1,7,"[MF,MF,MF,MF,MF,MF,MF]",MF MF MF MF MF MF MF,39.14721783894271,False
uid___A001_X3788_X6e95,1,4,"[WM,WM,WM,WM]",WM WM WM WM,20.831472959999594,False
uid___A001_X3788_X6e97,1,4,"[WM,WM,WM,WM]",WM WM WM WM,23.736190402666423,False
uid___A001_X3788_X6e9b,1,4,"[WM,WM,WM,WM]",WM WM WM WM,53.20766495999959,False
uid___A001_X3788_X6e9d,1,4,"[WM,WM,WM,WM]",WM WM WM WM,29.886371701333008,False
uid___A001_X3788_X6e9f,1,4,"[WM,WM,WM,WM]",WM WM WM WM,27.921584725332846,False
uid___A001_X3788_X6ea3,1,4,"[WM,WM,WM,WM]",WM WM WM WM,39.620416834666344,False
uid___A001_X3788_X6ea5,1,4,"[WM,WM,WM,WM]",WM WM WM WM,20.58144265600057,False
uid___A001_X3788_X6ea9,1,4,"[WM,WM,WM,WM]",WM WM WM WM,35.75824704400106,False
uid___A001_X3788_X6eab,1,4,"[WM,WM,WM,WM]",WM WM WM WM,38.86452348933309,False
uid___A001_X3788_X6ead,1,4,"[WM,WM,WM,WM]",WM WM WM WM,41.66245684933431,False
uid___A001_X3788_X6eb1,1,4,"[WM,WM,WM,WM]",WM WM WM WM,25.317227624000243,False
uid___A001_X3788_X6eb3,1,4,"[WM,WM,WM,WM]",WM WM WM WM,35.17832838933309,False
uid___A001_X3788_X6eb7,1,4,"[WM,WM,WM,WM]",WM WM WM WM,22.956958155999757,False
uid___A001_X3788_X6eb9,1,4,"[WM,WM,WM,WM]",WM WM WM WM,15.903298485333659,False
uid___A001_X3788_X6ebb,1,4,"[WM,WM,WM,WM]",WM WM WM WM,26.68192873733358,False
uid___A001_X3788_X6ebf,1,4,"[WM,WM,WM,WM]",WM WM WM WM,34.125856485331624,False
uid___A001_X3788_X6ec1,1,4,"[WM,WM,WM,WM]",WM WM WM WM,37.50909456799845,False
uid___A001_X3788_X6ed3,2,5,"[WM,WM,WM,WM,WM]",WM WM WM WM WM,nan,False
uid___A001_X3788_X6ed5,1,4,"[WM,WM,WM,WM]",WM WM WM WM,30.512961303999838,False
uid___A001_X3788_X6ed7,3,4,"[WM,WM,WM,WM]",WM WM WM WM,33.912585517335614,False
uid___A001_X3788_X6edf,1,4,"[WC,WC,WC,WC]",WC WC WC WC,13.617582843999227,False
uid___A001_X3788_X6ee3,1,4,"[WC,WC,WC,WC]",WC WC WC WC,20.95587225200073,False
uid___A001_X3788_X6f5b,4,8,"[CONT,CONT,CONT,CONT,CONT,CONT,CONT,CONT]",CONT CONT CONT CONT CONT CONT CONT CONT,20.199564054372406,False
uid___A001_X3788_X6fdd,4,4,"[NF,NF,WM,WM]",NF NF WM WM,17.58730977519021,False
uid___A001_X3788_X70c7,1,4,"[NF,WC,WC,WC]",NF WC WC WC,5.271746886625698,False
uid___A001_X3788_X70cd,3,4,"[NF,NF,NF,WC]",NF NF NF WC,12.528947253959352,False
uid___A001_X3788_X70d3,1,4,"[NF,WC,WC,WC]",NF WC WC WC,11.759579866526817,False
uid___A001_X3788_X70d9,1,4,"[NF,WC,WC,WC]",NF WC WC WC,27.082976293976866,False
uid___A001_X3788_X70df,1,4,"[NF,WC,WC,WC]",NF WC WC WC,11.811891842095395,False
uid___A001_X3788_X70e5,1,4,"[NF,WC,WC,WC]",NF WC WC WC,8.243543426695814,False
uid___A001_X3788_X70eb,1,4,"[NF,WC,WC,WC]",NF WC WC WC,21.133367535871137,False
uid___A001_X3788_X70f1,1,4,"[NF,WC,WC,WC]",NF WC WC WC,12.217175564164947,False
uid___A001_X3788_X70f7,1,4,"[NF,WC,WC,WC]",NF WC WC WC,10.84501033835312,False
uid___A001_X3788_X70fd,1,4,"[NF,WC,WC,WC]",NF WC WC WC,2.0826463231762364,False
uid___A001_X3788_X7103,1,4,"[NF,WC,WC,WC]",NF WC WC WC,28.14942696643889,False
uid___A001_X3788_X7109,2,4,"[NF,NF,NF,WC]",NF NF NF WC,13.213124397363854,False
uid___A001_X3788_X710f,2,4,"[NF,NF,NF,WC]",NF NF NF WC,12.77411405720721,False
uid___A001_X3788_X7115,2,4,"[NF,NF,NF,WC]",NF NF NF WC,14.115165146317564,False
uid___A001_X3788_X711b,2,4,"[NF,NF,NF,WC]",NF NF NF WC,12.830115906063456,False
uid___A001_X3788_X7121,2,4,"[NF,NF,NF,WC]",NF NF NF WC,12.254858187225759,False
uid___A001_X3788_X7127,2,4,"[NF,NF,NF,WC]",NF NF NF WC,13.262249238266259,False
uid___A001_X3788_X712d,2,4,"[NF,NF,NF,WC]",NF NF NF WC,2.7011330607907853,False
uid___A001_X3788_X7133,2,4,"[NF,NF,NF,WC]",NF NF NF WC,4.460740861994293,False
uid___A001_X3788_X7139,2,4,"[NF,NF,NF,WC]",NF NF NF WC,13.081217612954601,False
uid___A001_X3788_X713f,1,4,"[NF,WC,WC,WC]",NF WC WC WC,24.31950925486612,False
uid___A001_X3788_X71f1,4,5,"[CONT,MC,MC,WC,WC]",CONT MC MC WC WC,29.54436610360708,False
uid___A001_X3788_X722a,1,4,"[WC,WC,WC,WC]",WC WC WC WC,18.85073563066691,False
uid___A001_X3788_X722e,1,4,"[WC,WC,WC,WC]",WC WC WC WC,19.059088175999754,False
uid___A001_X3788_X7232,2,4,"[WC,WC,WC,WC]",WC WC WC WC,16.346080309333903,False
uid___A001_X3788_X7236,2,4,"[WC,WC,WC,WC]",WC WC WC WC,18.53232541866618,False
uid___A001_X3788_X723a,2,4,"[WC,WC,WC,WC]",WC WC WC WC,22.490847787999268,False
uid___A001_X3788_X723e,2,4,"[WC,WC,WC,WC]",WC WC WC WC,25.094425349332276,False
uid___A001_X3788_X7242,6,4,"[WC,WC,WC,WC]",WC WC WC WC,40.92908147466512,False
uid___A001_X3788_X7246,4,4,"[WC,WC,WC,WC]",WC WC WC WC,17.593308880000407,False
uid___A001_X3788_X724a,4,4,"[WC,WC,WC,WC]",WC WC WC WC,33.42868657600057,False
uid___A001_X3788_X7263,3,9,"[MF,MF,NF,NF,NF,NF,NF,NF,WM]",MF MF NF NF NF NF NF NF WM,14.554872589625255,False
uid___A001_X3788_X7269,4,9,"[MF,MF,NF,NF,NF,NF,NF,NF,WM]",MF MF NF NF NF NF NF NF WM,16.89100550610937,False
uid___A001_X3788_X726f,8,9,"[MF,MF,NF,NF,NF,NF,NF,NF,WM]",MF MF NF NF NF NF NF NF WM,10.31564165498408,False
uid___A001_X3788_X7275,6,9,"[MF,MF,NF,NF,NF,NF,NF,NF,WM]",MF MF NF NF NF NF NF NF WM,6.2790076043383385,False
uid___A001_X3788_X727b,6,9,"[MF,MF,NF,NF,NF,NF,NF,NF,WM]",MF MF NF NF NF NF NF NF WM,17.09489561662126,False
uid___A001_X3788_X7281,3,9,"[MF,MF,NF,NF,NF,NF,NF,NF,WM]",MF MF NF NF NF NF NF NF WM,20.785567863598136,False
uid___A001_X3788_X7287,5,9,"[MF,MF,NF,NF,NF,NF,NF,NF,WM]",MF MF NF NF NF NF NF NF WM,4.272420997389542,False
uid___A001_X3788_X729e,1,7,"[MM,NF,NF,NF,NF,NF,NF]",MM NF NF NF NF NF NF,21.408674736412497,False
uid___A001_X3788_X750c,7,12,"[MM,NM,NM,NM,NM,NM,NM,NM,NM,NM,NM,WC]",MM NM NM NM NM NM NM NM NM NM NM WC,28.0269080688015,False
uid___A001_X3788_X7510,5,11,"[MM,MM,NM,NM,NM,NM,NM,NM,NM,NM,WC]",MM MM NM NM NM NM NM NM NM NM WC,25.205155506818013,False
uid___A001_X3788_X751f,1,8,"[WM,WM,WM,WM,WM,WM,WM,WM]",WM WM WM WM WM WM WM WM,70.96091401999756,False
uid___A001_X3788_X75a7,1,4,"[CONT,CONT,CONT,MC]",CONT CONT CONT MC,15.080303051531708,False
uid___A001_X3788_X75af,1,4,"[CONT,CONT,CONT,MC]",CONT CONT CONT MC,18.813034877116984,False
uid___A001_X3788_X75b3,1,4,"[CONT,CONT,CONT,MC]",CONT CONT CONT MC,17.349323182702747,False
uid___A001_X3788_X75b7,1,4,"[CONT,CONT,CONT,MC]",CONT CONT CONT MC,12.620015127927928,False
uid___A001_X3788_X75bb,2,4,"[CONT,CONT,CONT,MC]",CONT CONT CONT MC,14.533333370810679,False
uid___A001_X3788_X75bf,1,4,"[CONT,CONT,CONT,MC]",CONT CONT CONT MC,12.336946278918788,False
uid___A001_X3788_X75c3,2,4,"[CONT,CONT,CONT,MC]",CONT CONT CONT MC,16.900620096577192,False
uid___A001_X3788_X75c7,1,4,"[CONT,CONT,CONT,MC]",CONT CONT CONT MC,12.390488681802065,False
uid___A001_X3788_X75cb,2,4,"[CONT,CONT,CONT,MC]",CONT CONT CONT MC,13.730468898018282,False
uid___A001_X3788_X75d3,1,4,"[CONT,CONT,CONT,MC]",CONT CONT CONT MC,19.09437609945915,False
uid___A001_X3788_X762c,2,8,"[CONT,CONT,CONT,CONT,CONT,CONT,CONT,CONT]",CONT CONT CONT CONT CONT CONT CONT CONT,19.431653484375,False
uid___A001_X3788_X7665,1,8,"[MF,MF,MF,MF,MF,MF,MF,WF]",MF MF MF MF MF MF MF WF,27.279309068203126,False
uid___A001_X3788_X7677,1,8,"[MF,MF,MF,MF,MF,MF,MF,WF]",MF MF MF MF MF MF MF WF,27.028312896000745,False
uid___A001_X3788_X76b9,2,4,"[WC,WC,WC,WC]",WC WC WC WC,35.64389005733337,False
uid___A001_X3788_X76cd,1,4,"[WC,WC,WC,WC]",WC WC WC WC,39.997177346664635,False
uid___A001_X3788_X76de,4,4,"[CONT,CONT,WC,WC]",CONT CONT WC WC,34.97014969290496,False
uid___A001_X3788_X7805,5,4,"[MM,NF,NF,NF]",MM NF NF NF,13.709913576210463,False
uid___A001_X3788_X780b,2,4,"[MM,NF,NF,NF]",MM NF NF NF,45.62879698699526,False
uid___A001_X3788_X7821,1,4,"[WC,WC,WC,WC]",WC WC WC WC,10.175228032000021,False
uid___A001_X3788_X7825,1,4,"[WC,WC,WC,WC]",WC WC WC WC,42.33868693466736,False
uid___A001_X3788_X7827,1,4,"[WC,WC,WC,WC]",WC WC WC WC,38.19067146000061,False
uid___A001_X3788_X782c,1,4,"[WC,WC,WC,WC]",WC WC WC WC,43.807682086667484,False
uid___A001_X3788_X7831,1,4,"[WC,WC,WC,WC]",WC WC WC WC,23.52023880400004,False
uid___A001_X3788_X7851,8,4,"[WC,WC,WC,WC]",WC WC WC WC,50.307851803999434,False
uid___A001_X3788_X7855,9,4,"[WC,WC,WC,WC]",WC WC WC WC,45.411803946666666,False
uid___A001_X3788_X7859,8,4,"[WC,WC,WC,WC]",WC WC WC WC,47.49560948799967,False
uid___A001_X3788_X785d,4,4,"[WC,WC,WC,WC]",WC WC WC WC,19.99448835600057,False
uid___A001_X3788_X7871,1,8,"[WM,WM,WM,WM,WM,WM,WM,WM]",WM WM WM WM WM WM WM WM,66.23384596866292,False
uid___A001_X3788_X78b0,3,4,"[WC,WC,WC,WC]",WC WC WC WC,56.2445088813326,False
uid___A001_X3788_X78b4,1,4,"[WC,WC,WC,WC]",WC WC WC WC,48.17807312000163,False
uid___A001_X3788_X78bc,1,4,"[WC,WC,WC,WC]",WC WC WC WC,47.89641687866577,False
uid___A001_X3788_X78c7,13,4,"[WC,WC,WC,WC]",WC WC WC WC,4.883036379999898,False
uid___A001_X3788_X79e8,2,4,"[CONT,CONT,MF,MF]",CONT CONT MF MF,15.982330711899229,False
uid___A001_X3788_X79ea,3,4,"[CONT,CONT,MF,MF]",CONT CONT MF MF,16.999337320506577,False
uid___A001_X3788_X7a0c,4,4,"[WC,WC,WC,WM]",WC WC WC WM,37.161853743999835,False
uid___A001_X3788_X7a12,10,10,"[WC,WC,WC,WC,WC,WC,WC,WC,WM,WM]",WC WC WC WC WC WC WC WC WM WM,nan,False
uid___A001_X3788_X7a15,12,8,"[WC,WC,WC,WC,WC,WC,WM,WM]",WC WC WC WC WC WC WM WM,44.9233353826652,False
uid___A001_X3788_X7a19,4,4,"[WC,WC,WC,WM]",WC WC WC WM,38.976937465333656,False
uid___A001_X3788_X7a1c,10,4,"[WC,WC,WC,WM]",WC WC WC WM,49.29783728133247,False
uid___A001_X3788_X7a1f,6,4,"[WC,WC,WC,WM]",WC WC WC WM,43.67689557933472,False
uid___A001_X3788_X7a25,5,5,"[WC,WC,WC,WC,WM]",WC WC WC WC WM,nan,False
uid___A001_X3788_X7a29,1,4,"[WC,WC,WC,WM]",WC WC WC WM,54.399547814665524,False
uid___A001_X3788_X7a2c,1,4,"[WC,WC,WC,WM]",WC WC WC WM,45.523038921336266,False
uid___A001_X3788_X7a2f,1,4,"[WC,WC,WC,WM]",WC WC WC WM,33.086122414665525,False
uid___A001_X3788_X7a32,1,4,"[WC,WC,WC,WM]",WC WC WC WM,36.23963103200195,False
uid___A001_X3788_X7a36,2,4,"[WC,WC,WC,WM]",WC WC WC WM,49.137662556000166,False
uid___A001_X3788_X7a39,1,4,"[WC,WC,WC,WM]",WC WC WC WM,44.1480566919987,False
uid___A001_X3788_X7a3c,4,4,"[WC,WC,WC,WM]",WC WC WC WM,45.018696095334064,False
uid___A001_X3788_X7a3f,3,4,"[WC,WC,WC,WM]",WC WC WC WM,44.45420249200033,False
uid___A001_X3788_X7a42,3,4,"[WC,WC,WC,WM]",WC WC WC WM,56.396380233331705,False
uid___A001_X3788_X7a45,1,4,"[WC,WC,WC,WM]",WC WC WC WM,42.994270469331056,False
uid___A001_X3788_X7a48,4,8,"[WC,WC,WC,WC,WC,WC,WM,WM]",WC WC WC WC WC WC WM WM,41.11429027133342,False
uid___A001_X3788_X7a5c,2,4,"[WC,WC,WC,WC]",WC WC WC WC,43.507843390666096,False
uid___A001_X3788_X7a64,1,4,"[WC,WC,WC,WC]",WC WC WC WC,43.118039698669435,False
uid___A001_X3788_X7adb,1,4,"[CONT,CONT,CONT,CONT]",CONT CONT CONT CONT,18.15950742499981,False
uid___A001_X3788_X7adf,1,4,"[CONT,CONT,CONT,CONT]",CONT CONT CONT CONT,17.964441597499846,False
uid___A001_X3788_X7ae7,1,4,"[CONT,CONT,CONT,CONT]",CONT CONT CONT CONT,21.28498682875004,False
uid___A001_X3788_X7aef,2,4,"[CONT,CONT,CONT,CONT]",CONT CONT CONT CONT,29.488357395000076,False
uid___A001_X3788_X7af3,1,4,"[CONT,CONT,CONT,CONT]",CONT CONT CONT CONT,21.480034226249312,False
uid___A001_X3788_X7af7,1,4,"[CONT,CONT,CONT,CONT]",CONT CONT CONT CONT,22.456675958749962,False
uid___A001_X3788_X7afb,2,4,"[CONT,CONT,CONT,CONT]",CONT CONT CONT CONT,16.57330763564172,False
uid___A001_X3788_X7b07,2,4,"[CONT,CONT,CONT,CONT]",CONT CONT CONT CONT,16.302414680191752,False
uid___A001_X3788_X7b1b,1,4,"[CONT,CONT,CONT,CONT]",CONT CONT CONT CONT,15.482612397099993,False
uid___A001_X3788_X7b1f,1,4,"[CONT,CONT,CONT,CONT]",CONT CONT CONT CONT,15.288301244458358,False
uid___A001_X3788_X7b23,1,4,"[CONT,CONT,CONT,CONT]",CONT CONT CONT CONT,15.903412095142867,False
uid___A001_X3788_X7b5a,1,4,"[WC,WC,WC,WC]",WC WC WC WC,14.450205340000203,False
uid___A001_X3788_X7b5e,1,4,"[WC,WC,WC,WC]",WC WC WC WC,7.61489508666687,False
uid___A001_X3788_X7b62,1,4,"[WC,WC,WC,WC]",WC WC WC WC,13.157303290666707,False
uid___A001_X3788_X7b6a,1,4,"[WC,WC,WC,WC]",WC WC WC WC,nan,False
uid___A001_X3788_X7b6e,1,4,"[WC,WC,WC,WC]",WC WC WC WC,6.306555507999675,False
uid___A001_X3788_X7b76,1,4,"[WC,WC,WC,WC]",WC WC WC WC,13.893329443999633,False
uid___A001_X3788_X7b8e,1,4,"[WC,WC,WC,WC]",WC WC WC WC,6.431287630666504,False
uid___A001_X3788_X7b96,1,4,"[WC,WC,WC,WC]",WC WC WC WC,5.6230756773329675,False
uid___A001_X3788_X7b9e,1,4,"[WC,WC,WC,WC]",WC WC WC WC,12.751201925333456,False
uid___A001_X3788_X7ba6,1,4,"[WC,WC,WC,WC]",WC WC WC WC,13.168997762666423,False
uid___A001_X3788_X7bae,1,4,"[WC,WC,WC,WC]",WC WC WC WC,21.34793731200073,False
uid___A001_X3788_X7bb2,1,4,"[WC,WC,WC,WC]",WC WC WC WC,11.032769256000163,False
uid___A001_X3788_X7bbe,1,4,"[WC,WC,WC,WC]",WC WC WC WC,17.492150344000244,False
uid___A001_X3788_X7bc2,1,4,"[WC,WC,WC,WC]",WC WC WC WC,19.739283101333008,False
uid___A001_X3788_X7bde,1,4,"[WC,WC,WC,WC]",WC WC WC WC,3.18043086,False
uid___A001_X3788_X7c55,1,4,"[CONT,CONT,WC,WC]",CONT CONT WC WC,22.784954452902912,False
uid___A001_X3788_X7c57,1,4,"[CONT,CONT,WC,WC]",CONT CONT WC WC,40.72915276129111,False
uid___A001_X3788_X7c67,1,4,"[CONT,CONT,WC,WC]",CONT CONT WC WC,29.53869107612856,False
uid___A001_X3788_X7c69,1,4,"[CONT,CONT,WC,WC]",CONT CONT WC WC,39.41913185419371,False
uid___A001_X3788_X7c8f,1,5,"[MF,MF,WM,WM,WM]",MF MF WM WM WM,15.307678629206299,False
uid___A001_X3788_X7c93,5,5,"[MF,MF,WM,WM,WM]",MF MF WM WM WM,14.945754352639584,False
uid___A001_X3788_X7c97,1,5,"[MF,MF,WM,WM,WM]",MF MF WM WM WM,8.015306728105859,False
uid___A001_X3788_X7c99,1,5,"[MF,MF,WM,WM,WM]",MF MF WM WM WM,9.069784095573436,False
uid___A001_X3788_X7c9b,1,5,"[MF,MF,WM,WM,WM]",MF MF WM WM WM,7.959727067305989,False
uid___A001_X3788_X7ca1,1,5,"[MF,MF,WM,WM,WM]",MF MF WM WM WM,10.778522922665365,False
uid___A001_X3788_X7ca4,1,5,"[MF,MF,WM,WM,WM]",MF MF WM WM WM,13.119914039295205,False
uid___A001_X3788_X7ca6,2,5,"[MF,MF,WM,WM,WM]",MF MF WM WM WM,11.969404455595416,False
uid___A001_X3788_X7caa,1,5,"[MF,MF,WM,WM,WM]",MF MF WM WM WM,9.147255101439583,False
uid___A001_X3788_X7cac,1,5,"[MF,MF,WM,WM,WM]",MF MF WM WM WM,10.509431267842187,False
uid___A001_X3788_X7cb1,1,5,"[MF,MF,WM,WM,WM]",MF MF WM WM WM,12.776940556971041,False
uid___A001_X3788_X7cfc,4,4,"[WC,WC,WC,WC]",WC WC WC WC,12.60171904666626,False
uid___A001_X3788_X7d00,1,8,"[WC,WC,WC,WC,WC,WC,WC,WC]",WC WC WC WC WC WC WC WC,37.49451139533203,False
uid___A001_X3788_X7d08,1,4,"[WC,WC,WC,WC]",WC WC WC WC,38.38510332266683,False
uid___A001_X3788_X7d0c,4,4,"[CONT,CONT,CONT,CONT]",CONT CONT CONT CONT,18.55279446499939,False
uid___A001_X3788_X7d5f,3,4,"[CONT,CONT,CONT,CONT]",CONT CONT CONT CONT,55.658337873749545,False
uid___A001_X3788_X7d67,1,4,"[CONT,CONT,CONT,CONT]",CONT CONT CONT CONT,42.97119398749771,False
uid___A001_X3788_X7d69,1,4,"[CONT,CONT,CONT,CONT]",CONT CONT CONT CONT,25.776934412499237,False
uid___A001_X3788_X7db0,1,4,"[WC,WC,WC,WC]",WC WC WC WC,7.521386366666565,False
uid___A001_X3788_X7db4,4,4,"[WC,WC,WC,WC]",WC WC WC WC,4.636396649333191,False
uid___A001_X3788_X7e33,1,6,"[MM,MM,NF,NF,NF,NF]",MM MM NF NF NF NF,18.921082892336663,False
uid___A001_X3788_X7e35,1,6,"[MM,MM,NF,NF,NF,NF]",MM MM NF NF NF NF,34.17150405482949,False
uid___A001_X3788_X7e39,1,5,"[NF,NF,NF,NF,NF]",NF NF NF NF NF,27.828966989687753,False
uid___A001_X3788_X7e3b,4,5,"[NF,NF,NF,NF,NF]",NF NF NF NF NF,27.743163201558026,False
uid___A001_X3788_X7e45,1,5,"[NF,NF,NF,NF,NF]",NF NF NF NF NF,24.375865876589245,False
uid___A001_X3788_X7e47,5,5,"[NF,NF,NF,NF,NF]",NF NF NF NF NF,25.678225477773633,False
uid___A001_X3788_X7e56,10,5,"[CONT,MF,MF,MF,WC]",CONT MF MF MF WC,41.126029838959774,False
uid___A001_X3788_X7e5c,1,5,"[CONT,MM,MM,MM,MM]",CONT MM MM MM MM,19.52949346723217,False
uid___A001_X3788_X7ead,3,4,"[WC,WC,WC,WC]",WC WC WC WC,0.7281192586665853,False
uid___A001_X3788_X7eb6,58,10,"[MF,NF,NF,NF,NF,NF,NF,NF,NF,WM]",MF NF NF NF NF NF NF NF NF WM,34.284234569349834,False
uid___A001_X3788_X7f21,5,4,"[MF,MF,MF,WM]",MF MF MF WM,17.567886106210192,False
uid___A001_X3788_X7f26,2,4,"[MF,MF,MF,WM]",MF MF MF WM,14.952896402281436,False
uid___A001_X3788_X7f2b,4,4,"[MF,MF,MF,WM]",MF MF MF WM,12.387473737143788,False
uid___A001_X3788_X7f92,1,4,"[CONT,CONT,CONT,CONT]",CONT CONT CONT CONT,17.972445418751526,False
uid___A001_X3788_X7f96,1,8,"[CONT,CONT,CONT,CONT,CONT,CONT,CONT,CONT]",CONT CONT CONT CONT CONT CONT CONT CONT,27.43592732062378,False
uid___A001_X3788_X7f98,2,8,"[CONT,CONT,CONT,CONT,CONT,CONT,CONT,CONT]",CONT CONT CONT CONT CONT CONT CONT CONT,21.78020951812439,False
uid___A001_X3788_X8123,8,4,"[CONT,CONT,CONT,MC]",CONT CONT CONT MC,13.830252296936806,False
uid___A001_X3788_X8127,2,4,"[CONT,CONT,CONT,MC]",CONT CONT CONT MC,18.66883733909901,False
uid___A001_X3788_X812b,2,4,"[CONT,CONT,CONT,MC]",CONT CONT CONT MC,23.496592085045176,False
uid___A001_X3788_X812f,3,4,"[CONT,CONT,CONT,MC]",CONT CONT CONT MC,23.10354838342285,False
uid___A001_X3788_X8133,4,4,"[CONT,CONT,CONT,MC]",CONT CONT CONT MC,29.989211780901385,False
uid___A001_X3788_X8137,7,4,"[CONT,CONT,CONT,MC]",CONT CONT CONT MC,17.33140914018005,False
uid___A001_X3788_X813b,2,4,"[CONT,CONT,CONT,MC]",CONT CONT CONT MC,23.591345796035903,False
uid___A001_X3788_X813f,4,4,"[CONT,CONT,CONT,MC]",CONT CONT CONT MC,18.349416964324675,False
uid___A001_X3788_X8143,10,4,"[CONT,CONT,CONT,MC]",CONT CONT CONT MC,17.233784797837597,False
uid___A001_X3788_X8147,2,4,"[CONT,CONT,CONT,MC]",CONT CONT CONT MC,17.741379143783213,False
uid___A001_X3788_X814b,6,4,"[CONT,CONT,CONT,MC]",CONT CONT CONT MC,17.487562103062974,False
uid___A001_X3788_X814f,3,4,"[CONT,CONT,CONT,MC]",CONT CONT CONT MC,14.576142777657834,False
uid___A001_X3788_X8153,4,4,"[CONT,CONT,CONT,MC]",CONT CONT CONT MC,14.75318524108117,False
uid___A001_X3788_X8157,7,4,"[CONT,CONT,CONT,MC]",CONT CONT CONT MC,33.84989181981982,False
uid___A001_X3788_X815b,17,4,"[CONT,CONT,CONT,MC]",CONT CONT CONT MC,27.212063778017885,False
uid___A001_X3788_X815f,7,4,"[CONT,CONT,CONT,MC]",CONT CONT CONT MC,19.29512943063052,False
uid___A001_X3788_X8163,3,4,"[CONT,CONT,CONT,MC]",CONT CONT CONT MC,13.802397282162119,False
uid___A001_X3788_X8167,5,4,"[CONT,CONT,CONT,MC]",CONT CONT CONT MC,30.151699053693893,False
uid___A001_X3788_X816b,5,4,"[CONT,CONT,CONT,MC]",CONT CONT CONT MC,25.74049344144122,False
uid___A001_X3788_X816f,5,4,"[CONT,CONT,CONT,MC]",CONT CONT CONT MC,21.980964396396836,False
uid___A001_X3788_X8173,3,4,"[CONT,CONT,CONT,MC]",CONT CONT CONT MC,27.680455801080598,False
uid___A001_X3788_X8177,4,4,"[CONT,CONT,CONT,MC]",CONT CONT CONT MC,24.824628967207516,False
uid___A001_X3788_X817b,4,4,"[CONT,CONT,CONT,MC]",CONT CONT CONT MC,19.857914154954734,False
uid___A001_X3788_X8181,8,4,"[CONT,CONT,CONT,MF]",CONT CONT CONT MF,15.649549837293366,False
uid___A001_X3788_X818f,1,4,"[MF,MF,MF,MF]",MF MF MF MF,82.87644465598714,False
uid___A001_X3788_X8191,1,4,"[MF,MF,MF,MF]",MF MF MF MF,88.98878568533448,False
uid___A001_X3788_X8195,1,4,"[MF,MF,MF,MF]",MF MF MF MF,71.68368367467123,False
uid___A001_X3788_X8197,1,4,"[MF,MF,MF,MF]",MF MF MF MF,87.95114824532878,False
uid___A001_X3788_X819d,2,5,"[MF,MF,MF,MF,MF]",MF MF MF MF MF,82.29909191999838,False
uid___A001_X3788_X81a1,1,6,"[MF,MF,MF,MF,MF,MF]",MF MF MF MF MF MF,73.1409897173226,False
uid___A001_X3788_X81a5,1,4,"[MF,MF,MF,MF]",MF MF MF MF,80.48957140799642,False
uid___A001_X3788_X81a9,1,6,"[MF,MF,MF,MF,MF,MF]",MF MF MF MF MF MF,77.21847217777561,False
uid___A001_X3788_X81b0,3,4,"[CONT,CONT,CONT,MC]",CONT CONT CONT MC,20.9912309131528,False
uid___A001_X3788_X81b4,1,4,"[CONT,CONT,CONT,MC]",CONT CONT CONT MC,19.3162383207205,False
uid___A001_X3788_X81d3,1,4,"[WM,WM,WM,WM]",WM WM WM WM,56.50806350711263,False
uid___A001_X3788_X81df,1,4,"[WM,WM,WM,WM]",WM WM WM WM,57.52236009022271,False
uid___A001_X3788_X81e3,2,4,"[WM,WM,WM,WM]",WM WM WM WM,49.57910777111139,False
uid___A001_X3788_X81eb,1,4,"[WM,WM,WM,WM]",WM WM WM WM,40.6963916046639,False
uid___A001_X3788_X81ef,1,4,"[WM,WM,WM,WM]",WM WM WM WM,46.02193697688856,False
uid___A001_X3788_X81f3,1,4,"[WM,WM,WM,WM]",WM WM WM WM,48.70858617288845,False
uid___A001_X3788_X81ff,1,4,"[WM,WM,WM,WM]",WM WM WM WM,50.519045292445746,False
uid___A001_X3788_X8203,1,4,"[WM,WM,WM,WM]",WM WM WM WM,53.90713792000164,False
uid___A001_X3788_X8207,1,4,"[WM,WM,WM,WM]",WM WM WM WM,59.432851328000766,False
uid___A001_X3788_X822e,3,4,"[WC,WC,WC,WC]",WC WC WC WC,25.667847163999838,False
uid___A001_X3788_X8230,2,4,"[WC,WC,WC,WC]",WC WC WC WC,23.178459630666502,False
uid___A001_X3788_X8232,8,4,"[WC,WC,WC,WC]",WC WC WC WC,29.89307064933268,False
uid___A001_X3788_X823a,3,4,"[WC,WC,WC,WC]",WC WC WC WC,54.24641100666687,False
uid___A001_X3788_X824c,1,4,"[CONT,CONT,CONT,WC]",CONT CONT CONT WC,21.235177999999614,False
uid___A001_X3788_X8250,1,4,"[CONT,CONT,CONT,WC]",CONT CONT CONT WC,16.4732152177777,False
uid___A001_X3788_X8254,1,4,"[CONT,CONT,CONT,WC]",CONT CONT CONT WC,13.794135104761324,False
uid___A001_X3788_X8258,1,4,"[CONT,CONT,CONT,WC]",CONT CONT CONT WC,24.011957678729733,False
uid___A001_X3788_X825c,1,4,"[CONT,CONT,CONT,WC]",CONT CONT CONT WC,16.224107470476035,False
uid___A001_X3788_X8260,1,4,"[CONT,CONT,CONT,WC]",CONT CONT CONT WC,18.55548601396833,False
uid___A001_X3788_X8264,2,4,"[CONT,CONT,CONT,WC]",CONT CONT CONT WC,21.63131110730174,False
uid___A001_X3788_X82b6,1,4,"[MF,MM,MM,WM]",MF MM MM WM,35.02811011071875,False
uid___A001_X3788_X82bd,1,4,"[MF,MM,MM,WM]",MF MM MM WM,18.97921116159479,False
uid___A001_X3788_X82c2,2,4,"[MF,MM,MM,WM]",MF MM MM WM,45.55892786859271,False
uid___A001_X3788_X82c7,2,4,"[MF,MM,MM,WM]",MF MM MM WM,55.755428745217706,False
uid___A001_X3788_X82ca,1,4,"[MF,MM,MM,WM]",MF MM MM WM,48.76344257535729,False
uid___A001_X3788_X82cc,2,4,"[MF,MM,MM,WM]",MF MM MM WM,37.11940235605625,False
uid___A001_X3788_X82d1,2,4,"[MF,MM,MM,WM]",MF MM MM WM,29.252654914558853,False
uid___A001_X3788_X82e0,17,4,"[WM,WM,WM,WM]",WM WM WM WM,71.8081027093335,False
uid___A001_X3788_X835d,1,4,"[CONT,CONT,CONT,CONT]",CONT CONT CONT CONT,17.57151983999996,False
uid___A001_X3788_X8360,1,4,"[CONT,CONT,CONT,CONT]",CONT CONT CONT CONT,18.167527856718767,False
uid___A001_X3788_X8363,1,4,"[CONT,CONT,CONT,CONT]",CONT CONT CONT CONT,18.85094806468754,False
uid___A001_X3788_X8366,1,4,"[CONT,CONT,CONT,CONT]",CONT CONT CONT CONT,20.9630532104167,False
uid___A001_X3788_X8369,1,4,"[CONT,CONT,CONT,CONT]",CONT CONT CONT CONT,18.746547439999972,False
uid___A001_X3788_X836c,1,4,"[CONT,CONT,CONT,CONT]",CONT CONT CONT CONT,20.048193104583262,False
uid___A001_X3788_X836f,1,4,"[CONT,CONT,CONT,CONT]",CONT CONT CONT CONT,17.19166195750003,False
uid___A001_X3788_X8372,1,4,"[CONT,CONT,CONT,CONT]",CONT CONT CONT CONT,20.82765012958333,False
uid___A001_X3788_X8375,1,4,"[CONT,CONT,CONT,CONT]",CONT CONT CONT CONT,17.18643129875005,False
uid___A001_X3788_X8378,1,4,"[CONT,CONT,CONT,CONT]",CONT CONT CONT CONT,20.830839756249965,False
uid___A001_X3788_X837b,1,4,"[CONT,CONT,CONT,CONT]",CONT CONT CONT CONT,21.229142184583377,False
uid___A001_X3788_X837e,1,4,"[CONT,CONT,CONT,CONT]",CONT CONT CONT CONT,17.19114176250016,False
uid___A001_X3788_X8381,1,4,"[CONT,CONT,CONT,CONT]",CONT CONT CONT CONT,17.190002527499868,False
uid___A001_X3788_X8384,1,4,"[CONT,CONT,CONT,CONT]",CONT CONT CONT CONT,30.471745465625045,False
uid___A001_X3788_X8387,2,4,"[CONT,CONT,CONT,CONT]",CONT CONT CONT CONT,26.755133831874943,False
uid___A001_X3788_X838a,1,4,"[CONT,CONT,CONT,CONT]",CONT CONT CONT CONT,17.192673925625083,False
uid___A001_X3788_X838d,1,4,"[CONT,CONT,CONT,CONT]",CONT CONT CONT CONT,24.483794376249886,False
uid___A001_X3788_X8390,1,4,"[CONT,CONT,CONT,CONT]",CONT CONT CONT CONT,23.447040328124906,False
uid___A001_X3788_X8393,1,4,"[CONT,CONT,CONT,CONT]",CONT CONT CONT CONT,18.368079815000108,False
uid___A001_X3788_X8396,1,4,"[CONT,CONT,CONT,CONT]",CONT CONT CONT CONT,19.920086942499925,False
uid___A001_X3788_X839c,1,4,"[CONT,CONT,CONT,CONT]",CONT CONT CONT CONT,17.18696297875004,False
uid___A001_X3788_X839f,1,4,"[CONT,CONT,CONT,CONT]",CONT CONT CONT CONT,24.802104566250083,False
uid___A001_X3788_X83a2,1,4,"[CONT,CONT,CONT,CONT]",CONT CONT CONT CONT,17.179698930000114,False
uid___A001_X3788_X83a5,1,4,"[CONT,CONT,CONT,CONT]",CONT CONT CONT CONT,20.49758205125008,False
uid___A001_X3788_X83a8,1,4,"[CONT,CONT,CONT,CONT]",CONT CONT CONT CONT,17.192065022499943,False
uid___A001_X3788_X83ab,1,4,"[CONT,CONT,CONT,CONT]",CONT CONT CONT CONT,19.930299557500017,False
uid___A001_X3788_X83ae,1,4,"[CONT,CONT,CONT,CONT]",CONT CONT CONT CONT,17.194253525000097,False
uid___A001_X3788_X83b1,1,4,"[CONT,CONT,CONT,CONT]",CONT CONT CONT CONT,22.34578980406251,False
uid___A001_X3788_X83b4,1,4,"[CONT,CONT,CONT,CONT]",CONT CONT CONT CONT,21.021876909750063,False
uid___A001_X3788_X83b8,1,4,"[CONT,CONT,CONT,CONT]",CONT CONT CONT CONT,17.176533769999693,False
uid___A001_X3788_X83bb,1,4,"[CONT,CONT,CONT,CONT]",CONT CONT CONT CONT,17.431836982500005,False
uid___A001_X3788_X83be,1,4,"[CONT,CONT,CONT,CONT]",CONT CONT CONT CONT,21.77636883937502,False
uid___A001_X3788_X83c1,1,4,"[CONT,CONT,CONT,CONT]",CONT CONT CONT CONT,17.185431763333195,False
uid___A001_X3788_X83c4,1,4,"[CONT,CONT,CONT,CONT]",CONT CONT CONT CONT,21.28585537020842,False
uid___A001_X3788_X83c7,2,4,"[CONT,CONT,CONT,CONT]",CONT CONT CONT CONT,27.210663827083398,False
uid___A001_X3788_X83ca,1,4,"[CONT,CONT,CONT,CONT]",CONT CONT CONT CONT,21.871695167500018,False
uid___A001_X3788_X83cd,2,4,"[CONT,CONT,CONT,CONT]",CONT CONT CONT CONT,29.552610059166724,False
uid___A001_X3788_X83d0,2,4,"[CONT,CONT,CONT,CONT]",CONT CONT CONT CONT,20.567254697083342,False
uid___A001_X3788_X83d3,1,4,"[CONT,CONT,CONT,CONT]",CONT CONT CONT CONT,17.310623278749908,False
uid___A001_X3788_X83d6,1,4,"[CONT,CONT,CONT,CONT]",CONT CONT CONT CONT,20.43472523833345,False
uid___A001_X3788_X83d9,2,4,"[CONT,CONT,CONT,CONT]",CONT CONT CONT CONT,24.60240704625009,False
uid___A001_X3788_X83dc,2,4,"[CONT,CONT,CONT,CONT]",CONT CONT CONT CONT,31.634092386249733,False
uid___A001_X3788_X83df,1,4,"[CONT,CONT,CONT,CONT]",CONT CONT CONT CONT,24.610234229375173,False
uid___A001_X3788_X83e2,1,4,"[CONT,CONT,CONT,CONT]",CONT CONT CONT CONT,17.375982653749944,False
uid___A001_X3788_X83e5,1,4,"[CONT,CONT,CONT,CONT]",CONT CONT CONT CONT,19.327840186874962,False
uid___A001_X3788_X83e8,1,4,"[CONT,CONT,CONT,CONT]",CONT CONT CONT CONT,18.22258383208332,False
uid___A001_X3788_X83eb,1,4,"[CONT,CONT,CONT,CONT]",CONT CONT CONT CONT,17.181937385000133,False
uid___A001_X3788_X83ee,1,4,"[CONT,CONT,CONT,CONT]",CONT CONT CONT CONT,17.189135911249732,False
uid___A001_X3788_X83f1,1,4,"[CONT,CONT,CONT,CONT]",CONT CONT CONT CONT,33.21231074375,False
uid___A001_X3788_X83f4,1,4,"[CONT,CONT,CONT,CONT]",CONT CONT CONT CONT,30.279250251250172,False
uid___A001_X3788_X83fa,1,4,"[CONT,CONT,CONT,CONT]",CONT CONT CONT CONT,27.348784359999943,False
uid___A001_X3788_X83fd,2,4,"[CONT,CONT,CONT,CONT]",CONT CONT CONT CONT,20.31040632374973,False
uid___A001_X3788_X8400,1,4,"[CONT,CONT,CONT,CONT]",CONT CONT CONT CONT,17.17855651437483,False
uid___A001_X3788_X8403,1,4,"[CONT,CONT,CONT,CONT]",CONT CONT CONT CONT,17.181794483750153,False
uid___A001_X3788_X8406,1,4,"[CONT,CONT,CONT,CONT]",CONT CONT CONT CONT,21.323719126499906,False
uid___A001_X3788_X8409,2,4,"[CONT,CONT,CONT,CONT]",CONT CONT CONT CONT,27.729126249999428,False
uid___A001_X3788_X840c,1,4,"[CONT,CONT,CONT,CONT]",CONT CONT CONT CONT,17.179412432187508,False
uid___A001_X3788_X840f,1,4,"[CONT,CONT,CONT,CONT]",CONT CONT CONT CONT,19.680088420999986,False
uid___A001_X3788_X8413,1,4,"[CONT,CONT,CONT,CONT]",CONT CONT CONT CONT,17.18386638625069,False
uid___A001_X3788_X8416,1,4,"[CONT,CONT,CONT,CONT]",CONT CONT CONT CONT,20.06488049343748,False
uid___A001_X3788_X8419,2,4,"[CONT,CONT,CONT,CONT]",CONT CONT CONT CONT,20.31579372343731,False
uid___A001_X3788_X841c,1,4,"[CONT,CONT,CONT,CONT]",CONT CONT CONT CONT,19.932155511666995,False
uid___A001_X3788_X841f,1,4,"[CONT,CONT,CONT,CONT]",CONT CONT CONT CONT,17.8470969149999,False
uid___A001_X3788_X8422,2,4,"[CONT,CONT,CONT,CONT]",CONT CONT CONT CONT,22.403263717916616,False
uid___A001_X3788_X8425,1,4,"[CONT,CONT,CONT,CONT]",CONT CONT CONT CONT,17.388655045624542,False
uid___A001_X3788_X8428,2,4,"[CONT,CONT,CONT,CONT]",CONT CONT CONT CONT,19.278928887499745,False
uid___A001_X3788_X842b,1,4,"[CONT,CONT,CONT,CONT]",CONT CONT CONT CONT,27.610963625833257,False
uid___A001_X3788_X842e,1,4,"[CONT,CONT,CONT,CONT]",CONT CONT CONT CONT,27.74012784041697,False
uid___A001_X3788_X8431,1,4,"[CONT,CONT,CONT,CONT]",CONT CONT CONT CONT,27.998700625000257,False
uid___A001_X3788_X8434,1,4,"[CONT,CONT,CONT,CONT]",CONT CONT CONT CONT,28.909285591249848,False
uid___A001_X3788_X8437,1,4,"[CONT,CONT,CONT,CONT]",CONT CONT CONT CONT,30.07686498624916,False
uid___A001_X3788_X843a,1,4,"[CONT,CONT,CONT,CONT]",CONT CONT CONT CONT,17.18835171000004,False
uid___A001_X3788_X843d,1,4,"[CONT,CONT,CONT,CONT]",CONT CONT CONT CONT,17.194267801875498,False
uid___A001_X3788_X8440,1,4,"[CONT,CONT,CONT,CONT]",CONT CONT CONT CONT,17.192610061249734,False
uid___A001_X3788_X8443,1,4,"[CONT,CONT,CONT,CONT]",CONT CONT CONT CONT,22.00950390583394,False
uid___A001_X3788_X844f,1,4,"[CONT,CONT,CONT,CONT]",CONT CONT CONT CONT,33.79718687750073,False
uid___A001_X3788_X8452,1,4,"[CONT,CONT,CONT,CONT]",CONT CONT CONT CONT,19.53545830249939,False
uid___A001_X3788_X8455,1,4,"[CONT,CONT,CONT,CONT]",CONT CONT CONT CONT,18.74859951625004,False
uid___A001_X3788_X8458,1,4,"[CONT,CONT,CONT,CONT]",CONT CONT CONT CONT,32.425547766249466,False
uid___A001_X3788_X845b,2,4,"[CONT,CONT,CONT,CONT]",CONT CONT CONT CONT,24.40344340375004,False
uid___A001_X3788_X845e,1,4,"[CONT,CONT,CONT,CONT]",CONT CONT CONT CONT,21.883878909999847,False
uid___A001_X3788_X8461,2,4,"[CONT,CONT,CONT,CONT]",CONT CONT CONT CONT,20.308998659250182,False
uid___A001_X3788_X8464,1,4,"[CONT,CONT,CONT,CONT]",CONT CONT CONT CONT,22.652029302500154,False
uid___A001_X3788_X8467,1,4,"[CONT,CONT,CONT,CONT]",CONT CONT CONT CONT,22.745570067500307,False
uid___A001_X3788_X846a,1,4,"[CONT,CONT,CONT,CONT]",CONT CONT CONT CONT,22.647267541000133,False
uid___A001_X3788_X8495,1,8,"[CONT,CONT,CONT,CONT,CONT,CONT,CONT,CONT]",CONT CONT CONT CONT CONT CONT CONT CONT,21.477530576564025,False
uid___A001_X3788_X8525,1,4,"[CONT,CONT,WC,WC]",CONT CONT WC WC,23.453801731613257,False
uid___A001_X3788_X8545,12,6,"[MM,MM,NF,NF,NF,NF]",MM MM NF NF NF NF,15.457110310543849,False
uid___A001_X3788_X854c,2,6,"[MM,MM,NF,NF,NF,NF]",MM MM NF NF NF NF,9.464189135247976,False
uid___A001_X3788_X8551,7,6,"[MM,MM,NF,NF,NF,NF]",MM MM NF NF NF NF,19.528144054219005,False
uid___A001_X3788_X8569,2,4,"[CONT,CONT,CONT,WC]",CONT CONT CONT WC,37.59662043301614,False
uid___A001_X3788_X85b9,2,4,"[WM,WM,WM,WM]",WM WM WM WM,nan,False
uid___A001_X3788_X85c6,6,11,"[CONT,MM,MM,MM,MM,MM,MM,MM,MM,MM,MM]",CONT MM MM MM MM MM MM MM MM MM MM,61.379284650381294,False
uid___A001_X3788_X85cc,1,6,"[CONT,CONT,MF,MF,MF,MF]",CONT CONT MF MF MF MF,26.54254972556492,False
uid___A001_X3788_X85e5,3,4,"[MC,WM,WM,WM]",MC WM WM WM,92.14238981028552,False
uid___A001_X3788_X868b,6,4,"[WC,WC,WC,WC]",WC WC WC WC,24.813877166665648,False
uid___A001_X3788_X86c7,2,4,"[CONT,CONT,WC,WC]",CONT CONT WC WC,22.849354692903187,False
uid___A001_X3788_X86cb,2,4,"[CONT,CONT,WC,WC]",CONT CONT WC WC,16.81494523154133,False
uid___A001_X3788_X86cf,2,4,"[CONT,CONT,WC,WC]",CONT CONT WC WC,18.612983976021603,False
uid___A001_X3788_X86d7,2,4,"[CONT,CONT,WC,WC]",CONT CONT WC WC,19.718925957075342,False
uid___A001_X3788_X86db,4,4,"[CONT,CONT,WC,WC]",CONT CONT WC WC,19.436780569736094,False
uid___A001_X3788_X86e3,3,4,"[CONT,CONT,WC,WC]",CONT CONT WC WC,17.980366483957074,False
uid___A001_X3788_X86f3,6,4,"[WC,WC,WC,WC]",WC WC WC WC,28.791080728888886,False
uid___A001_X3788_X86fb,2,4,"[WC,WC,WC,WC]",WC WC WC WC,31.24334689599935,False
uid___A001_X3788_X86ff,3,4,"[WC,WC,WC,WC]",WC WC WC WC,24.057931206666463,False
uid___A001_X3788_X8707,3,4,"[WC,WC,WC,WC]",WC WC WC WC,24.261742487999676,False
uid___A001_X3788_X873f,4,4,"[WC,WC,WC,WC]",WC WC WC WC,44.81726441333272,False
uid___A001_X3788_X8743,2,4,"[WC,WC,WC,WC]",WC WC WC WC,14.53446658399943,False
uid___A001_X3788_X874b,2,4,"[WC,WC,WC,WC]",WC WC WC WC,45.26086374800049,False
uid___A001_X3788_X874f,2,4,"[WC,WC,WC,WC]",WC WC WC WC,28.12814855200073,False
uid___A001_X3788_X8775,7,4,"[WM,WM,WM,WM]",WM WM WM WM,26.499790106667074,False
uid___A001_X3788_X8787,6,5,"[WC,WC,WC,WC,WC]",WC WC WC WC WC,nan,False
uid___A001_X3788_X8797,1,4,"[WC,WC,WC,WC]",WC WC WC WC,24.60207730666626,False
uid___A001_X3788_X879b,1,4,"[WC,WC,WC,WC]",WC WC WC WC,18.558437682666625,False
uid___A001_X3788_X879f,1,4,"[WC,WC,WC,WC]",WC WC WC WC,26.336231970666706,False
uid___A001_X3788_X87a1,1,4,"[WC,WC,WC,WC]",WC WC WC WC,28.336061833332927,False
uid___A001_X3788_X87b3,1,4,"[WC,WC,WC,WC]",WC WC WC WC,32.289024243999634,False
uid___A001_X3788_X87b5,1,4,"[WC,WC,WC,WC]",WC WC WC WC,26.163517606666666,False
uid___A001_X3788_X87e1,1,5,"[MF,MF,WC,WC,WC]",MF MF WC WC WC,62.24730324309531,False
uid___A001_X3788_X87e7,1,5,"[MF,MF,WC,WC,WM]",MF MF WC WC WM,62.85279995733386,False
uid___A001_X3788_X8825,5,7,"[MF,MF,MF,MF,MF,WM,WM]",MF MF MF MF MF WM WM,15.750739601065755,False
uid___A001_X3788_X882a,6,7,"[MF,MF,MF,MF,MF,WM,WM]",MF MF MF MF MF WM WM,79.18432611626628,False
uid___A001_X3788_X882c,2,7,"[MF,MF,MF,MF,MF,WM,WM]",MF MF MF MF MF WM WM,41.581879830398876,False
uid___A001_X3788_X885d,1,6,"[MF,MF,MF,MM,WM,WM]",MF MF MF MM WM WM,65.96150942339352,False
uid___A001_X3788_X88d2,3,4,"[CONT,CONT,CONT,MC]",CONT CONT CONT MC,17.343970382702526,False
uid___A001_X3788_X88d6,4,4,"[CONT,CONT,CONT,MC]",CONT CONT CONT MC,16.546291083243375,False
uid___A001_X3788_X88de,8,4,"[CONT,CONT,CONT,MC]",CONT CONT CONT MC,40.64851324108095,False
uid___A001_X3788_X88f5,1,4,"[CONT,CONT,CONT,MM]",CONT CONT CONT MM,12.55610774198075,False
uid___A001_X3788_X892d,2,4,"[MF,MF,MF,MF]",MF MF MF MF,20.540978274669595,False
uid___A001_X3788_X8931,2,4,"[MF,MF,MF,MF]",MF MF MF MF,23.12777649333659,False
uid___A001_X3788_X8935,2,4,"[MF,MF,MF,MF]",MF MF MF MF,13.863062205332032,False
uid___A001_X3788_X893d,2,4,"[MF,MF,MF,MF]",MF MF MF MF,17.292740978663737,False
uid___A001_X3788_X8941,2,4,"[MF,MF,MF,MF]",MF MF MF MF,19.252075095996094,False
uid___A001_X3788_X8945,2,4,"[MF,MF,MF,MF]",MF MF MF MF,22.308727730686847,False
uid___A001_X3788_X894d,2,4,"[MF,MF,MF,MF]",MF MF MF MF,27.84121975733724,False
uid___A001_X3788_X8b33,1,4,"[WM,WM,WM,WM]",WM WM WM WM,81.83426868666626,False
uid___A001_X3788_X8b36,1,4,"[WM,WM,WM,WM]",WM WM WM WM,74.2938932026652,False
uid___A001_X3788_X8b3f,1,4,"[WM,WM,WM,WM]",WM WM WM WM,69.68079908799845,False
uid___A001_X3788_X8b42,1,4,"[WM,WM,WM,WM]",WM WM WM WM,90.79345482666585,False
uid___A001_X3788_X8b57,2,4,"[WM,WM,WM,WM]",WM WM WM WM,18.288383590663248,False
uid___A001_X3788_X8c1b,2,4,"[MF,WM,WM,WM]",MF WM WM WM,81.60193675323919,False
uid___A001_X3788_X8c1e,2,4,"[MF,WM,WM,WM]",MF WM WM WM,81.50085381989383,False
uid___A001_X3788_X8c3a,1,4,"[CONT,WC,WC,WM]",CONT WC WC WM,21.69906064786837,False
uid___A001_X3788_X8c3c,1,4,"[CONT,WC,WC,WM]",CONT WC WC WM,22.156731756066293,False
uid___A001_X3788_X8c40,1,4,"[CONT,WC,WC,WM]",CONT WC WC WM,30.253016561312116,False
uid___A001_X3788_X8c46,1,4,"[CONT,WC,WC,WM]",CONT WC WC WM,33.58774245376937,False
uid___A001_X3788_X8c4a,1,4,"[CONT,WC,WC,WM]",CONT WC WC WM,27.45846517377049,False
uid___A001_X3788_X8c4e,1,4,"[CONT,WC,WC,WM]",CONT WC WC WM,25.5968031265577,False
uid___A001_X3788_X8c50,1,4,"[CONT,WC,WC,WM]",CONT WC WC WM,20.53833432524614,False
uid___A001_X3788_X8c54,1,4,"[CONT,WC,WC,WM]",CONT WC WC WM,28.28504173376945,False
uid___A001_X3788_X8c58,1,4,"[CONT,WC,WC,WM]",CONT WC WC WM,25.180307502950498,False
uid___A001_X3788_X8c5c,1,4,"[CONT,WC,WC,WM]",CONT WC WC WM,23.748255289180968,False
uid___A001_X3788_X8c7c,2,6,"[MM,MM,NF,NF,WM,WM]",MM MM NF NF WM WM,54.77066836769832,False
uid___A001_X3788_X8c7e,1,6,"[MM,MM,NF,NF,WM,WM]",MM MM NF NF WM WM,49.10889248241826,False
uid___A001_X3788_X8c80,4,6,"[MM,MM,NF,NF,WM,WM]",MM MM NF NF WM WM,22.208778626938987,False
uid___A001_X3788_X8c9e,22,4,"[CONT,CONT,CONT,CONT]",CONT CONT CONT CONT,14.108749290849854,False
uid___A001_X3788_X8cfc,10,4,"[WC,WC,WC,WC]",WC WC WC WC,59.860880524001466,False
uid___A001_X3788_X8dbd,1,6,"[NF,NF,NF,NF,WC,WC]",NF NF NF NF WC WC,35.970725784057535,False
uid___A001_X3788_X8dc3,1,6,"[NF,NF,NF,NF,WC,WC]",NF NF NF NF WC WC,53.96211422809772,False
uid___A001_X3788_X8f6e,1,4,"[CONT,CONT,CONT,CONT]",CONT CONT CONT CONT,22.661214593750763,False
uid___A001_X3788_X8f72,2,8,"[CONT,CONT,CONT,CONT,CONT,CONT,CONT,CONT]",CONT CONT CONT CONT CONT CONT CONT CONT,20.30252487749939,False
uid___A001_X3788_X8f74,1,8,"[CONT,CONT,CONT,CONT,CONT,CONT,CONT,CONT]",CONT CONT CONT CONT CONT CONT CONT CONT,17.38674495499878,False
uid___A001_X3788_X9134,3,4,"[WM,WM,WM,WM]",WM WM WM WM,61.25166292266358,False
uid___A001_X3788_X913b,2,4,"[MF,MF,MF,MF]",MF MF MF MF,34.74932441866374,False
uid___A001_X3788_X913f,1,4,"[MF,WM,WM,WM]",MF WM WM WM,65.09260242379307,False
uid___A001_X3788_X916a,3,4,"[CONT,CONT,CONT,WM]",CONT CONT CONT WM,18.224769075555322,False
uid___A001_X3788_X916d,3,4,"[CONT,CONT,CONT,WM]",CONT CONT CONT WM,12.290171306666977,False
uid___A001_X3788_X9171,8,4,"[CONT,CONT,CONT,WM]",CONT CONT CONT WM,15.130801635555787,False
uid___A001_X3788_X9174,7,4,"[CONT,CONT,CONT,WM]",CONT CONT CONT WM,14.630819173332869,False
uid___A001_X3788_X917a,9,4,"[CONT,CONT,CONT,WM]",CONT CONT CONT WM,13.885567553016106,False
uid___A001_X3788_X917d,9,4,"[CONT,CONT,CONT,WM]",CONT CONT CONT WM,14.098230326349361,False
uid___A001_X3788_X918f,1,8,"[CONT,CONT,CONT,CONT,CONT,CONT,CONT,CONT]",CONT CONT CONT CONT CONT CONT CONT CONT,22.06898498624878,False
uid___A001_X3788_X919b,1,4,"[WC,WC,WC,WC]",WC WC WC WC,37.59825173599996,False
uid___A001_X3788_X91a8,8,5,"[MF,MF,WM,WM,WM]",MF MF WM WM WM,13.813779090773957,False
uid___A001_X3788_X91ae,1,5,"[MF,MF,WM,WM,WM]",MF MF WM WM WM,11.461425546240104,False
uid___A001_X3788_X91b2,1,5,"[MF,MF,WM,WM,WM]",MF MF WM WM WM,19.582450591147136,False
uid___A001_X3788_X91b4,3,5,"[MF,MF,WM,WM,WM]",MF MF WM WM WM,15.684061392213803,False
uid___A001_X3788_X91bd,4,4,"[CONT,CONT,WC,WC]",CONT CONT WC WC,32.55252035999953,False
uid___A001_X3788_X91c5,2,4,"[WC,WC,WC,WC]",WC WC WC WC,26.24405420933309,False
uid___A001_X3788_X91d2,1,8,"[CONT,CONT,CONT,CONT,CONT,CONT,WC,WC]",CONT CONT CONT CONT CONT CONT WC WC,29.167579507937283,False
uid___A001_X3788_X9201,1,4,"[MF,WM,WM,WM]",MF WM WM WM,88.43871014911146,False
uid___A001_X3788_X9208,1,4,"[WM,WM,WM,WM]",WM WM WM WM,77.26214256533203,False
uid___A001_X3788_X929d,1,8,"[WF,WF,WF,WF,WF,WF,WF,WF]",WF WF WF WF WF WF WF WF,7.8147858153344725,False
uid___A001_X3788_X92c2,1,4,"[WC,WC,WC,WC]",WC WC WC WC,47.34407318,False
uid___A001_X3788_X92c6,1,4,"[WC,WC,WC,WC]",WC WC WC WC,50.46828924400034,False
uid___A001_X3788_X92d2,1,20,"[WC,WC,WC,WC,WC,WC,WC,WC,WC,WC,WC,WC,WC,WC,WC,WC,WC,WC,WC,WC]",WC WC WC WC WC WC WC WC WC WC WC WC WC WC WC WC WC WC WC WC,26.791104406400027,False
uid___A001_X3788_X92e2,1,20,"[WC,WC,WC,WC,WC,WC,WC,WC,WC,WC,WC,WC,WC,WC,WC,WC,WC,WC,WC,WC]",WC WC WC WC WC WC WC WC WC WC WC WC WC WC WC WC WC WC WC WC,37.35374969893347,False
uid___A001_X3788_X92e6,1,20,"[WC,WC,WC,WC,WC,WC,WC,WC,WC,WC,WC,WC,WC,WC,WC,WC,WC,WC,WC,WC]",WC WC WC WC WC WC WC WC WC WC WC WC WC WC WC WC WC WC WC WC,33.33286119013342,False
uid___A001_X3788_X92ea,1,4,"[WC,WC,WC,WC]",WC WC WC WC,14.482163306665447,False
uid___A001_X3788_X93ef,2,4,"[CONT,CONT,CONT,CONT]",CONT CONT CONT CONT,49.41466594500046,False
uid___A001_X3788_X93fd,7,4,"[WC,WC,WC,WC]",WC WC WC WC,42.49505803333364,False
uid___A001_X3788_X9401,8,4,"[WC,WC,WC,WC]",WC WC WC WC,15.61620458,False
uid___A001_X3788_X9405,7,4,"[WC,WC,WC,WC]",WC WC WC WC,35.51412482133311,False
uid___A001_X3788_X9421,1,4,"[CONT,CONT,CONT,CONT]",CONT CONT CONT CONT,19.131674574999238,False
uid___A001_X3788_X9425,2,4,"[CONT,CONT,CONT,CONT]",CONT CONT CONT CONT,14.443238246250152,False
uid___A001_X3788_X9429,2,4,"[CONT,CONT,CONT,CONT]",CONT CONT CONT CONT,34.56841526624908,False
uid___A001_X3788_X943a,2,4,"[CONT,CONT,WC,WM]",CONT CONT WC WM,22.047139415483635,False
uid___A001_X3788_X9442,3,4,"[NF,NF,WM,WM]",NF NF WM WM,15.915515523480419,False
uid___A001_X3788_X9444,1,4,"[NF,NF,WM,WM]",NF NF WM WM,27.447553679575886,False
uid___A001_X3788_X9450,2,4,"[MF,WF,WF,WF]",MF WF WF WF,30.535439853220833,False
uid___A001_X3788_X9452,1,4,"[MF,WF,WF,WF]",MF WF WF WF,18.2298331750375,False
uid___A001_X3788_X946d,3,4,"[WC,WC,WC,WC]",WC WC WC WC,26.94193734866618,False
uid___A001_X3788_X9479,2,4,"[WC,WC,WC,WC]",WC WC WC WC,29.72875853133382,False
uid___A001_X3788_X94d4,1,4,"[WM,WM,WM,WM]",WM WM WM WM,18.981542833999633,False
uid___A001_X3788_X94d8,1,4,"[WM,WM,WM,WM]",WM WM WM WM,14.097427542499796,False
uid___A001_X3788_X94dc,1,4,"[WM,WM,WM,WM]",WM WM WM WM,13.229710549200073,False
uid___A001_X3788_X94e0,2,4,"[WM,WM,WM,WM]",WM WM WM WM,16.359368142133178,False
uid___A001_X3788_X94e4,1,4,"[WM,WM,WM,WM]",WM WM WM WM,15.358517982666715,False
uid___A001_X3788_X94e8,1,4,"[WM,WM,WM,WM]",WM WM WM WM,19.321844400000064,False
uid___A001_X3788_X94ec,2,4,"[WM,WM,WM,WM]",WM WM WM WM,18.223936047851744,False
uid___A001_X3788_X94f0,1,4,"[WM,WM,WM,WM]",WM WM WM WM,12.556025817333577,False
uid___A001_X3788_X94f4,1,4,"[WM,WM,WM,WM]",WM WM WM WM,17.14960514640031,False
uid___A001_X3788_X94f8,2,4,"[WM,WM,WM,WM]",WM WM WM WM,18.578902495048162,False
uid___A001_X3788_X94fc,1,4,"[WM,WM,WM,WM]",WM WM WM WM,15.849040698266885,False
uid___A001_X3788_X9500,1,4,"[WM,WM,WM,WM]",WM WM WM WM,11.71476198733313,False
uid___A001_X3788_X9504,1,4,"[WM,WM,WM,WM]",WM WM WM WM,14.964248893066694,False
uid___A001_X3788_X9508,1,4,"[WM,WM,WM,WM]",WM WM WM WM,12.320901477333699,False
uid___A001_X3788_X9510,2,4,"[WM,WM,WM,WM]",WM WM WM WM,18.242175953733113,False
uid___A001_X3788_X9514,1,4,"[WM,WM,WM,WM]",WM WM WM WM,16.906624621777524,False
uid___A001_X3788_X9518,2,4,"[WM,WM,WM,WM]",WM WM WM WM,16.006048208933638,False
uid___A001_X3788_X951c,2,4,"[WM,WM,WM,WM]",WM WM WM WM,13.044099458533324,False
uid___A001_X3788_X9520,1,4,"[WM,WM,WM,WM]",WM WM WM WM,17.60597225733336,False
uid___A001_X3788_X9524,1,4,"[WM,WM,WM,WM]",WM WM WM WM,15.231664024666951,False
uid___A001_X3788_X9528,1,4,"[WM,WM,WM,WM]",WM WM WM WM,11.81041619093343,False
uid___A001_X3788_X9530,1,4,"[WM,WM,WM,WM]",WM WM WM WM,14.744089056296431,False
uid___A001_X3788_X9534,1,4,"[WM,WM,WM,WM]",WM WM WM WM,18.71084499742868,False
uid___A001_X3788_X9538,1,4,"[WM,WM,WM,WM]",WM WM WM WM,13.803111512799683,False
uid___A001_X3788_X9540,1,4,"[WM,WM,WM,WM]",WM WM WM WM,12.921036189333252,False
uid___A001_X3788_X9544,1,4,"[WM,WM,WM,WM]",WM WM WM WM,15.183847932799683,False
uid___A001_X3788_X9548,1,4,"[WM,WM,WM,WM]",WM WM WM WM,14.752333472400146,False
uid___A001_X3788_X954c,1,4,"[WM,WM,WM,WM]",WM WM WM WM,14.904850024933184,False
uid___A001_X3788_X9550,1,4,"[WM,WM,WM,WM]",WM WM WM WM,19.577288514666915,False
uid___A001_X3788_X9554,1,4,"[WM,WM,WM,WM]",WM WM WM WM,11.274640649733236,False
uid___A001_X3788_X9558,1,4,"[WM,WM,WM,WM]",WM WM WM WM,11.454899715200074,False
uid___A001_X3788_X955c,1,4,"[WM,WM,WM,WM]",WM WM WM WM,14.858975341200196,False
uid___A001_X3788_X9560,1,4,"[WM,WM,WM,WM]",WM WM WM WM,12.181334709333333,False
uid___A001_X3788_X9564,2,4,"[WM,WM,WM,WM]",WM WM WM WM,13.564673925333569,False
uid___A001_X3788_X9568,1,4,"[WM,WM,WM,WM]",WM WM WM WM,26.43720458306734,False
uid___A001_X3788_X956c,2,4,"[WM,WM,WM,WM]",WM WM WM WM,16.2657193753337,False
uid___A001_X3788_X9570,1,4,"[WM,WM,WM,WM]",WM WM WM WM,12.980010904889458,False
uid___A001_X3788_X9574,1,4,"[WM,WM,WM,WM]",WM WM WM WM,15.985619976933634,False
uid___A001_X3788_X9578,1,4,"[WM,WM,WM,WM]",WM WM WM WM,12.904845885,False
uid___A001_X3788_X957c,1,4,"[WM,WM,WM,WM]",WM WM WM WM,16.657131762857667,False
uid___A001_X3788_X9580,1,4,"[WM,WM,WM,WM]",WM WM WM WM,13.03233082355523,False
uid___A001_X3788_X9584,1,4,"[WM,WM,WM,WM]",WM WM WM WM,17.16769677155545,False
uid___A001_X3788_X9588,1,4,"[WM,WM,WM,WM]",WM WM WM WM,14.6188910835554,False
uid___A001_X3788_X958c,1,4,"[WM,WM,WM,WM]",WM WM WM WM,16.27996780888882,False
uid___A001_X3788_X9590,1,4,"[WM,WM,WM,WM]",WM WM WM WM,20.09890202266656,False
uid___A001_X3788_X9594,1,4,"[WM,WM,WM,WM]",WM WM WM WM,15.471901944095285,False
uid___A001_X3788_X9598,2,4,"[WM,WM,WM,WM]",WM WM WM WM,17.554954424833017,False
uid___A001_X3788_X959c,2,4,"[WM,WM,WM,WM]",WM WM WM WM,19.087190964667155,False
uid___A001_X3788_X95a0,1,4,"[WM,WM,WM,WM]",WM WM WM WM,11.53512388133423,False
uid___A001_X3788_X95a4,3,4,"[WM,WM,WM,WM]",WM WM WM WM,13.026889287110869,False
uid___A001_X3788_X95a8,2,4,"[WM,WM,WM,WM]",WM WM WM WM,14.385535236888835,False
uid___A001_X3788_X95ac,1,4,"[WM,WM,WM,WM]",WM WM WM WM,8.251986094667561,False
uid___A001_X3788_X95b0,2,4,"[WM,WM,WM,WM]",WM WM WM WM,9.093309841333822,False
uid___A001_X3788_X95b4,4,4,"[WM,WM,WM,WM]",WM WM WM WM,21.535515105778536,False
uid___A001_X3788_X95b8,1,4,"[WM,WM,WM,WM]",WM WM WM WM,7.577084410666097,False
uid___A001_X3788_X95bc,2,4,"[WM,WM,WM,WM]",WM WM WM WM,17.239410386000163,False
uid___A001_X3788_X95c0,4,4,"[WM,WM,WM,WM]",WM WM WM WM,13.614555949333802,False
uid___A001_X3788_X95c4,2,4,"[WM,WM,WM,WM]",WM WM WM WM,19.77032551155531,False
uid___A001_X3788_X95c8,2,4,"[WM,WM,WM,WM]",WM WM WM WM,13.096149322666626,False
uid___A001_X3788_X95cc,2,4,"[WM,WM,WM,WM]",WM WM WM WM,13.201832021999715,False
uid___A001_X3788_X95d0,3,4,"[WM,WM,WM,WM]",WM WM WM WM,16.211167909666035,False
uid___A001_X3788_X95d4,2,4,"[WM,WM,WM,WM]",WM WM WM WM,15.154818802667032,False
uid___A001_X3788_X95d8,3,4,"[WM,WM,WM,WM]",WM WM WM WM,14.514452211110026,False
uid___A001_X3788_X95dc,1,4,"[WM,WM,WM,WM]",WM WM WM WM,19.34514107733317,False
uid___A001_X3788_X95e0,1,4,"[WM,WM,WM,WM]",WM WM WM WM,13.857586558665771,False
uid___A001_X3788_X95e4,1,4,"[WM,WM,WM,WM]",WM WM WM WM,11.780087173332927,False
uid___A001_X3788_X95e8,3,4,"[WM,WM,WM,WM]",WM WM WM WM,11.358166176000433,False
uid___A001_X3788_X95ec,2,4,"[WM,WM,WM,WM]",WM WM WM WM,18.257214215333654,False
uid___A001_X3788_X95f0,3,4,"[WM,WM,WM,WM]",WM WM WM WM,14.674389453777806,False
uid___A001_X3788_X95f4,1,4,"[WM,WM,WM,WM]",WM WM WM WM,13.108832770667725,False
uid___A001_X3788_X95f8,2,4,"[WM,WM,WM,WM]",WM WM WM WM,12.952713402667033,False
uid___A001_X3788_X95fc,2,4,"[WM,WM,WM,WM]",WM WM WM WM,13.885113601333822,False
uid___A001_X3788_X9600,2,4,"[WM,WM,WM,WM]",WM WM WM WM,9.766881177333849,False
uid___A001_X3788_X9604,3,4,"[WM,WM,WM,WM]",WM WM WM WM,14.456725886667481,False
uid___A001_X3788_X9608,2,4,"[WM,WM,WM,WM]",WM WM WM WM,21.23383888333313,False
uid___A001_X3788_X960c,3,4,"[WM,WM,WM,WM]",WM WM WM WM,13.305608272000326,False
uid___A001_X3788_X9610,1,4,"[WM,WM,WM,WM]",WM WM WM WM,19.764645434664715,False
uid___A001_X3788_X961f,2,4,"[CONT,CONT,CONT,CONT]",CONT CONT CONT CONT,14.245631309998322,False
uid___A001_X3788_X962f,3,8,"[CONT,CONT,CONT,CONT,CONT,CONT,CONT,CONT]",CONT CONT CONT CONT CONT CONT CONT CONT,17.0826763625,False
uid___A001_X3788_X9636,2,4,"[WC,WC,WC,WC]",WC WC WC WC,30.567748264000244,False
uid___A001_X3788_X9700,1,5,"[CONT,CONT,MM,MM,WM]",CONT CONT MM MM WM,12.76118345709706,False
uid___A001_X3788_X9703,4,5,"[CONT,CONT,MM,MM,WM]",CONT CONT MM MM WM,14.06846658535473,False
uid___A001_X3788_X9706,3,5,"[CONT,CONT,MM,MM,WM]",CONT CONT MM MM WM,13.296087523303285,False
uid___A001_X3788_X9709,2,5,"[CONT,CONT,MM,MM,WM]",CONT CONT MM MM WM,10.716230408773862,False
uid___A001_X3788_X970c,1,5,"[CONT,CONT,MM,MM,WM]",CONT CONT MM MM WM,10.729137779838906,False
uid___A001_X3788_X970f,3,5,"[CONT,CONT,MM,MM,WM]",CONT CONT MM MM WM,15.075620539083019,False
uid___A001_X3788_X9712,1,5,"[CONT,CONT,MM,MM,WM]",CONT CONT MM MM WM,10.117907683225571,False
uid___A001_X3788_X9715,1,5,"[CONT,CONT,MM,MM,WM]",CONT CONT MM MM WM,11.381031938387274,False
uid___A001_X3788_X9718,2,5,"[CONT,CONT,MM,MM,WM]",CONT CONT MM MM WM,11.527822318709834,False
uid___A001_X3788_X971b,1,5,"[CONT,CONT,MM,MM,WM]",CONT CONT MM MM WM,13.979480570322455,False
uid___A001_X3788_X971e,1,5,"[CONT,CONT,MM,MM,WM]",CONT CONT MM MM WM,14.175445543441215,False
uid___A001_X3788_X9721,1,5,"[CONT,CONT,MM,MM,WM]",CONT CONT MM MM WM,11.622050140644689,False
uid___A001_X3788_X9724,1,5,"[CONT,CONT,MM,MM,WM]",CONT CONT MM MM WM,12.58895160806481,False
uid___A001_X3788_X9727,1,5,"[CONT,CONT,MM,MM,WM]",CONT CONT MM MM WM,10.909918699676808,False
uid___A001_X3788_X972a,1,5,"[CONT,CONT,MM,MM,WM]",CONT CONT MM MM WM,10.136403855741952,False
uid___A001_X3788_X972d,1,5,"[CONT,CONT,MM,MM,WM]",CONT CONT MM MM WM,11.732539130645948,False
uid___A001_X3788_X9730,1,5,"[CONT,CONT,MM,MM,WM]",CONT CONT MM MM WM,13.27540334248829,False
uid___A001_X3788_X9733,3,5,"[CONT,CONT,MM,MM,WM]",CONT CONT MM MM WM,14.197653213247225,False
uid___A001_X3788_X9739,2,5,"[CONT,CONT,MM,MM,WM]",CONT CONT MM MM WM,11.072631662795814,False
uid___A001_X3788_X973c,1,5,"[CONT,CONT,MM,MM,WM]",CONT CONT MM MM WM,7.896555894193785,False
uid___A001_X3788_X973f,1,5,"[CONT,CONT,MM,MM,WM]",CONT CONT MM MM WM,11.74735767612856,False
uid___A001_X3788_X9745,1,5,"[CONT,CONT,MM,MM,WM]",CONT CONT MM MM WM,15.083071792580636,False
uid___A001_X3788_X9748,1,5,"[CONT,CONT,MM,MM,WM]",CONT CONT MM MM WM,7.725152285161763,False
uid___A001_X3788_X974b,1,5,"[CONT,CONT,MM,MM,WM]",CONT CONT MM MM WM,13.021339057741129,False
uid___A001_X3788_X974e,1,5,"[CONT,CONT,MM,MM,WM]",CONT CONT MM MM WM,14.591757321451446,False
uid___A001_X3788_X9754,1,5,"[CONT,CONT,MM,MM,WM]",CONT CONT MM MM WM,12.302599512688095,False
uid___A001_X3788_X9757,2,5,"[CONT,CONT,MM,MM,WM]",CONT CONT MM MM WM,13.83181463414352,False
uid___A001_X3788_X975a,1,5,"[CONT,CONT,MM,MM,WM]",CONT CONT MM MM WM,11.356158155612636,False
uid___A001_X3788_X975d,1,5,"[CONT,CONT,MM,MM,WM]",CONT CONT MM MM WM,19.004475088171258,False
uid___A001_X3788_X978d,4,4,"[CONT,CONT,CONT,CONT]",CONT CONT CONT CONT,17.00135210625019,False
uid___A001_X3788_X9791,4,4,"[CONT,CONT,CONT,CONT]",CONT CONT CONT CONT,14.071804898749829,False
uid___A001_X3788_X97c9,1,4,"[CONT,CONT,CONT,WC]",CONT CONT CONT WC,18.588911211429075,False
uid___A001_X3788_X97cd,1,4,"[CONT,CONT,CONT,WC]",CONT CONT CONT WC,25.405108486349825,False
uid___A001_X3788_X97d5,1,4,"[CONT,CONT,CONT,WC]",CONT CONT CONT WC,14.719822464761982,False
uid___A001_X3788_X97d9,1,4,"[CONT,CONT,CONT,WC]",CONT CONT CONT WC,17.943889141587807,False
uid___A001_X3788_X97dd,2,4,"[CONT,CONT,CONT,WC]",CONT CONT CONT WC,16.456582641269453,False
uid___A001_X3788_X97e5,1,4,"[CONT,CONT,CONT,WC]",CONT CONT CONT WC,21.51531021460271,False
uid___A001_X3788_X97e9,1,4,"[CONT,CONT,CONT,WC]",CONT CONT CONT WC,18.940314733968876,False
uid___A001_X3788_X97ed,1,4,"[CONT,CONT,CONT,WC]",CONT CONT CONT WC,14.726433154285637,False
uid___A001_X3788_X97f1,2,4,"[CONT,CONT,CONT,WC]",CONT CONT CONT WC,19.74707758984162,False
uid___A001_X3788_X97f5,1,4,"[CONT,CONT,CONT,WC]",CONT CONT CONT WC,21.565478377143595,False
uid___A001_X3788_X97f9,1,4,"[CONT,CONT,CONT,WC]",CONT CONT CONT WC,19.945019285078747,False
uid___A001_X3788_X97fd,1,4,"[CONT,CONT,CONT,WC]",CONT CONT CONT WC,23.122576455874874,False
uid___A001_X3788_X9801,2,4,"[CONT,CONT,CONT,WC]",CONT CONT CONT WC,21.129777234285868,False
uid___A001_X3788_X9805,1,4,"[CONT,CONT,CONT,WC]",CONT CONT CONT WC,18.613560915555635,False
uid___A001_X3788_X9809,2,4,"[CONT,CONT,CONT,WC]",CONT CONT CONT WC,24.549518882540458,False
uid___A001_X3788_X980d,1,4,"[CONT,CONT,CONT,WC]",CONT CONT CONT WC,19.138588881269182,False
uid___A001_X3788_X9813,4,4,"[CONT,CONT,MC,MC]",CONT CONT MC MC,24.461823822980385,False
uid___A001_X3788_X9829,1,4,"[MF,WM,WM,WM]",MF WM WM WM,12.195438096835497,False
uid___A001_X3788_X982e,1,4,"[MF,WM,WM,WM]",MF WM WM WM,19.574768128001168,False
uid___A001_X3788_X9831,2,4,"[MF,WM,WM,WM]",MF WM WM WM,11.796867247891157,False
uid___A001_X3788_X9833,1,4,"[MF,WM,WM,WM]",MF WM WM WM,8.842499502148703,False
uid___A001_X3788_X9839,1,4,"[MF,WM,WM,WM]",MF WM WM WM,6.174470177087585,False
uid___A001_X3788_X983d,2,4,"[MF,WM,WM,WM]",MF WM WM WM,13.279011780788691,False
uid___A001_X3788_X983f,1,4,"[MF,WM,WM,WM]",MF WM WM WM,10.12743212930591,False
uid___A001_X3788_X9843,1,4,"[MF,WM,WM,WM]",MF WM WM WM,35.811435636677295,False
uid___A001_X3788_X9846,1,4,"[MF,WM,WM,WM]",MF WM WM WM,16.34479077877551,False
uid___A001_X3788_X9849,1,4,"[MF,WM,WM,WM]",MF WM WM WM,12.397590773551233,False
uid___A001_X3788_X984f,1,4,"[MF,WM,WM,WM]",MF WM WM WM,16.172723222639775,False
uid___A001_X3788_X9942,7,4,"[WC,WC,WC,WC]",WC WC WC WC,5.311252962666626,False
uid___A001_X3788_X9946,7,4,"[WC,WC,WC,WC]",WC WC WC WC,3.276587634666748,False
uid___A001_X3788_X994a,4,4,"[WC,WC,WC,WC]",WC WC WC WC,3.9601324613335165,False
uid___A001_X3788_X994e,8,4,"[WC,WC,WC,WC]",WC WC WC WC,4.267194886666463,False
uid___A001_X3788_X9956,10,4,"[WC,WC,WC,WC]",WC WC WC WC,3.4251651866667685,False
uid___A001_X3788_X995a,7,4,"[WC,WC,WC,WC]",WC WC WC WC,3.2188250146665447,False
uid___A001_X3788_X995e,1,4,"[WC,WC,WC,WC]",WC WC WC WC,3.2930990666666666,False
uid___A001_X3788_X9960,1,4,"[WC,WC,WC,WC]",WC WC WC WC,3.290091799999898,False
uid___A001_X3788_X9964,1,4,"[WC,WC,WC,WC]",WC WC WC WC,2.855443522666626,False
uid___A001_X3788_X996a,1,4,"[WC,WC,WC,WC]",WC WC WC WC,3.0099276213334147,False
uid___A001_X3788_X996c,1,4,"[WC,WC,WC,WC]",WC WC WC WC,4.521770869333496,False
uid___A001_X3788_X9970,1,4,"[WC,WC,WC,WC]",WC WC WC WC,3.217426575999756,False
uid___A001_X3788_X9976,1,4,"[WC,WC,WC,WC]",WC WC WC WC,2.7524009893333945,False
uid___A001_X3788_X9978,1,4,"[WC,WC,WC,WC]",WC WC WC WC,3.120515528000285,False
uid___A001_X3788_X997c,1,4,"[WC,WC,WC,WC]",WC WC WC WC,4.0124869893331905,False
uid___A001_X3788_X997e,1,4,"[WC,WC,WC,WC]",WC WC WC WC,4.277187907999878,False
uid___A001_X3788_X9982,2,4,"[WC,WC,WC,WC]",WC WC WC WC,4.211299581333211,False
uid___A001_X3788_X9a11,1,5,"[CONT,MM,MM,MM,WM]",CONT MM MM MM WM,13.726626380561386,False
uid___A001_X3788_X9a13,2,5,"[CONT,MM,MM,MM,WM]",CONT MM MM MM WM,22.38028683962425,False
uid___A001_X3788_X9a19,2,5,"[CONT,MM,MM,MM,WM]",CONT MM MM MM WM,35.29459140336503,False
uid___A001_X3788_X9a1b,3,5,"[CONT,MM,MM,MM,WM]",CONT MM MM MM WM,25.348154473270025,False
uid___A001_X3788_X9a21,1,5,"[CONT,MM,MM,MM,WM]",CONT MM MM MM WM,28.758274734953638,False
uid___A001_X3788_X9a23,4,5,"[CONT,MM,MM,MM,WM]",CONT MM MM MM WM,24.75544041271037,False
uid___A001_X3788_X9a29,1,5,"[CONT,MM,MM,MM,WM]",CONT MM MM MM WM,27.41878463700898,False
uid___A001_X3788_X9a2b,3,5,"[CONT,MM,MM,MM,WM]",CONT MM MM MM WM,14.945302863552314,False
uid___A001_X3788_X9a34,9,4,"[MM,NF,NF,NF]",MM NF NF NF,12.564925318971465,False
uid___A001_X3788_X9a42,4,4,"[CONT,CONT,CONT,MC]",CONT CONT CONT MC,24.42758059675711,False
uid___A001_X3788_X9a48,2,4,"[CONT,CONT,CONT,CONT]",CONT CONT CONT CONT,22.950103738392862,False
uid___A001_X3788_X9aa0,3,4,"[CONT,CONT,NF,NF]",CONT CONT NF NF,21.729233654547016,False
uid___A001_X3788_X9bc5,1,4,"[NF,WM,WM,WM]",NF WM WM WM,29.8762399663395,False
uid___A001_X3788_X9bd4,29,4,"[WC,WC,WC,WC]",WC WC WC WC,9.439035709332988,False
uid___A001_X3788_X9bd8,27,4,"[WC,WC,WC,WC]",WC WC WC WC,1.3328756680000813,False
uid___A001_X3788_X9bdc,5,4,"[WC,WC,WC,WC]",WC WC WC WC,57.28619980000031,False
uid___A001_X3788_X9be0,17,4,"[WC,WC,WC,WC]",WC WC WC WC,36.8892777493339,False
uid___A001_X3788_X9c4f,1,4,"[CONT,CONT,CONT,CONT]",CONT CONT CONT CONT,13.86263141875,False
uid___A001_X3788_X9c52,1,4,"[CONT,CONT,CONT,CONT]",CONT CONT CONT CONT,19.136319857500077,False
uid___A001_X3788_X9c55,1,4,"[CONT,CONT,CONT,CONT]",CONT CONT CONT CONT,19.331818341249942,False
uid___A001_X3788_X9c5e,1,4,"[CONT,CONT,CONT,CONT]",CONT CONT CONT CONT,15.425134630000018,False
uid___A001_X3788_X9c67,1,4,"[CONT,CONT,CONT,CONT]",CONT CONT CONT CONT,16.206883986250116,False
uid___A001_X3788_X9c6d,2,4,"[CONT,CONT,CONT,CONT]",CONT CONT CONT CONT,16.011257411249925,False
uid___A001_X3788_X9c73,1,4,"[CONT,CONT,CONT,CONT]",CONT CONT CONT CONT,13.276541935000038,False
uid___A001_X3788_X9c79,1,4,"[CONT,CONT,CONT,CONT]",CONT CONT CONT CONT,13.27654415500002,False
uid___A001_X3788_X9c7f,1,4,"[CONT,CONT,CONT,CONT]",CONT CONT CONT CONT,13.27633367124996,False
uid___A001_X3788_X9c82,1,4,"[CONT,CONT,CONT,CONT]",CONT CONT CONT CONT,14.253009839999772,False
uid___A001_X3788_X9c85,1,4,"[CONT,CONT,CONT,CONT]",CONT CONT CONT CONT,16.40188663875017,False
uid___A001_X3788_X9c88,1,4,"[CONT,CONT,CONT,CONT]",CONT CONT CONT CONT,16.206543467500115,False
uid___A001_X3788_X9c8b,1,4,"[CONT,CONT,CONT,CONT]",CONT CONT CONT CONT,16.011343274999906,False
uid___A001_X3788_X9c91,1,4,"[CONT,CONT,CONT,CONT]",CONT CONT CONT CONT,13.276891585000039,False
uid___A001_X3788_X9c94,1,4,"[CONT,CONT,CONT,CONT]",CONT CONT CONT CONT,26.754072343749904,False
uid___A001_X3788_X9cac,1,4,"[CONT,CONT,CONT,CONT]",CONT CONT CONT CONT,18.355662637499808,False
uid___A001_X3788_X9cb5,1,4,"[CONT,CONT,CONT,CONT]",CONT CONT CONT CONT,16.988431293750097,False
uid___A001_X3788_X9cd6,2,4,"[WM,WM,WM,WM]",WM WM WM WM,4.684701273333333,False
uid___A001_X3788_X9cda,2,4,"[WM,WM,WM,WM]",WM WM WM WM,8.773514910667318,False
uid___A001_X3788_X9ce2,1,4,"[WM,WM,WM,WM]",WM WM WM WM,1.999857185332845,False
uid___A001_X3788_X9ce6,1,4,"[WM,WM,WM,WM]",WM WM WM WM,16.17774753600342,False
uid___A001_X3788_X9cea,1,4,"[WM,WM,WM,WM]",WM WM WM WM,1.6019340693318684,False
uid___A001_X3788_X9cee,1,4,"[WM,WM,WM,WM]",WM WM WM WM,1.9371570080004883,False
uid___A001_X3788_X9cf2,2,4,"[WM,WM,WM,WM]",WM WM WM WM,5.141697943999837,False
uid___A001_X3788_X9cf6,1,4,"[WM,WM,WM,WM]",WM WM WM WM,16.475415404001463,False
uid___A001_X3788_X9cfa,1,4,"[WM,WM,WM,WM]",WM WM WM WM,2.9729955133333332,False
uid___A001_X3788_X9cfe,1,4,"[WM,WM,WM,WM]",WM WM WM WM,22.698151990667316,False
uid___A001_X3788_X9d02,1,4,"[WM,WM,WM,WM]",WM WM WM WM,2.810543036000163,False
uid___A001_X3788_X9d06,1,4,"[WM,WM,WM,WM]",WM WM WM WM,12.97210429599935,False
uid___A001_X3788_X9d0a,1,4,"[WM,WM,WM,WM]",WM WM WM WM,5.705238055999349,False
uid___A001_X3788_X9d0e,1,4,"[WM,WM,WM,WM]",WM WM WM WM,5.512138576000162,False
uid___A001_X3788_X9d12,2,4,"[WM,WM,WM,WM]",WM WM WM WM,3.4095217760001626,False
uid___A001_X3788_X9d16,1,4,"[WM,WM,WM,WM]",WM WM WM WM,4.529073878666992,False
uid___A001_X3788_X9d1a,1,4,"[WM,WM,WM,WM]",WM WM WM WM,1.9783636266666667,False
uid___A001_X3788_X9d1e,1,4,"[WM,WM,WM,WM]",WM WM WM WM,2.1593094093326823,False
uid___A001_X3788_X9d22,1,4,"[WM,WM,WM,WM]",WM WM WM WM,18.070026997331542,False
uid___A001_X3788_X9d53,1,4,"[CONT,CONT,CONT,WC]",CONT CONT CONT WC,19.469356196825398,False
uid___A001_X3788_X9d65,1,4,"[CONT,CONT,CONT,WC]",CONT CONT CONT WC,31.295541732063416,False
uid___A001_X3788_X9d6b,1,4,"[CONT,CONT,CONT,WC]",CONT CONT CONT WC,29.410604046983895,False
uid___A001_X3788_X9d75,3,4,"[MC,WC,WC,WC]",MC WC WC WC,33.79980079542876,False
uid___A001_X3788_X9d79,3,4,"[MC,WC,WC,WC]",MC WC WC WC,27.492268443428664,False
uid___A001_X3788_X9d7d,2,4,"[MC,WC,WC,WC]",MC WC WC WC,25.229030255238094,False
uid___A001_X3788_X9d81,1,4,"[MC,WC,WC,WC]",MC WC WC WC,40.47099303923642,False
uid___A001_X3788_X9d85,2,4,"[MC,WC,WC,WC]",MC WC WC WC,32.01829272685733,False
uid___A001_X3788_X9d8c,8,4,"[CONT,CONT,CONT,WC]",CONT CONT CONT WC,13.670070853333101,False
uid___A001_X3788_X9d8e,4,4,"[CONT,CONT,CONT,WC]",CONT CONT CONT WC,21.141571832380798,False
uid___A001_X3788_X9d95,9,4,"[NM,NM,NM,NM]",NM NM NM NM,29.362406730726725,False
uid___A001_X3788_X9d99,4,4,"[NM,NM,NM,NM]",NM NM NM NM,23.095043673544502,False
uid___A001_X3788_X9da0,3,4,"[MM,NF,NF,NF]",MM NF NF NF,41.27953936893046,False
uid___A001_X3788_X9da2,16,4,"[MM,NF,NF,NF]",MM NF NF NF,31.9955934231883,False
uid___A001_X3788_X9dcc,1,4,"[MM,NF,NF,NF]",MM NF NF NF,42.219753591542,False
uid___A001_X3788_X9dd2,1,4,"[MF,WC,WC,WC]",MF WC WC WC,2.5862785933062287,False
uid___A001_X3788_X9dda,4,4,"[MF,WC,WC,WC]",MF WC WC WC,20.621755165606398,False
uid___A001_X3788_X9ded,6,6,"[NF,NF,NF,NF,NF,WM]",NF NF NF NF NF WM,24.02719174951077,False
uid___A001_X3788_X9def,3,6,"[NF,NF,NF,NF,NF,WM]",NF NF NF NF NF WM,17.69963020228082,False
uid___A001_X3788_X9df1,6,6,"[NF,NF,NF,NF,NF,WM]",NF NF NF NF NF WM,16.351551733430295,False
uid___A001_X3788_X9dfd,2,4,"[NF,NF,WM,WM]",NF NF WM WM,31.23862338615119,False
uid___A001_X3788_X9e5f,1,8,"[WM,WM,WM,WM,WM,WM,WM,WM]",WM WM WM WM WM WM WM WM,8.740530692666015,False
uid___A001_X3788_X9e78,4,4,"[MC,MC,WC,WC]",MC MC WC WC,25.548026672000326,False
uid___A001_X3788_X9e7c,4,4,"[MC,MC,MC,WC]",MC MC MC WC,24.493555989333334,False
uid___A001_X3788_X9e89,6,5,"[MC,MC,WC,WC,WC]",MC MC WC WC WC,nan,False
uid___A001_X3788_X9e9e,2,8,"[WF,WF,WM,WM,WM,WM,WM,WM]",WF WF WM WM WM WM WM WM,39.60935206600179,False
uid___A001_X3788_X9eaf,1,4,"[WM,WM,WM,WM]",WM WM WM WM,31.582967460001626,False
uid___A001_X3788_X9ee3,1,4,"[WC,WC,WC,WC]",WC WC WC WC,44.27438684933309,False
uid___A001_X3788_X9ee5,1,4,"[WC,WC,WC,WC]",WC WC WC WC,49.065611018666175,False
uid___A001_X3788_X9ee7,1,4,"[WC,WC,WC,WC]",WC WC WC WC,42.81290216266683,False
uid___A001_X3788_X9eef,2,4,"[WC,WC,WC,WC]",WC WC WC WC,39.895282762666426,False
uid___A001_X3788_X9ef1,1,4,"[WC,WC,WC,WC]",WC WC WC WC,49.169790547999675,False
uid___A001_X3788_X9ef3,1,4,"[WC,WC,WC,WC]",WC WC WC WC,52.29256843333334,False
uid___A001_X3788_X9efb,1,4,"[WC,WC,WC,WC]",WC WC WC WC,51.56559794399862,False
uid___A001_X3788_X9efd,1,4,"[WC,WC,WC,WC]",WC WC WC WC,73.85577504399984,False
uid___A001_X3788_X9eff,3,4,"[WC,WC,WC,WC]",WC WC WC WC,36.563926286667076,False
uid___A001_X3788_X9f07,1,4,"[WC,WC,WC,WC]",WC WC WC WC,67.08540227200032,False
uid___A001_X3788_X9f09,1,4,"[WC,WC,WC,WC]",WC WC WC WC,41.87839996533366,False
uid___A001_X3788_X9f0b,2,4,"[WC,WC,WC,WC]",WC WC WC WC,40.938586926666666,False
uid___A001_X3788_X9f13,1,4,"[WC,WC,WC,WC]",WC WC WC WC,58.75257896133423,False
uid___A001_X3788_X9f15,1,4,"[WC,WC,WC,WC]",WC WC WC WC,60.41907494000081,False
uid___A001_X3788_X9f17,2,4,"[WC,WC,WC,WC]",WC WC WC WC,56.66744307333496,False
uid___A001_X3788_X9f1f,1,4,"[WC,WC,WC,WC]",WC WC WC WC,31.566856410666098,False
uid___A001_X3788_X9f21,1,4,"[WC,WC,WC,WC]",WC WC WC WC,42.29518165066691,False
uid___A001_X3788_X9f23,2,4,"[WC,WC,WC,WC]",WC WC WC WC,27.188808872000326,False
uid___A001_X3788_X9f2d,1,4,"[WC,WC,WC,WC]",WC WC WC WC,36.25404929600057,False
uid___A001_X3788_X9f2f,1,4,"[WC,WC,WC,WC]",WC WC WC WC,54.16947273600138,False
uid___A001_X3788_X9f31,1,4,"[WC,WC,WC,WC]",WC WC WC WC,42.29240465733317,False
uid___A001_X3788_X9f4d,1,4,"[WC,WC,WC,WC]",WC WC WC WC,39.37883945999959,False
uid___A001_X3788_X9f4f,1,4,"[WC,WC,WC,WC]",WC WC WC WC,43.23274748666626,False
uid___A001_X3788_X9f51,1,4,"[WC,WC,WC,WC]",WC WC WC WC,30.001258782666017,False
uid___A001_X3788_X9f75,2,4,"[CONT,CONT,WC,WC]",CONT CONT WC WC,30.83811945548214,False
uid___A001_X3788_Xa0a4,2,4,"[CONT,WC,WC,WC]",CONT WC WC WC,41.28575755409836,False
uid___A001_X3788_Xa0b0,2,4,"[CONT,WC,WC,WC]",CONT WC WC WC,24.68827863999984,False
uid___A001_X3788_Xa0b6,1,4,"[CONT,WC,WC,WC]",CONT WC WC WC,17.929447356065893,False
uid___A001_X3788_Xa0b8,2,6,"[CONT,CONT,WC,WC,WC,WC]",CONT CONT WC WC WC WC,nan,False
uid___A001_X3788_Xa0c2,1,4,"[CONT,WC,WC,WC]",CONT WC WC WC,27.769633433441662,False
uid___A001_X3788_Xa0c8,1,4,"[CONT,WC,WC,WC]",CONT WC WC WC,40.057600456392485,False
uid___A001_X3788_Xa0ce,1,4,"[CONT,WC,WC,WC]",CONT WC WC WC,28.685066278033748,False
uid___A001_X3788_Xa0e0,1,4,"[CONT,WC,WC,WC]",CONT WC WC WC,30.023570073443103,False
uid___A001_X3788_Xa0e2,1,4,"[CONT,WC,WC,WC]",CONT WC WC WC,21.315685172460938,False
uid___A001_X3788_Xa0f7,2,4,"[WC,WC,WC,WC]",WC WC WC WC,63.43649016800049,False
uid___A001_X3788_Xa10a,1,8,"[CONT,CONT,CONT,CONT,CONT,CONT,CONT,CONT]",CONT CONT CONT CONT CONT CONT CONT CONT,14.829861901875304,False
uid___A001_X3788_Xa115,4,11,"[NF,NF,NF,NF,NF,NF,NF,NF,NF,NF,WM]",NF NF NF NF NF NF NF NF NF NF WM,37.02189938551836,False
uid___A001_X3788_Xa119,1,11,"[NF,NF,NF,NF,NF,NF,NF,NF,NF,NF,WM]",NF NF NF NF NF NF NF NF NF NF WM,23.26268751996314,False
uid___A001_X3788_Xa159,2,4,"[WC,WC,WC,WC]",WC WC WC WC,13.55036213755571,False
uid___A001_X3788_Xa15d,2,4,"[WC,WC,WC,WC]",WC WC WC WC,13.723943341999954,False
uid___A001_X3788_Xa161,2,4,"[WC,WC,WC,WC]",WC WC WC WC,18.654969828222082,False
uid___A001_X3788_Xa165,2,4,"[WC,WC,WC,WC]",WC WC WC WC,16.276175314222378,False
uid___A001_X3788_Xa169,2,4,"[WC,WC,WC,WC]",WC WC WC WC,17.942976767777914,False
uid___A001_X3788_Xa434,2,3,"[WC,WC,WC]",WC WC WC,39.722185912888456,False
uid___A001_X3788_Xa489,5,10,"[MF,NF,NF,NF,NF,NF,NF,NF,NF,WM]",MF NF NF NF NF NF NF NF NF WM,79.35466384989893,False
uid___A001_X3788_Xa48b,15,10,"[MF,NF,NF,NF,NF,NF,NF,NF,NF,WM]",MF NF NF NF NF NF NF NF NF WM,61.21900255182899,False
uid___A001_X3788_Xa491,2,10,"[MF,NF,NF,NF,NF,NF,NF,NF,NF,WM]",MF NF NF NF NF NF NF NF NF WM,24.42593360035594,False
uid___A001_X3788_Xa493,9,10,"[MF,NF,NF,NF,NF,NF,NF,NF,NF,WM]",MF NF NF NF NF NF NF NF NF WM,23.005107861516,False
uid___A001_X3788_Xa499,4,10,"[MF,NF,NF,NF,NF,NF,NF,NF,NF,WM]",MF NF NF NF NF NF NF NF NF WM,14.376769560090601,False
uid___A001_X3788_Xa49b,7,10,"[MF,NF,NF,NF,NF,NF,NF,NF,NF,WM]",MF NF NF NF NF NF NF NF NF WM,16.49829336205567,False
uid___A001_X3788_Xa4a1,2,10,"[MF,NF,NF,NF,NF,NF,NF,NF,NF,WM]",MF NF NF NF NF NF NF NF NF WM,92.7912809096109,False
uid___A001_X3788_Xa4a3,3,10,"[MF,NF,NF,NF,NF,NF,NF,NF,NF,WM]",MF NF NF NF NF NF NF NF NF WM,91.11316442808075,False
uid___A001_X3788_Xa4a9,2,10,"[MF,NF,NF,NF,NF,NF,NF,NF,NF,WM]",MF NF NF NF NF NF NF NF NF WM,21.828255381817847,False
uid___A001_X3788_Xa4ab,3,10,"[MF,NF,NF,NF,NF,NF,NF,NF,NF,WM]",MF NF NF NF NF NF NF NF NF WM,15.860347869810868,False
uid___A001_X3788_Xa4b1,4,10,"[MF,NF,NF,NF,NF,NF,NF,NF,NF,WM]",MF NF NF NF NF NF NF NF NF WM,37.71086406257311,False
uid___A001_X3788_Xa4b3,10,10,"[MF,NF,NF,NF,NF,NF,NF,NF,NF,WM]",MF NF NF NF NF NF NF NF NF WM,28.960113337274127,False
uid___A001_X3788_Xa4c1,3,4,"[CONT,CONT,CONT,MM]",CONT CONT CONT MM,14.846979491801365,False
uid___A001_X3788_Xa5ec,2,13,"[MM,MM,MM,MM,MM,MM,MM,MM,MM,MM,MM,MM,MM]",MM MM MM MM MM MM MM MM MM MM MM MM MM,85.63137457867188,False
uid___A001_X3788_Xa5ee,1,13,"[MM,MM,MM,MM,MM,MM,MM,MM,MM,MM,MM,MM,MM]",MM MM MM MM MM MM MM MM MM MM MM MM MM,87.00366891200196,False
uid___A001_X3788_Xad63,1,4,"[WM,WM,WM,WM]",WM WM WM WM,72.42456263600342,False
uid___A001_X3788_Xad68,1,4,"[WM,WM,WM,WM]",WM WM WM WM,87.04546524933838,False
uid___A001_X3788_Xad6d,1,4,"[WM,WM,WM,WM]",WM WM WM WM,87.54705432866557,False
uid___A001_X3788_Xad72,1,4,"[WM,WM,WM,WM]",WM WM WM WM,86.90025342666625,False
uid___A001_X3788_Xad77,1,4,"[WM,WM,WM,WM]",WM WM WM WM,72.8226331213326,False
uid___A001_X3788_Xad7c,1,4,"[WM,WM,WM,WM]",WM WM WM WM,91.04346511200032,False
uid___A001_X3788_Xad7f,1,4,"[WM,WM,WM,WM]",WM WM WM WM,84.3486944959965,False
uid___A001_X3788_Xad81,1,4,"[WM,WM,WM,WM]",WM WM WM WM,87.14154511333292,False
uid___A001_X3788_Xad86,1,4,"[WM,WM,WM,WM]",WM WM WM WM,88.24347052000081,False
uid___A001_X3788_Xad8b,1,4,"[WM,WM,WM,WM]",WM WM WM WM,85.98988336000163,False
uid___A001_X3788_Xae27,1,20,"[WM,WM,WM,WM,WM,WM,WM,WM,WM,WM,WM,WM,WM,WM,WM,WM,WM,WM,WM,WM]",WM WM WM WM WM WM WM WM WM WM WM WM WM WM WM WM WM WM WM WM,24.497974090666993,False
uid___A001_X3788_Xae2f,1,16,"[WM,WM,WM,WM,WM,WM,WM,WM,WM,WM,WM,WM,WM,WM,WM,WM]",WM WM WM WM WM WM WM WM WM WM WM WM WM WM WM WM,40.92191346600032,False
uid___A001_X3788_Xae3f,1,20,"[WM,WM,WM,WM,WM,WM,WM,WM,WM,WM,WM,WM,WM,WM,WM,WM,WM,WM,WM,WM]",WM WM WM WM WM WM WM WM WM WM WM WM WM WM WM WM WM WM WM WM,29.521572073598797,False
uid___A001_X3788_Xae47,1,20,"[WM,WM,WM,WM,WM,WM,WM,WM,WM,WM,WM,WM,WM,WM,WM,WM,WM,WM,WM,WM]",WM WM WM WM WM WM WM WM WM WM WM WM WM WM WM WM WM WM WM WM,30.000812449332194,False
uid___A001_X3788_Xae83,1,20,"[MM,MM,MM,MM,MM,MM,MM,MM,MM,MM,MM,MM,MM,MM,MM,MM,MM,MM,MM,MM]",MM MM MM MM MM MM MM MM MM MM MM MM MM MM MM MM MM MM MM MM,2.7862401909331056,False
uid___A001_X3788_Xae87,1,16,"[MM,MM,MM,MM,MM,MM,MM,MM,MM,MM,MM,MM,MM,MM,MM,MM]",MM MM MM MM MM MM MM MM MM MM MM MM MM MM MM MM,24.071883792000122,False
uid___A001_X3788_Xb001,2,4,"[WM,WM,WM,WM]",WM WM WM WM,62.282322737334795,False
uid___A001_X3788_Xb012,1,8,"[CONT,CONT,CONT,CONT,CONT,CONT,CONT,CONT]",CONT CONT CONT CONT CONT CONT CONT CONT,16.00332938062439,False
uid___A001_X3788_Xb12a,1,4,"[CONT,MF,MF,WF]",CONT MF MF WF,22.800242974387366,False
uid___A001_X3788_Xb14e,1,8,"[WC,WC,WC,WC,WC,WC,WC,WC]",WC WC WC WC WC WC WC WC,49.36948671866781,False
uid___A001_X3788_Xb156,1,8,"[WC,WC,WC,WC,WC,WC,WC,WC]",WC WC WC WC WC WC WC WC,58.016412130001626,False
uid___A001_X3788_Xb15a,2,8,"[WC,WC,WC,WC,WC,WC,WC,WC]",WC WC WC WC WC WC WC WC,33.09087589533203,False
uid___A001_X3788_Xb15e,2,8,"[WC,WC,WC,WC,WC,WC,WC,WC]",WC WC WC WC WC WC WC WC,33.3062480653361,False
uid___A001_X3788_Xb166,1,8,"[WC,WC,WC,WC,WC,WC,WC,WC]",WC WC WC WC WC WC WC WC,34.85990532800049,False
uid___A001_X3788_Xb172,1,8,"[WC,WC,WC,WC,WC,WC,WC,WC]",WC WC WC WC WC WC WC WC,38.37954841733154,False
uid___A001_X3788_Xb176,1,8,"[WC,WC,WC,WC,WC,WC,WC,WC]",WC WC WC WC WC WC WC WC,38.9621277660026,False
uid___A001_X3788_Xb17e,1,8,"[WC,WC,WC,WC,WC,WC,WC,WC]",WC WC WC WC WC WC WC WC,38.484075472002765,False
uid___A001_X3788_Xb182,2,8,"[WC,WC,WC,WC,WC,WC,WC,WC]",WC WC WC WC WC WC WC WC,36.39249226566406,False
uid___A001_X3788_Xb186,2,8,"[WC,WC,WC,WC,WC,WC,WC,WC]",WC WC WC WC WC WC WC WC,38.460189747997234,False
uid___A001_X3788_Xb18e,1,8,"[WC,WC,WC,WC,WC,WC,WC,WC]",WC WC WC WC WC WC WC WC,49.266720244663084,False
uid___A001_X3788_Xb192,1,8,"[WC,WC,WC,WC,WC,WC,WC,WC]",WC WC WC WC WC WC WC WC,nan,False
uid___A001_X3788_Xb1f8,2,4,"[MF,MF,WM,WM]",MF MF WM WM,59.67497330975466,False
uid___A001_X3788_Xb1fe,1,4,"[MF,MF,WM,WM]",MF MF WM WM,22.54017446400219,False
uid___A001_X3788_Xb2de,4,4,"[CONT,CONT,CONT,WC]",CONT CONT CONT WC,27.46689096888796,False
uid___A001_X3788_Xb323,1,4,"[CONT,CONT,CONT,CONT]",CONT CONT CONT CONT,15.035946329999733,False
uid___A001_X3788_Xb327,1,4,"[CONT,CONT,CONT,CONT]",CONT CONT CONT CONT,15.240410521249771,False
uid___A001_X3788_Xb336,2,4,"[MF,MF,MM,WM]",MF MF MM WM,51.7048028068564,False
uid___A001_X3788_Xb3a8,2,8,"[WC,WC,WC,WC,WC,WC,WC,WC]",WC WC WC WC WC WC WC WC,34.63656236999918,False
uid___A001_X3788_Xb3b7,1,8,"[WC,WC,WC,WC,WC,WC,WC,WC]",WC WC WC WC WC WC WC WC,31.975073581002196,False
uid___A001_X3788_Xb3fd,1,8,"[WC,WC,WC,WC,WC,WC,WC,WC]",WC WC WC WC WC WC WC WC,57.25425675000163,False
uid___A001_X3788_Xb3ff,1,8,"[WC,WC,WC,WC,WC,WC,WC,WC]",WC WC WC WC WC WC WC WC,57.08224591733317,False
uid___A001_X3788_Xb409,1,4,"[WC,WC,WC,WC]",WC WC WC WC,53.53805836266683,False
uid___A001_X3788_Xb40f,1,4,"[WC,WC,WC,WC]",WC WC WC WC,63.435818785334476,False
uid___A001_X3788_Xb416,1,8,"[WC,WC,WC,WC,WC,WC,WC,WC]",WC WC WC WC WC WC WC WC,51.54304100533447,False
uid___A001_X3788_Xb446,9,4,"[WC,WC,WC,WC]",WC WC WC WC,23.347722427999777,False
uid___A001_X3788_Xb448,4,4,"[WC,WC,WC,WC]",WC WC WC WC,22.83689132,False
uid___A001_X3788_Xb453,1,4,"[WC,WC,WC,WC]",WC WC WC WC,22.186994734666747,False
uid___A001_X3788_Xb457,2,4,"[WC,WC,WC,WC]",WC WC WC WC,23.74226662266683,False
uid___A001_X3788_Xb45b,2,4,"[WC,WC,WC,WC]",WC WC WC WC,17.50160087866679,False
uid___A001_X3788_Xb479,1,4,"[MF,WC,WC,WC]",MF WC WC WC,9.82340208500691,False
uid___A001_X3788_Xb4f2,2,4,"[CONT,CONT,CONT,WC]",CONT CONT CONT WC,23.105270332697987,False
uid___A001_X3788_Xb4f6,2,4,"[CONT,CONT,WC,WM]",CONT CONT WC WM,46.49173151612825,False
uid___A001_X3788_Xb512,1,9,"[MM,MM,MM,NF,NF,NF,NF,NM,NM]",MM MM MM NF NF NF NF NM NM,55.35113494375332,False
uid___A001_X3788_Xb515,3,9,"[MM,MM,MM,NF,NF,NF,NF,NM,NM]",MM MM MM NF NF NF NF NM NM,39.20239242615563,False
uid___A001_X3788_Xb517,1,9,"[MM,MM,MM,NF,NF,NF,NF,NM,NM]",MM MM MM NF NF NF NF NM NM,13.154656621228593,False
uid___A001_X3788_Xb51a,2,9,"[MM,MM,MM,NF,NF,NF,NF,NM,NM]",MM MM MM NF NF NF NF NM NM,41.302744490082475,False
uid___A001_X3788_Xb51f,1,9,"[MM,MM,MM,NF,NF,NF,NF,NM,NM]",MM MM MM NF NF NF NF NM NM,26.86051926175459,False
uid___A001_X3788_Xb521,1,9,"[MM,MM,MM,NF,NF,NF,NF,NM,NM]",MM MM MM NF NF NF NF NM NM,21.456601211036837,False
uid___A001_X3788_Xb524,2,9,"[MM,MM,MM,NF,NF,NF,NF,NM,NM]",MM MM MM NF NF NF NF NM NM,26.39061471488826,False
uid___A001_X3788_Xb526,1,9,"[MM,MM,MM,NF,NF,NF,NF,NM,NM]",MM MM MM NF NF NF NF NM NM,16.627752257191716,False
uid___A001_X3788_Xb529,2,9,"[MM,MM,MM,NF,NF,NF,NF,NM,NM]",MM MM MM NF NF NF NF NM NM,42.50622424045059,False
uid___A001_X3788_Xb52b,1,9,"[MM,MM,MM,NF,NF,NF,NF,NM,NM]",MM MM MM NF NF NF NF NM NM,21.190322718510235,False
uid___A001_X3788_Xb530,1,9,"[MM,MM,MM,NF,NF,NF,NF,NM,NM]",MM MM MM NF NF NF NF NM NM,48.90954649396472,False
uid___A001_X3788_Xb533,2,9,"[MM,MM,MM,NF,NF,NF,NF,NM,NM]",MM MM MM NF NF NF NF NM NM,19.65667107768578,False
uid___A001_X3788_Xb535,1,9,"[MM,MM,MM,NF,NF,NF,NF,NM,NM]",MM MM MM NF NF NF NF NM NM,31.560353821783806,False
uid___A001_X3788_Xb53f,6,4,"[CONT,CONT,CONT,WC]",CONT CONT CONT WC,26.793761076825824,False
uid___A001_X3788_Xb543,2,4,"[MC,MC,WC,WC]",MC MC WC WC,62.60227329244412,False
uid___A001_X3788_Xb547,6,4,"[MC,WC,WC,WC]",MC WC WC WC,41.07391190704799,False
uid___A001_X3788_Xb577,1,8,"[CONT,CONT,CONT,CONT,CONT,CONT,CONT,CONT]",CONT CONT CONT CONT CONT CONT CONT CONT,26.161992961249922,False
uid___A001_X3788_Xb57b,1,4,"[CONT,CONT,CONT,CONT]",CONT CONT CONT CONT,13.268164903751373,False
uid___A001_X3788_Xb5c6,2,4,"[MM,MM,NF,NF]",MM MM NF NF,44.96689145641069,False
uid___A001_X3788_Xb5d0,3,4,"[MM,MM,NF,NF]",MM MM NF NF,15.813387489207903,False
uid___A001_X3788_Xb600,1,8,"[CONT,CONT,CONT,CONT,CONT,CONT,CONT,CONT]",CONT CONT CONT CONT CONT CONT CONT CONT,13.27939588374939,False
uid___A001_X3788_Xb60a,1,8,"[CONT,CONT,CONT,CONT,CONT,CONT,CONT,CONT]",CONT CONT CONT CONT CONT CONT CONT CONT,17.77846122874985,False
uid___A001_X3788_Xb60c,1,8,"[CONT,CONT,CONT,CONT,CONT,CONT,CONT,CONT]",CONT CONT CONT CONT CONT CONT CONT CONT,14.651769550208028,False
uid___A001_X3788_Xb64b,2,4,"[CONT,CONT,CONT,WC]",CONT CONT CONT WC,16.559829267302206,False
uid___A001_X3788_Xb651,2,4,"[CONT,CONT,CONT,WC]",CONT CONT CONT WC,28.961060466031125,False
uid___A001_X3788_Xb657,1,4,"[CONT,CONT,CONT,WC]",CONT CONT CONT WC,22.513554899047463,False
uid___A001_X3788_Xb65b,1,4,"[CONT,CONT,CONT,WC]",CONT CONT CONT WC,18.638205147935654,False
uid___A001_X3788_Xb65d,1,4,"[CONT,CONT,CONT,WC]",CONT CONT CONT WC,20.926891441269067,False
uid___A001_X3788_Xb661,1,4,"[CONT,CONT,CONT,WC]",CONT CONT CONT WC,19.829591160635232,False
uid___A001_X3788_Xb663,1,4,"[CONT,CONT,CONT,WC]",CONT CONT CONT WC,24.8945616304765,False
uid___A001_X3788_Xb667,2,4,"[CONT,CONT,CONT,WC]",CONT CONT CONT WC,26.284806768253773,False
uid___A001_X3788_Xb669,1,4,"[CONT,CONT,CONT,WC]",CONT CONT CONT WC,11.708664353015719,False
uid___A001_X3788_Xb66d,1,4,"[CONT,CONT,CONT,WC]",CONT CONT CONT WC,21.21921184253976,False
uid___A001_X3788_Xb66f,1,4,"[CONT,CONT,CONT,WC]",CONT CONT CONT WC,24.101204613332403,False
uid___A001_X3788_Xb673,2,4,"[CONT,CONT,CONT,WC]",CONT CONT CONT WC,15.958423024761672,False
uid___A001_X3788_Xb675,2,4,"[CONT,CONT,CONT,WC]",CONT CONT CONT WC,20.13228415111142,False
uid___A001_X3788_Xb679,1,4,"[CONT,CONT,CONT,WC]",CONT CONT CONT WC,12.884997004444134,False
uid___A001_X3788_Xb67b,1,4,"[CONT,CONT,CONT,WC]",CONT CONT CONT WC,15.371589346031358,False
uid___A001_X3788_Xb67f,2,4,"[CONT,CONT,CONT,WC]",CONT CONT CONT WC,22.608344871110415,False
uid___A001_X3788_Xb681,1,4,"[CONT,CONT,CONT,WC]",CONT CONT CONT WC,11.305503299048238,False
uid___A001_X3788_Xb685,1,4,"[CONT,CONT,CONT,WC]",CONT CONT CONT WC,12.286810855873325,False
uid___A001_X3788_Xb687,1,4,"[CONT,CONT,CONT,WC]",CONT CONT CONT WC,20.833322798730855,False
uid___A001_X3788_Xb691,1,4,"[CONT,CONT,CONT,WC]",CONT CONT CONT WC,16.76249529523732,False
uid___A001_X3788_Xb693,1,4,"[CONT,CONT,CONT,WC]",CONT CONT CONT WC,19.05056358730159,False
uid___A001_X3788_Xb697,1,4,"[CONT,CONT,CONT,WC]",CONT CONT CONT WC,23.115214684444368,False
uid___A001_X3788_Xb699,1,4,"[CONT,CONT,CONT,WC]",CONT CONT CONT WC,14.292874253968641,False
uid___A001_X3788_Xb69d,2,4,"[CONT,CONT,CONT,WC]",CONT CONT CONT WC,20.04868826666744,False
uid___A001_X3788_Xb69f,1,4,"[CONT,CONT,CONT,WC]",CONT CONT CONT WC,15.186931109840417,False
uid___A001_X3788_Xb6a3,1,4,"[CONT,CONT,CONT,WC]",CONT CONT CONT WC,12.103174078729927,False
uid___A001_X3788_Xb6a5,1,4,"[CONT,CONT,CONT,WC]",CONT CONT CONT WC,20.941247513650563,False
uid___A001_X3788_Xb6a9,3,4,"[CONT,CONT,CONT,WC]",CONT CONT CONT WC,16.676135193650794,False
uid___A001_X3788_Xb6ab,1,4,"[CONT,CONT,CONT,WC]",CONT CONT CONT WC,14.689016488889276,False
uid___A001_X3788_Xb6af,1,4,"[CONT,CONT,CONT,WC]",CONT CONT CONT WC,22.924074841905384,False
uid___A001_X3788_Xb6b1,1,4,"[CONT,CONT,CONT,WC]",CONT CONT CONT WC,29.662436544762603,False
uid___A001_X3788_Xb6b5,2,4,"[CONT,CONT,CONT,WC]",CONT CONT CONT WC,27.98058394539543,False
uid___A001_X3788_Xb6b7,1,4,"[CONT,CONT,CONT,WC]",CONT CONT CONT WC,24.00670360380937,False
uid___A001_X3788_Xb6bb,1,4,"[CONT,CONT,CONT,WC]",CONT CONT CONT WC,19.84367825777801,False
uid___A001_X3788_Xb6bd,1,4,"[CONT,CONT,CONT,WC]",CONT CONT CONT WC,12.1973696,False
uid___A001_X3788_Xb6c1,2,4,"[CONT,CONT,CONT,WC]",CONT CONT CONT WC,19.05668980444491,False
uid___A001_X3788_Xb6c3,1,4,"[CONT,CONT,CONT,WC]",CONT CONT CONT WC,18.05126689269787,False
uid___A001_X3788_Xb6c7,1,4,"[CONT,CONT,CONT,WC]",CONT CONT CONT WC,17.256018678095547,False
uid___A001_X3788_Xb6c9,1,4,"[CONT,CONT,CONT,WC]",CONT CONT CONT WC,15.868695773968408,False
uid___A001_X3788_Xb6cd,1,4,"[CONT,CONT,CONT,WC]",CONT CONT CONT WC,12.505388213333566,False
uid___A001_X3788_Xb6cf,1,4,"[CONT,CONT,CONT,WC]",CONT CONT CONT WC,11.899034163809059,False
uid___A001_X3788_Xb6d3,1,4,"[CONT,CONT,CONT,WC]",CONT CONT CONT WC,15.775806627300735,False
uid___A001_X3788_Xb6d5,1,4,"[CONT,CONT,CONT,WC]",CONT CONT CONT WC,11.99765143238041,False
uid___A001_X3788_Xb6db,1,4,"[CONT,CONT,CONT,WC]",CONT CONT CONT WC,16.560339476824854,False
uid___A001_X3788_Xb6df,1,4,"[CONT,CONT,CONT,WC]",CONT CONT CONT WC,25.886028464761594,False
uid___A001_X3788_Xb6e1,1,4,"[CONT,CONT,CONT,WC]",CONT CONT CONT WC,11.112737155555362,False
uid___A001_X3788_Xb6e5,2,4,"[CONT,CONT,CONT,WC]",CONT CONT CONT WC,16.378798093968175,False
uid___A001_X3788_Xb6e7,2,4,"[CONT,CONT,CONT,WC]",CONT CONT CONT WC,14.684869852697947,False
uid___A001_X3788_Xb6fe,1,4,"[CONT,CONT,CONT,WC]",CONT CONT CONT WC,20.439186445714363,False
uid___A001_X3788_Xb702,1,4,"[CONT,CONT,CONT,WC]",CONT CONT CONT WC,27.766555158095006,False
uid___A001_X3788_Xb706,1,4,"[CONT,CONT,CONT,WC]",CONT CONT CONT WC,18.34211650031816,False
uid___A001_X3788_Xb70a,1,4,"[CONT,CONT,CONT,WC]",CONT CONT CONT WC,22.808414407619125,False
uid___A001_X3788_Xb70e,1,4,"[CONT,CONT,CONT,WC]",CONT CONT CONT WC,14.47416382476206,False
uid___A001_X3788_Xb712,1,4,"[CONT,CONT,CONT,WC]",CONT CONT CONT WC,12.289316998095316,False
uid___A001_X3788_Xb716,2,4,"[CONT,CONT,CONT,WC]",CONT CONT CONT WC,21.71427304000031,False
uid___A001_X3788_Xb71a,1,4,"[CONT,CONT,CONT,WC]",CONT CONT CONT WC,19.535032126984515,False
uid___A001_X3788_Xb71e,1,4,"[CONT,CONT,CONT,WC]",CONT CONT CONT WC,21.91423094095207,False
uid___A001_X3788_Xb722,2,4,"[CONT,CONT,CONT,WC]",CONT CONT CONT WC,13.874882104126364,False
uid___A001_X3788_Xb72a,1,4,"[CONT,CONT,CONT,WC]",CONT CONT CONT WC,17.347224320000155,False
uid___A001_X3788_Xb72e,2,4,"[CONT,CONT,CONT,WC]",CONT CONT CONT WC,28.361685870476034,False
uid___A001_X3788_Xb732,1,4,"[CONT,CONT,CONT,WC]",CONT CONT CONT WC,14.472741856508092,False
uid___A001_X3788_Xb736,2,4,"[CONT,CONT,CONT,WC]",CONT CONT CONT WC,13.983856309841967,False
uid___A001_X3788_Xb73a,2,4,"[CONT,CONT,CONT,WC]",CONT CONT CONT WC,18.349088652698722,False
uid___A001_X3788_Xb73e,1,4,"[CONT,CONT,CONT,WC]",CONT CONT CONT WC,17.944841530157955,False
uid___A001_X3788_Xb742,3,4,"[CONT,CONT,CONT,WC]",CONT CONT CONT WC,12.684355098412698,False
uid___A001_X3788_Xb74a,4,12,"[MF,NF,NF,NF,NF,NF,NF,NF,NF,NF,NF,WM]",MF NF NF NF NF NF NF NF NF NF NF WM,19.585967141638427,False
uid___A001_X3788_Xb773,3,8,"[NF,NF,NF,NF,NF,NF,NF,WM]",NF NF NF NF NF NF NF WM,31.790661808471658,False
uid___A001_X3788_Xb775,1,8,"[NF,NF,NF,NF,NF,NF,NF,WM]",NF NF NF NF NF NF NF WM,18.697565374736406,False
uid___A001_X3788_Xb778,2,8,"[NF,NF,NF,NF,NF,NF,NF,WM]",NF NF NF NF NF NF NF WM,65.87528119954962,False
uid___A001_X3788_Xb77a,1,8,"[NF,NF,NF,NF,NF,NF,NF,WM]",NF NF NF NF NF NF NF WM,13.412891571637676,False
uid___A001_X3788_Xb77d,5,8,"[NF,NF,NF,NF,NF,NF,NF,WM]",NF NF NF NF NF NF NF WM,52.224565165466174,False
uid___A001_X3788_Xb77f,2,8,"[NF,NF,NF,NF,NF,NF,NF,WM]",NF NF NF NF NF NF NF WM,18.11894131894568,False
uid___A001_X3788_Xb782,3,8,"[NF,NF,NF,NF,NF,NF,NF,WM]",NF NF NF NF NF NF NF WM,57.04802112467622,False
uid___A001_X3788_Xb784,1,8,"[NF,NF,NF,NF,NF,NF,NF,WM]",NF NF NF NF NF NF NF WM,28.516627276222025,False
uid___A001_X3788_Xb787,4,8,"[NF,NF,NF,NF,NF,NF,NF,WM]",NF NF NF NF NF NF NF WM,44.26023137977041,False
uid___A001_X3788_Xb789,3,8,"[NF,NF,NF,NF,NF,NF,NF,WM]",NF NF NF NF NF NF NF WM,24.73223257142634,False
uid___A001_X3788_Xb78d,3,9,"[NF,NF,NF,NF,NF,NF,NF,NF,WM]",NF NF NF NF NF NF NF NF WM,67.6626997183667,False
uid___A001_X3788_Xb78f,2,9,"[NF,NF,NF,NF,NF,NF,NF,NF,WM]",NF NF NF NF NF NF NF NF WM,23.432286654756933,False
uid___A001_X3788_Xb792,4,9,"[NF,NF,NF,NF,NF,NF,NF,NF,WM]",NF NF NF NF NF NF NF NF WM,30.575392127926044,False
uid___A001_X3788_Xb794,2,9,"[NF,NF,NF,NF,NF,NF,NF,NF,WM]",NF NF NF NF NF NF NF NF WM,17.735617930981885,False
uid___A001_X3788_Xb79c,3,9,"[NF,NF,NF,NF,NF,NF,NF,NF,WM]",NF NF NF NF NF NF NF NF WM,21.95506090580372,False
uid___A001_X3788_Xb79e,1,9,"[NF,NF,NF,NF,NF,NF,NF,NF,WM]",NF NF NF NF NF NF NF NF WM,18.304259169393415,False
uid___A001_X3788_Xb7a1,5,9,"[NF,NF,NF,NF,NF,NF,NF,NF,WM]",NF NF NF NF NF NF NF NF WM,20.840340208584543,False
uid___A001_X3788_Xb7a3,3,9,"[NF,NF,NF,NF,NF,NF,NF,NF,WM]",NF NF NF NF NF NF NF NF WM,18.115447518076035,False
uid___A001_X3788_Xb7a7,2,13,"[NF,NF,NF,NF,NF,NF,NF,NF,NF,NF,NF,NF,WM]",NF NF NF NF NF NF NF NF NF NF NF NF WM,63.75593678988965,False
uid___A001_X3788_Xb7a9,1,13,"[NF,NF,NF,NF,NF,NF,NF,NF,NF,NF,NF,NF,WM]",NF NF NF NF NF NF NF NF NF NF NF NF WM,69.89361407761284,False
uid___A001_X3788_Xb7ac,2,13,"[NF,NF,NF,NF,NF,NF,NF,NF,NF,NF,NF,NF,WM]",NF NF NF NF NF NF NF NF NF NF NF NF WM,55.72475221919971,False
uid___A001_X3788_Xb7ae,1,13,"[NF,NF,NF,NF,NF,NF,NF,NF,NF,NF,NF,NF,WM]",NF NF NF NF NF NF NF NF NF NF NF NF WM,23.21967114790944,False
uid___A001_X3788_Xb7b3,2,13,"[NF,NF,NF,NF,NF,NF,NF,NF,NF,NF,NF,NF,WM]",NF NF NF NF NF NF NF NF NF NF NF NF WM,17.62273029547772,False
uid___A001_X3788_Xb7b6,2,13,"[NF,NF,NF,NF,NF,NF,NF,NF,NF,NF,NF,NF,WM]",NF NF NF NF NF NF NF NF NF NF NF NF WM,75.91923926825427,False
uid___A001_X3788_Xb7b8,1,13,"[NF,NF,NF,NF,NF,NF,NF,NF,NF,NF,NF,NF,WM]",NF NF NF NF NF NF NF NF NF NF NF NF WM,24.001959524381796,False
uid___A001_X3788_Xb7bb,4,13,"[NF,NF,NF,NF,NF,NF,NF,NF,NF,NF,NF,NF,WM]",NF NF NF NF NF NF NF NF NF NF NF NF WM,47.00831448630659,False
uid___A001_X3788_Xb7bd,2,13,"[NF,NF,NF,NF,NF,NF,NF,NF,NF,NF,NF,NF,WM]",NF NF NF NF NF NF NF NF NF NF NF NF WM,19.300778594078114,False
uid___A001_X3788_Xb7ce,9,4,"[WC,WC,WC,WC]",WC WC WC WC,33.01580434266683,False
uid___A001_X3788_Xb7d2,8,4,"[WC,WC,WC,WC]",WC WC WC WC,38.54378282,False
uid___A001_X3788_Xb7d6,6,4,"[WC,WC,WC,WC]",WC WC WC WC,32.3976109119987,False
uid___A001_X3788_Xb7da,4,4,"[WC,WC,WC,WC]",WC WC WC WC,23.850899463999838,False
uid___A001_X3788_Xb7de,6,4,"[WC,WC,WC,WC]",WC WC WC WC,28.026512441333008,False
uid___A001_X3788_Xb7e2,7,4,"[WC,WC,WC,WC]",WC WC WC WC,28.023539484000246,False
uid___A001_X3788_Xb7e6,7,4,"[WC,WC,WC,WC]",WC WC WC WC,22.084319941332602,False
uid___A001_X3788_Xb7ea,4,4,"[WC,WC,WC,WC]",WC WC WC WC,15.830490680000407,False
uid___A001_X3788_Xb7ee,3,4,"[WC,WC,WC,WC]",WC WC WC WC,14.575391501333415,False
uid___A001_X3788_Xb7f4,5,4,"[WC,WC,WC,WC]",WC WC WC WC,14.39446578366628,False
uid___A001_X3788_Xb7f7,9,4,"[WC,WC,WC,WC]",WC WC WC WC,15.319015887047408,False
uid___A001_X3788_Xb82a,6,4,"[WC,WC,WC,WC]",WC WC WC WC,65.21994924399861,False
uid___A001_X3788_Xb82c,25,5,"[WC,WC,WC,WC,WC]",WC WC WC WC WC,nan,False
uid___A001_X3788_Xb830,4,4,"[WC,WM,WM,WM]",WC WM WM WM,78.0459593880009,False
uid___A001_X3788_Xb832,19,4,"[WC,WM,WM,WM]",WC WM WM WM,90.20810669466715,False
uid___A001_X3788_Xb83f,2,4,"[WM,WM,WM,WM]",WM WM WM WM,42.615985333333334,False
uid___A001_X3788_Xb841,4,4,"[WM,WM,WM,WM]",WM WM WM WM,24.43892491066691,False
uid___A001_X3788_Xb845,2,4,"[WM,WM,WM,WM]",WM WM WM WM,34.17624802000081,False
uid___A001_X3788_Xb847,5,4,"[WM,WM,WM,WM]",WM WM WM WM,39.592796166665856,False
uid___A001_X3788_Xb84b,3,4,"[WM,WM,WM,WM]",WM WM WM WM,32.4060680186674,False
uid___A001_X3788_Xb84d,5,4,"[WM,WM,WM,WM]",WM WM WM WM,33.252119542666016,False
uid___A001_X3788_Xb851,4,4,"[WM,WM,WM,WM]",WM WM WM WM,31.793443093334147,False
uid___A001_X3788_Xb855,3,4,"[WM,WM,WM,WM]",WM WM WM WM,32.56070637999919,False
uid___A001_X3788_Xb868,1,4,"[CONT,CONT,CONT,CONT]",CONT CONT CONT CONT,23.24484321625061,False
uid___A001_X3788_Xb86c,1,4,"[CONT,CONT,CONT,CONT]",CONT CONT CONT CONT,13.67573486000061,False
uid___A001_X3788_Xb870,2,4,"[CONT,CONT,CONT,CONT]",CONT CONT CONT CONT,22.853655481248854,False
uid___A001_X3788_Xb874,1,4,"[CONT,CONT,CONT,CONT]",CONT CONT CONT CONT,27.54149665750084,False
uid___A001_X3788_Xb878,1,4,"[CONT,CONT,CONT,CONT]",CONT CONT CONT CONT,20.1194318125,False
uid___A001_X3788_Xb87c,1,4,"[CONT,CONT,CONT,CONT]",CONT CONT CONT CONT,13.282653317499923,False
uid___A001_X3788_Xb880,2,4,"[CONT,CONT,CONT,CONT]",CONT CONT CONT CONT,25.979039354999543,False
uid___A001_X3788_Xb884,2,4,"[CONT,CONT,CONT,CONT]",CONT CONT CONT CONT,20.119380096250154,False
uid___A001_X3788_Xb888,2,4,"[CONT,CONT,CONT,CONT]",CONT CONT CONT CONT,22.26795406749954,False
uid___A001_X3788_Xb88c,2,4,"[CONT,CONT,CONT,CONT]",CONT CONT CONT CONT,20.90162130500069,False
uid___A001_X3788_Xb890,2,4,"[CONT,CONT,CONT,CONT]",CONT CONT CONT CONT,22.07355763125038,False
uid___A001_X3788_Xb894,2,4,"[CONT,CONT,CONT,CONT]",CONT CONT CONT CONT,33.4013121800003,False
uid___A001_X3788_Xb898,4,4,"[CONT,CONT,CONT,CONT]",CONT CONT CONT CONT,16.995041203332907,False
uid___A001_X3788_Xb89c,4,4,"[CONT,CONT,CONT,CONT]",CONT CONT CONT CONT,15.56206328666687,False
uid___A001_X3788_Xb8a2,6,4,"[CONT,MF,MF,MF]",CONT MF MF MF,20.666911077213975,False
uid___A001_X3788_Xb8aa,1,4,"[CONT,CONT,CONT,CONT]",CONT CONT CONT CONT,13.282201825,False
uid___A001_X3788_Xb8ae,2,4,"[CONT,CONT,CONT,CONT]",CONT CONT CONT CONT,14.84431761875,False
uid___A001_X3788_Xb8c1,3,13,"[MF,MF,MF,MM,MM,MM,MM,MM,MM,MM,MM,MM,WM]",MF MF MF MM MM MM MM MM MM MM MM MM WM,22.12397019733138,False
uid___A001_X3788_Xb8c7,4,13,"[MF,MF,MF,MM,MM,MM,MM,MM,MM,MM,MM,MM,WM]",MF MF MF MM MM MM MM MM MM MM MM MM WM,22.446230421334636,False
uid___A001_X3788_Xb8cd,3,13,"[MF,MF,MF,MM,MM,MM,MM,MM,MM,MM,MM,MM,WM]",MF MF MF MM MM MM MM MM MM MM MM MM WM,25.379065755733073,False
uid___A001_X3788_Xb8d3,4,13,"[MF,MF,MF,MM,MM,MM,MM,MM,MM,MM,MM,MM,WM]",MF MF MF MM MM MM MM MM MM MM MM MM WM,23.227858442666015,False
uid___A001_X3788_Xb8d9,3,13,"[MF,MF,MF,MM,MM,MM,MM,MM,MM,MM,MM,MM,WM]",MF MF MF MM MM MM MM MM MM MM MM MM WM,25.472927897597007,False
uid___A001_X3788_Xb8e2,26,4,"[CONT,CONT,CONT,CONT]",CONT CONT CONT CONT,19.132224354999924,False
uid___A001_X3788_Xb8e6,23,4,"[CONT,CONT,CONT,CONT]",CONT CONT CONT CONT,18.54609537249994,False
uid___A001_X3788_Xb8fb,1,4,"[WC,WC,WC,WC]",WC WC WC WC,22.1823882066687,False
uid___A001_X3788_Xb8ff,1,4,"[WC,WC,WC,WC]",WC WC WC WC,24.889457021333413,False
uid___A001_X3788_Xb903,1,4,"[WC,WC,WC,WC]",WC WC WC WC,26.55513392000122,False
uid___A001_X3788_Xb907,1,4,"[WC,WC,WC,WC]",WC WC WC WC,20.93238797866699,False
uid___A001_X3788_Xb90b,1,4,"[WC,WC,WC,WC]",WC WC WC WC,30.20218643199951,False
uid___A001_X3788_Xb90f,2,4,"[WC,WC,WC,WC]",WC WC WC WC,35.09875668666707,False
uid___A001_X3788_Xb923,2,4,"[WC,WC,WC,WC]",WC WC WC WC,29.68828649200073,False
uid___A001_X3788_Xb92e,1,6,"[MM,MM,MM,MM,WM,WM]",MM MM MM MM WM WM,22.19249042285691,False
uid___A001_X3788_Xb934,3,6,"[MM,MM,MM,MM,WM,WM]",MM MM MM MM WM WM,22.551443561143277,False
uid___A001_X3788_Xb940,2,6,"[MM,MM,MM,MM,WM,WM]",MM MM MM MM WM WM,25.673043718093844,False
uid___A001_X3788_Xb957,1,4,"[CONT,CONT,CONT,CONT]",CONT CONT CONT CONT,13.469606231250191,False
uid___A001_X3788_Xb96a,1,4,"[CONT,CONT,CONT,CONT]",CONT CONT CONT CONT,13.273821325000096,False
uid___A001_X3788_Xb974,1,4,"[CONT,CONT,CONT,CONT]",CONT CONT CONT CONT,17.771463096249963,False
uid___A001_X3788_Xb9ab,1,4,"[CONT,CONT,CONT,CONT]",CONT CONT CONT CONT,13.270201478750229,False
uid___A001_X3788_Xb9af,1,4,"[CONT,CONT,CONT,CONT]",CONT CONT CONT CONT,19.519082872499084,False
uid___A001_X3788_Xb9b3,1,4,"[CONT,CONT,CONT,CONT]",CONT CONT CONT CONT,19.716685157500077,False
uid___A001_X3788_Xb9b7,1,4,"[CONT,CONT,CONT,CONT]",CONT CONT CONT CONT,17.372875345000075,False
uid___A001_X3788_Xb9bb,1,4,"[CONT,CONT,CONT,CONT]",CONT CONT CONT CONT,13.270001398749542,False
uid___A001_X3788_Xb9bf,1,4,"[CONT,CONT,CONT,CONT]",CONT CONT CONT CONT,13.270757724998855,False
uid___A001_X3788_Xb9c3,1,4,"[CONT,CONT,CONT,CONT]",CONT CONT CONT CONT,13.270331068749618,False
uid___A001_X3788_Xb9c7,1,4,"[CONT,CONT,CONT,CONT]",CONT CONT CONT CONT,15.809201573751068,False
uid___A001_X3788_Xb9cb,1,4,"[CONT,CONT,CONT,CONT]",CONT CONT CONT CONT,13.466820578749848,False
uid___A001_X3788_Xb9cf,1,4,"[CONT,CONT,CONT,CONT]",CONT CONT CONT CONT,13.270027345000457,False
uid___A001_X3788_Xb9d3,1,4,"[CONT,CONT,CONT,CONT]",CONT CONT CONT CONT,13.270236579998778,False
uid___A001_X3788_Xb9d7,1,4,"[CONT,CONT,CONT,CONT]",CONT CONT CONT CONT,13.270205083750152,False
uid___A001_X3788_Xb9df,2,4,"[CONT,CONT,CONT,CONT]",CONT CONT CONT CONT,17.958969439998626,False
uid___A001_X3788_Xb9e3,1,4,"[CONT,CONT,CONT,CONT]",CONT CONT CONT CONT,19.913518975,False
uid___A001_X3788_Xb9e7,1,4,"[CONT,CONT,CONT,CONT]",CONT CONT CONT CONT,15.61158196000061,False
uid___A001_X3788_Xb9eb,1,4,"[CONT,CONT,CONT,CONT]",CONT CONT CONT CONT,13.285724132501983,False
uid___A001_X3788_Xb9ef,1,4,"[CONT,CONT,CONT,CONT]",CONT CONT CONT CONT,13.285752159999847,False
uid___A001_X3788_Xb9f3,2,4,"[CONT,CONT,CONT,CONT]",CONT CONT CONT CONT,17.368453663750458,False
uid___A001_X3788_Xb9f7,1,4,"[CONT,CONT,CONT,CONT]",CONT CONT CONT CONT,20.49717948624878,False
uid___A001_X3788_Xb9fb,2,4,"[CONT,CONT,CONT,CONT]",CONT CONT CONT CONT,16.787014498750306,False
uid___A001_X3788_Xb9ff,1,4,"[CONT,CONT,CONT,CONT]",CONT CONT CONT CONT,13.27154082999916,False
uid___A001_X3788_Xba03,1,4,"[CONT,CONT,CONT,CONT]",CONT CONT CONT CONT,13.26850900375061,False
uid___A001_X3788_Xba07,2,4,"[CONT,CONT,CONT,CONT]",CONT CONT CONT CONT,22.061623376250076,False
uid___A001_X3788_Xba0b,1,4,"[CONT,CONT,CONT,CONT]",CONT CONT CONT CONT,21.86511188875122,False
uid___A001_X3788_Xba0f,2,4,"[CONT,CONT,CONT,CONT]",CONT CONT CONT CONT,19.522651111250305,False
uid___A001_X3788_Xba13,1,4,"[CONT,CONT,CONT,CONT]",CONT CONT CONT CONT,13.464975338749694,False
uid___A001_X3788_Xba17,2,4,"[CONT,CONT,CONT,CONT]",CONT CONT CONT CONT,14.831732205000305,False
uid___A001_X3788_Xba1f,1,4,"[CONT,CONT,CONT,CONT]",CONT CONT CONT CONT,13.267566197502136,False
uid___A001_X3788_Xba23,1,4,"[CONT,CONT,CONT,CONT]",CONT CONT CONT CONT,13.465324623750305,False
uid___A001_X3788_Xba27,1,4,"[CONT,CONT,CONT,CONT]",CONT CONT CONT CONT,13.2677621125,False
uid___A001_X3788_Xba2b,1,4,"[CONT,CONT,CONT,CONT]",CONT CONT CONT CONT,21.472408475000762,False
uid___A001_X3788_Xba2f,1,4,"[CONT,CONT,CONT,CONT]",CONT CONT CONT CONT,18.347979316249848,False
uid___A001_X3788_Xba33,1,4,"[CONT,CONT,CONT,CONT]",CONT CONT CONT CONT,20.898561323750304,False
uid___A001_X3788_Xba37,1,4,"[CONT,CONT,CONT,CONT]",CONT CONT CONT CONT,14.638399111248779,False
uid___A001_X3788_Xba3b,1,4,"[CONT,CONT,CONT,CONT]",CONT CONT CONT CONT,13.273349020000458,False
uid___A001_X3788_Xba3f,3,4,"[CONT,CONT,CONT,CONT]",CONT CONT CONT CONT,14.055480762499236,False
uid___A001_X3788_Xba43,2,4,"[CONT,CONT,CONT,CONT]",CONT CONT CONT CONT,14.837779933748626,False
uid___A001_X3788_Xba47,2,4,"[CONT,CONT,CONT,CONT]",CONT CONT CONT CONT,14.837536726249695,False
uid___A001_X3788_Xba62,2,4,"[CONT,CONT,CONT,CONT]",CONT CONT CONT CONT,14.447453585000039,False
uid___A001_X3788_Xba68,1,4,"[CONT,CONT,CONT,CONT]",CONT CONT CONT CONT,13.285132363749694,False
uid___A001_X3788_Xba7c,5,4,"[CONT,CONT,CONT,CONT]",CONT CONT CONT CONT,21.688190761250116,False
uid___A001_X3788_Xba7e,2,4,"[CONT,CONT,CONT,CONT]",CONT CONT CONT CONT,14.456887032499885,False
uid___A001_X3788_Xba80,11,4,"[CONT,CONT,CONT,CONT]",CONT CONT CONT CONT,14.0671563,False
uid___A001_X3788_Xba87,2,8,"[CONT,CONT,CONT,CONT,CONT,CONT,CONT,CONT]",CONT CONT CONT CONT CONT CONT CONT CONT,14.431153482501221,False
uid___A001_X3788_Xba8b,3,4,"[CONT,CONT,CONT,CONT]",CONT CONT CONT CONT,17.18187486249962,False
uid___A001_X3788_Xba91,6,4,"[WC,WC,WC,WC]",WC WC WC WC,56.21807807866699,False
uid___A001_X3788_Xbaa8,1,4,"[CONT,CONT,CONT,CONT]",CONT CONT CONT CONT,13.472029761249924,False
uid___A001_X3788_Xbaac,1,4,"[CONT,CONT,CONT,WC]",CONT CONT CONT WC,26.112251418412658,False
uid___A001_X3788_Xbaae,1,4,"[CONT,CONT,CONT,WC]",CONT CONT CONT WC,19.400089782856483,False
uid___A001_X3788_Xbab2,2,4,"[CONT,CONT,CONT,CONT]",CONT CONT CONT CONT,14.83602394374981,False
uid___A001_X3788_Xbab6,1,4,"[CONT,CONT,CONT,WC]",CONT CONT CONT WC,20.950525716825357,False
uid___A001_X3788_Xbab8,1,4,"[CONT,CONT,CONT,WC]",CONT CONT CONT WC,18.38185932952377,False
uid___A001_X3788_Xbabc,1,4,"[CONT,CONT,CONT,WC]",CONT CONT CONT WC,21.15436527746117,False
uid___A001_X3788_Xbabe,1,4,"[CONT,CONT,CONT,WC]",CONT CONT CONT WC,23.162300087618583,False
uid___A001_X3788_Xbac6,1,4,"[CONT,CONT,CONT,WC]",CONT CONT CONT WC,14.027703780317616,False
uid___A001_X3788_Xbac8,1,4,"[CONT,CONT,CONT,WC]",CONT CONT CONT WC,25.716852530793496,False
uid___A001_X3788_Xbacc,1,4,"[CONT,CONT,CONT,CONT]",CONT CONT CONT CONT,13.277375822500039,False
uid___A001_X3788_Xbad0,2,4,"[CONT,CONT,CONT,WC]",CONT CONT CONT WC,25.0855894006336,False
uid___A001_X3788_Xbad2,1,4,"[CONT,CONT,CONT,WC]",CONT CONT CONT WC,20.949959381587533,False
uid___A001_X3788_Xbadc,1,4,"[CONT,CONT,CONT,WC]",CONT CONT CONT WC,27.54014892698374,False
uid___A001_X3788_Xbb32,1,6,"[CONT,CONT,CONT,CONT,CONT,CONT]",CONT CONT CONT CONT CONT CONT,nan,False
uid___A001_X3788_Xbb3a,2,4,"[CONT,CONT,CONT,WC]",CONT CONT CONT WC,22.910495127620056,False
uid___A001_X3788_Xbb3c,1,4,"[CONT,CONT,CONT,WC]",CONT CONT CONT WC,25.398432455872552,False
uid___A001_X3788_Xbb49,8,7,"[NF,NF,NF,NF,NF,NF,WC]",NF NF NF NF NF NF WC,26.886422734928523,False
uid___A001_X3788_Xbb4d,1,6,"[CONT,MF,NF,NF,NF,NF]",CONT MF NF NF NF NF,27.58408374000206,False
uid___A001_X3788_Xbb54,9,4,"[CONT,CONT,CONT,WM]",CONT CONT CONT WM,18.978952777143398,False
uid___A001_X3788_Xbb6b,1,4,"[CONT,CONT,CONT,CONT]",CONT CONT CONT CONT,24.670979714500046,False
uid___A001_X3788_Xbb6f,1,4,"[CONT,CONT,CONT,CONT]",CONT CONT CONT CONT,23.909146112500224,False
uid___A001_X3788_Xbb73,1,4,"[CONT,CONT,CONT,CONT]",CONT CONT CONT CONT,19.850513181375085,False
uid___A001_X3788_Xbb77,1,4,"[CONT,CONT,CONT,CONT]",CONT CONT CONT CONT,14.597039270124972,False
uid___A001_X3788_Xbb7b,1,4,"[CONT,CONT,CONT,CONT]",CONT CONT CONT CONT,21.42680722312485,False
uid___A001_X3788_Xbb7f,1,4,"[CONT,CONT,CONT,CONT]",CONT CONT CONT CONT,17.833110186624985,False
uid___A001_X3788_Xbb83,1,4,"[CONT,CONT,CONT,CONT]",CONT CONT CONT CONT,17.110635885125195,False
uid___A001_X3788_Xbb87,1,4,"[CONT,CONT,CONT,CONT]",CONT CONT CONT CONT,19.51363383925003,False
uid___A001_X3788_Xbb8b,2,4,"[CONT,CONT,CONT,CONT]",CONT CONT CONT CONT,16.54910147737526,False
uid___A001_X3788_Xbb8f,2,4,"[CONT,CONT,CONT,CONT]",CONT CONT CONT CONT,18.30660752375,False
uid___A001_X3788_Xbb93,1,4,"[CONT,CONT,CONT,CONT]",CONT CONT CONT CONT,16.31364332937519,False
uid___A001_X3788_Xbb97,1,4,"[CONT,CONT,CONT,CONT]",CONT CONT CONT CONT,14.20454704312519,False
uid___A001_X3788_Xbb9b,1,4,"[CONT,CONT,CONT,CONT]",CONT CONT CONT CONT,20.766521332249983,False
uid___A001_X3788_Xbb9f,1,4,"[CONT,CONT,CONT,CONT]",CONT CONT CONT CONT,17.346953908999858,False
uid___A001_X3788_Xbba3,1,4,"[CONT,CONT,CONT,CONT]",CONT CONT CONT CONT,15.16036949462494,False
uid___A001_X3788_Xbba7,2,4,"[CONT,CONT,CONT,CONT]",CONT CONT CONT CONT,17.77719184625015,False
uid___A001_X3788_Xbbad,8,5,"[CONT,CONT,CONT,MF,MF]",CONT CONT CONT MF MF,34.68738426280476,False
uid___A001_X3788_Xbc79,4,13,"[NF,NF,NF,NF,NF,NF,NF,NF,NF,NF,NF,NF,WM]",NF NF NF NF NF NF NF NF NF NF NF NF WM,11.275095371609906,False
uid___A001_X3788_Xbc7e,4,13,"[NF,NF,NF,NF,NF,NF,NF,NF,NF,NF,NF,NF,WM]",NF NF NF NF NF NF NF NF NF NF NF NF WM,20.50697714261747,False
uid___A001_X3788_Xbc83,1,13,"[NF,NF,NF,NF,NF,NF,NF,NF,NF,NF,NF,NF,WM]",NF NF NF NF NF NF NF NF NF NF NF NF WM,14.818083040646696,False
uid___A001_X3788_Xbc85,1,13,"[NF,NF,NF,NF,NF,NF,NF,NF,NF,NF,NF,NF,WM]",NF NF NF NF NF NF NF NF NF NF NF NF WM,15.383255912742449,False
uid___A001_X3788_Xbc88,1,13,"[NF,NF,NF,NF,NF,NF,NF,NF,NF,NF,NF,NF,WM]",NF NF NF NF NF NF NF NF NF NF NF NF WM,22.55111736604157,False
uid___A001_X3788_Xbc8a,1,13,"[NF,NF,NF,NF,NF,NF,NF,NF,NF,NF,NF,NF,WM]",NF NF NF NF NF NF NF NF NF NF NF NF WM,21.681403954875154,False
uid___A001_X3788_Xbcb5,2,4,"[CONT,CONT,CONT,CONT]",CONT CONT CONT CONT,41.59383488000107,False
uid___A001_X3788_Xbcb9,1,4,"[CONT,CONT,CONT,CONT]",CONT CONT CONT CONT,41.79899222250061,False
uid___A001_X3788_Xbcbd,2,4,"[CONT,CONT,CONT,CONT]",CONT CONT CONT CONT,49.40950824000092,False
uid___A001_X3788_Xbcc1,2,4,"[CONT,CONT,CONT,CONT]",CONT CONT CONT CONT,34.75733717375031,False
uid___A001_X3788_Xbcc5,1,4,"[CONT,CONT,CONT,CONT]",CONT CONT CONT CONT,38.86235407749939,False
uid___A001_X3788_Xbcc9,1,4,"[CONT,CONT,CONT,CONT]",CONT CONT CONT CONT,72.65380087625046,False
uid___A001_X3788_Xbccd,1,4,"[CONT,CONT,CONT,CONT]",CONT CONT CONT CONT,47.071343907498935,False
uid___A001_X3788_Xbcd5,1,4,"[CONT,CONT,CONT,CONT]",CONT CONT CONT CONT,44.32798744875107,False
uid___A001_X3788_Xbcd9,1,4,"[CONT,CONT,CONT,CONT]",CONT CONT CONT CONT,50.58690815375061,False
uid___A001_X3788_Xbcdd,1,4,"[CONT,CONT,CONT,CONT]",CONT CONT CONT CONT,52.33976089000015,False
uid___A001_X3788_Xbce1,1,4,"[CONT,CONT,CONT,CONT]",CONT CONT CONT CONT,47.65041928749924,False
uid___A001_X3788_Xbce5,1,4,"[CONT,CONT,CONT,CONT]",CONT CONT CONT CONT,34.56249321124802,False
uid___A001_X3788_Xbce9,1,4,"[CONT,CONT,CONT,CONT]",CONT CONT CONT CONT,24.211469005000303,False
uid___A001_X3788_Xbced,1,4,"[CONT,CONT,CONT,CONT]",CONT CONT CONT CONT,40.22675884750023,False
uid___A001_X3788_Xbcf1,2,4,"[CONT,CONT,CONT,CONT]",CONT CONT CONT CONT,39.84242217000008,False
uid___A001_X3788_Xbcf5,3,4,"[CONT,CONT,CONT,CONT]",CONT CONT CONT CONT,62.30241542750015,False
uid___A001_X3788_Xbcf9,1,4,"[CONT,CONT,CONT,CONT]",CONT CONT CONT CONT,41.59742102749939,False
uid___A001_X3788_Xbcfd,1,4,"[CONT,CONT,CONT,CONT]",CONT CONT CONT CONT,58.784859961251065,False
uid___A001_X3788_Xbd05,2,4,"[CONT,CONT,CONT,CONT]",CONT CONT CONT CONT,50.389687320000455,False
uid___A001_X3788_Xbd09,4,4,"[CONT,CONT,CONT,CONT]",CONT CONT CONT CONT,53.513878858750154,False
uid___A001_X3788_Xbd0d,1,4,"[CONT,CONT,CONT,CONT]",CONT CONT CONT CONT,37.699820146250914,False
uid___A001_X3788_Xbd15,1,4,"[CONT,CONT,CONT,CONT]",CONT CONT CONT CONT,54.29305251374969,False
uid___A001_X3788_Xbd19,1,4,"[CONT,CONT,CONT,CONT]",CONT CONT CONT CONT,43.55475476499939,False
uid___A001_X3788_Xbd1d,1,4,"[CONT,CONT,CONT,CONT]",CONT CONT CONT CONT,31.050730882499696,False
uid___A001_X3788_Xbd21,2,4,"[CONT,CONT,CONT,CONT]",CONT CONT CONT CONT,44.522771719999696,False
uid___A001_X3788_Xbd25,4,4,"[CONT,CONT,CONT,CONT]",CONT CONT CONT CONT,51.36021232875023,False
uid___A001_X3788_Xbd29,2,4,"[CONT,CONT,CONT,CONT]",CONT CONT CONT CONT,40.81759994500046,False
uid___A001_X3788_Xbd2d,2,4,"[CONT,CONT,CONT,CONT]",CONT CONT CONT CONT,57.02432379999924,False
uid___A001_X3788_Xbd31,1,4,"[CONT,CONT,CONT,CONT]",CONT CONT CONT CONT,29.676854703749846,False
uid___A001_X3788_Xbd35,1,4,"[CONT,CONT,CONT,CONT]",CONT CONT CONT CONT,39.453929848749546,False
uid___A001_X3788_Xbd3d,2,8,"[MM,MM,MM,MM,MM,MM,WM,WM]",MM MM MM MM MM MM WM WM,nan,False
uid___A001_X3788_Xbd41,2,8,"[MM,MM,MM,MM,MM,MM,WM,WM]",MM MM MM MM MM MM WM WM,71.93671567111328,False
uid___A001_X3788_Xbd7e,1,4,"[CONT,CONT,CONT,CONT]",CONT CONT CONT CONT,18.171134027500152,False
uid___A001_X3788_Xbd82,2,4,"[CONT,CONT,CONT,CONT]",CONT CONT CONT CONT,18.360639043749238,False
uid___A001_X3788_Xbd86,1,4,"[CONT,CONT,CONT,CONT]",CONT CONT CONT CONT,18.561650277500153,False
uid___A001_X3788_Xbd8a,1,4,"[CONT,CONT,CONT,CONT]",CONT CONT CONT CONT,16.803155201249695,False
uid___A001_X3788_Xbd8e,1,4,"[CONT,CONT,CONT,CONT]",CONT CONT CONT CONT,29.487897117500307,False
uid___A001_X3788_Xbd92,2,4,"[CONT,CONT,CONT,CONT]",CONT CONT CONT CONT,19.324021995000457,False
uid___A001_X3788_Xbd96,1,4,"[CONT,CONT,CONT,CONT]",CONT CONT CONT CONT,25.18616204874954,False
uid___A001_X3788_Xbd9a,1,4,"[CONT,CONT,CONT,CONT]",CONT CONT CONT CONT,18.348559285000228,False
uid___A001_X3788_Xbd9e,1,4,"[CONT,CONT,CONT,CONT]",CONT CONT CONT CONT,19.129519706251145,False
uid___A001_X3788_Xbda2,1,4,"[CONT,CONT,CONT,CONT]",CONT CONT CONT CONT,33.78262691500015,False
uid___A001_X3788_Xbda6,1,4,"[CONT,CONT,CONT,CONT]",CONT CONT CONT CONT,29.090919416249847,False
uid___A001_X3788_Xbdaa,2,4,"[CONT,CONT,CONT,CONT]",CONT CONT CONT CONT,23.815854522499084,False
uid___A001_X3788_Xbdae,2,4,"[CONT,CONT,CONT,CONT]",CONT CONT CONT CONT,23.621144805000114,False
uid___A001_X3788_Xbdb2,1,4,"[CONT,CONT,CONT,CONT]",CONT CONT CONT CONT,16.98040708124981,False
uid___A001_X3788_Xbdb6,1,4,"[CONT,CONT,CONT,CONT]",CONT CONT CONT CONT,17.76120413374977,False
uid___A001_X3788_Xbdba,1,4,"[CONT,CONT,CONT,CONT]",CONT CONT CONT CONT,20.30759331250038,False
uid___A001_X3788_Xbdca,1,4,"[CONT,CONT,CONT,CONT]",CONT CONT CONT CONT,35.14690640375023,False
uid___A001_X3788_Xbdce,1,4,"[CONT,CONT,CONT,CONT]",CONT CONT CONT CONT,20.700778318751524,False
uid___A001_X3788_Xbdd2,2,4,"[CONT,CONT,CONT,CONT]",CONT CONT CONT CONT,47.653229102500156,False
uid___A001_X3788_Xbdd6,1,4,"[CONT,CONT,CONT,CONT]",CONT CONT CONT CONT,42.37965340999985,False
uid___A001_X3788_Xbdda,1,4,"[CONT,CONT,CONT,CONT]",CONT CONT CONT CONT,18.555226967499923,False
uid___A001_X3788_Xbdde,1,4,"[CONT,CONT,CONT,CONT]",CONT CONT CONT CONT,17.77870797374878,False
uid___A001_X3788_Xbde2,2,4,"[CONT,CONT,CONT,CONT]",CONT CONT CONT CONT,39.25770651750107,False
uid___A001_X3788_Xbde6,2,4,"[CONT,CONT,CONT,CONT]",CONT CONT CONT CONT,33.98877141999855,False
uid___A001_X3788_Xbdea,1,4,"[CONT,CONT,CONT,CONT]",CONT CONT CONT CONT,43.75409334874878,False
uid___A001_X3788_Xbdee,1,4,"[CONT,CONT,CONT,CONT]",CONT CONT CONT CONT,26.762486519999694,False
uid___A001_X3788_Xbdf2,1,4,"[CONT,CONT,CONT,CONT]",CONT CONT CONT CONT,22.660327823749352,False
uid___A001_X3788_Xbdf6,1,4,"[CONT,CONT,CONT,CONT]",CONT CONT CONT CONT,18.16695230750046,False
uid___A001_X3788_Xbdfa,2,4,"[CONT,CONT,CONT,CONT]",CONT CONT CONT CONT,21.68127400625038,False
uid___A001_X3788_Xbdfe,1,4,"[CONT,CONT,CONT,CONT]",CONT CONT CONT CONT,25.58747151624985,False
uid___A001_X3788_Xbe02,1,4,"[CONT,CONT,CONT,CONT]",CONT CONT CONT CONT,23.439908830000306,False
uid___A001_X3788_Xbe06,1,4,"[CONT,CONT,CONT,CONT]",CONT CONT CONT CONT,14.844626632499695,False
uid___A001_X3788_Xbe0a,2,4,"[CONT,CONT,CONT,CONT]",CONT CONT CONT CONT,18.944390986250305,False
uid___A001_X3788_Xbe0e,1,4,"[CONT,CONT,CONT,CONT]",CONT CONT CONT CONT,23.250636377499767,False
uid___A001_X3788_Xbe12,1,4,"[CONT,CONT,CONT,CONT]",CONT CONT CONT CONT,17.964580472500227,False
uid___A001_X3788_Xbe16,1,4,"[CONT,CONT,CONT,CONT]",CONT CONT CONT CONT,30.085053673750306,False
uid___A001_X3788_Xbe1a,2,4,"[CONT,CONT,CONT,CONT]",CONT CONT CONT CONT,23.640114833748626,False
uid___A001_X3788_Xbe1e,2,4,"[CONT,CONT,CONT,CONT]",CONT CONT CONT CONT,36.52797642999954,False
uid___A001_X3788_Xbe22,2,4,"[CONT,CONT,CONT,CONT]",CONT CONT CONT CONT,50.00355333125229,False
uid___A001_X3788_Xbe26,1,4,"[CONT,CONT,CONT,CONT]",CONT CONT CONT CONT,55.266580627500154,False
uid___A001_X3788_Xbe2a,3,4,"[CONT,CONT,CONT,CONT]",CONT CONT CONT CONT,33.97425900750046,False
uid___A001_X3788_Xbe2e,1,4,"[CONT,CONT,CONT,CONT]",CONT CONT CONT CONT,43.35995870375099,False
uid___A001_X3788_Xbe32,1,4,"[CONT,CONT,CONT,CONT]",CONT CONT CONT CONT,26.35875307875023,False
uid___A001_X3788_Xbe36,2,4,"[CONT,CONT,CONT,CONT]",CONT CONT CONT CONT,33.584372918750766,False
uid___A001_X3788_Xbe3a,1,4,"[CONT,CONT,CONT,CONT]",CONT CONT CONT CONT,29.09262884125061,False
uid___A001_X3788_Xbe3e,1,4,"[CONT,CONT,CONT,CONT]",CONT CONT CONT CONT,29.49837802875004,False
uid___A001_X3788_Xbe42,1,4,"[CONT,CONT,CONT,CONT]",CONT CONT CONT CONT,16.987346650000763,False
uid___A001_X3788_Xbe46,1,4,"[CONT,CONT,CONT,CONT]",CONT CONT CONT CONT,18.158973869999695,False
uid___A001_X3788_Xbe4a,1,4,"[CONT,CONT,CONT,CONT]",CONT CONT CONT CONT,20.698192257500075,False
uid___A001_X3788_Xbe4e,1,4,"[CONT,CONT,CONT,CONT]",CONT CONT CONT CONT,53.71479509625092,False
uid___A001_X3788_Xbe52,2,4,"[CONT,CONT,CONT,CONT]",CONT CONT CONT CONT,42.18582668000107,False
uid___A001_X3788_Xbe56,2,4,"[CONT,CONT,CONT,CONT]",CONT CONT CONT CONT,41.797092128749846,False
uid___A001_X3788_Xbe5a,2,4,"[CONT,CONT,CONT,CONT]",CONT CONT CONT CONT,23.6389882875,False
uid___A001_X3788_Xbe92,3,4,"[MC,MC,MC,WC]",MC MC MC WC,43.116915808,False
uid___A001_X3788_Xbe96,3,4,"[MC,MC,MC,WC]",MC MC MC WC,32.41196044373242,False
uid___A001_X3788_Xbe9a,2,4,"[MC,WC,WC,WC]",MC WC WC WC,23.416082435047898,False
uid___A001_X3788_Xbe9e,2,4,"[MC,WC,WC,WC]",MC WC WC WC,24.053780135618954,False
uid___A001_X3788_Xbea2,3,4,"[MC,MC,WC,WC]",MC MC WC WC,35.623837120000545,False
uid___A001_X3788_Xbea6,3,4,"[MC,MC,WC,WC]",MC MC WC WC,37.4847334311103,False
uid___A001_X3788_Xbeaa,3,4,"[MC,MC,MC,WC]",MC MC MC WC,45.16592647253418,False
uid___A001_X3788_Xbeae,2,4,"[MC,MC,WC,WC]",MC MC WC WC,36.45364100088894,False
uid___A001_X3788_Xbeb2,3,4,"[MC,MC,MC,MC]",MC MC MC MC,41.98526992533366,False
uid___A001_X3788_Xbeb6,2,4,"[MC,MC,WC,WC]",MC MC WC WC,36.86719631111084,False
uid___A001_X3788_Xbebc,2,8,"[CONT,CONT,CONT,CONT,CONT,CONT,CONT,CONT]",CONT CONT CONT CONT CONT CONT CONT CONT,22.445840299998473,False
uid___A001_X3788_Xbed2,1,4,"[WC,WC,WC,WC]",WC WC WC WC,32.91340496533407,False
uid___A001_X3788_Xbf0e,2,4,"[CONT,CONT,MC,MC]",CONT CONT MC MC,18.344723484248256,False
uid___A001_X3788_Xbf3d,2,14,"[MF,MF,MF,MF,MF,MM,MM,MM,MM,MM,MM,MM,MM,MM]",MF MF MF MF MF MM MM MM MM MM MM MM MM MM,43.7669542426709,False
uid___A001_X3788_Xbf43,2,14,"[MF,MF,MF,MF,MF,MF,MM,MM,MM,MM,MM,MM,MM,MM]",MF MF MF MF MF MF MM MM MM MM MM MM MM MM,30.74473387999593,False
uid___A001_X3788_Xbf49,2,14,"[MF,MF,MF,MF,MF,MF,MM,MM,MM,MM,MM,MM,MM,MM]",MF MF MF MF MF MF MM MM MM MM MM MM MM MM,18.605773162668456,False
uid___A001_X3788_Xbf55,2,14,"[MF,MF,MF,MF,MF,MM,MM,MM,MM,MM,MM,MM,MM,MM]",MF MF MF MF MF MM MM MM MM MM MM MM MM MM,17.760852584001466,False
uid___A001_X3788_Xbf5b,2,14,"[MF,MF,MF,MF,MF,MM,MM,MM,MM,MM,MM,MM,MM,MM]",MF MF MF MF MF MM MM MM MM MM MM MM MM MM,44.4858399519987,False
uid___A001_X3788_Xbf73,2,14,"[MF,MF,MF,MF,MF,MM,MM,MM,MM,MM,MM,MM,MM,MM]",MF MF MF MF MF MM MM MM MM MM MM MM MM MM,35.26093211733236,False
uid___A001_X3788_Xbf79,2,14,"[MF,MF,MF,MF,MF,MM,MM,MM,MM,MM,MM,MM,MM,MM]",MF MF MF MF MF MM MM MM MM MM MM MM MM MM,25.166805837333172,False
uid___A001_X3788_Xbf7f,2,14,"[MF,MF,MF,MF,MF,MF,MM,MM,MM,MM,MM,MM,MM,MM]",MF MF MF MF MF MF MM MM MM MM MM MM MM MM,21.014372311997885,False
uid___A001_X3788_Xbf85,2,14,"[MF,MF,MF,MF,MF,MM,MM,MM,MM,MM,MM,MM,MM,MM]",MF MF MF MF MF MM MM MM MM MM MM MM MM MM,26.367831589331868,False
uid___A001_X3788_Xbfd6,11,4,"[MC,WC,WC,WC]",MC WC WC WC,13.735532397714147,False
uid___A001_X3788_Xbfd8,4,4,"[MC,WC,WC,WC]",MC WC WC WC,16.06213978057152,False
uid___A001_X3788_Xbfdc,6,4,"[MC,WC,WC,WC]",MC WC WC WC,38.65486580114188,False
uid___A001_X3788_Xbfde,2,4,"[MC,WC,WC,WC]",MC WC WC WC,17.66490109866583,False
uid___A001_X3788_Xbfe4,4,4,"[MC,WC,WC,WC]",MC WC WC WC,11.520359085713356,False
uid___A001_X3788_Xbfe8,10,7,"[MC,MC,WC,WC,WC,WC,WC]",MC MC WC WC WC WC WC,nan,False
uid___A001_X3788_Xbfea,3,4,"[MC,WC,WC,WC]",MC WC WC WC,10.209770460951916,False
uid___A001_X3788_Xbfee,11,4,"[MC,WC,WC,WC]",MC WC WC WC,12.460358028189175,False
uid___A001_X3788_Xbff0,4,4,"[MC,WC,WC,WC]",MC WC WC WC,10.136849916952427,False
uid___A001_X3788_Xbff4,2,4,"[WC,WC,WC,WC]",WC WC WC WC,14.362291089331869,False
uid___A001_X3788_Xbff6,1,4,"[WC,WC,WC,WC]",WC WC WC WC,16.14909740266683,False
uid___A001_X3788_Xbffa,1,4,"[WC,WC,WC,WC]",WC WC WC WC,18.740208777331542,False
uid___A001_X3788_Xbffc,1,4,"[WC,WC,WC,WC]",WC WC WC WC,9.37972461866618,False
uid___A001_X3788_Xc000,4,4,"[WC,WC,WC,WC]",WC WC WC WC,9.357504303999024,False
uid___A001_X3788_Xc002,1,4,"[WC,WC,WC,WC]",WC WC WC WC,14.989911869332682,False
uid___A001_X3788_Xc006,3,4,"[WC,WC,WC,WC]",WC WC WC WC,9.98454506799886,False
uid___A001_X3788_Xc008,2,4,"[WC,WC,WC,WC]",WC WC WC WC,7.177377971998698,False
uid___A001_X3788_Xc00c,1,4,"[WC,WC,WC,WC]",WC WC WC WC,4.9855601,False
uid___A001_X3788_Xc00e,1,4,"[WC,WC,WC,WC]",WC WC WC WC,8.44146118,False
uid___A001_X3788_Xc012,3,4,"[WC,WC,WC,WC]",WC WC WC WC,6.976025184000651,False
uid___A001_X3788_Xc06f,3,8,"[MM,MM,MM,MM,MM,MM,MM,WM]",MM MM MM MM MM MM MM WM,26.60036134095145,False
uid___A001_X3788_Xc07b,2,6,"[MM,MM,MM,MM,MM,WC]",MM MM MM MM MM WC,3.971960359619141,False
uid___A001_X3788_Xc08d,2,6,"[MM,MM,MM,MM,MM,WC]",MM MM MM MM MM WC,11.120514093715123,False
uid___A001_X3788_Xc093,4,8,"[MM,MM,MM,MM,MM,MM,MM,WM]",MM MM MM MM MM MM MM WM,16.129389147432107,False
uid___A001_X3788_Xc099,3,8,"[MM,MM,MM,MM,MM,MM,MM,WM]",MM MM MM MM MM MM MM WM,12.822963224382441,False
uid___A001_X3788_Xc09f,2,6,"[MM,MM,MM,MM,MM,WC]",MM MM MM MM MM WC,7.951426636191406,False
uid___A001_X3788_Xc0ab,3,8,"[MM,MM,MM,MM,MM,MM,MM,WM]",MM MM MM MM MM MM MM WM,41.69260869180525,False
uid___A001_X3788_Xc0b7,3,8,"[MM,MM,MM,MM,MM,MM,MM,WM]",MM MM MM MM MM MM MM WM,14.457269086476005,False
uid___A001_X3788_Xc0bd,2,6,"[MM,MM,MM,MM,MM,WC]",MM MM MM MM MM WC,10.742290361904763,False
uid___A001_X3788_Xc0c3,3,8,"[MM,MM,MM,MM,MM,MM,MM,WM]",MM MM MM MM MM MM MM WM,16.095498111997767,False
uid___A001_X3788_Xc0c9,2,6,"[MM,MM,MM,MM,MM,WC]",MM MM MM MM MM WC,6.9551690057161455,False
uid___A001_X3788_Xc0d5,2,6,"[MM,MM,MM,MM,MM,WC]",MM MM MM MM MM WC,4.128084876190476,False
uid___A001_X3788_Xc0db,3,8,"[MM,MM,MM,MM,MM,MM,MM,WM]",MM MM MM MM MM MM MM WM,50.390613516187685,False
uid___A001_X3788_Xc0e1,2,6,"[MM,MM,MM,MM,MM,WC]",MM MM MM MM MM WC,3.423889682286551,False
uid___A001_X3788_Xc0e7,4,8,"[MM,MM,MM,MM,MM,MM,MM,WM]",MM MM MM MM MM MM MM WM,15.103940699428014,False
uid___A001_X3788_Xc0f9,2,6,"[MM,MM,MM,MM,MM,WC]",MM MM MM MM MM WC,10.23450717561942,False
uid___A001_X3788_Xc111,2,6,"[MM,MM,MM,MM,MM,WC]",MM MM MM MM MM WC,15.162818044953031,False
uid___A001_X3788_Xc117,4,8,"[MM,MM,MM,MM,MM,MM,MM,WM]",MM MM MM MM MM MM MM WM,31.397686250664062,False
uid___A001_X3788_Xc11d,3,8,"[MM,MM,MM,MM,MM,MM,MM,WM]",MM MM MM MM MM MM MM WM,9.206126022097283,False
uid___A001_X3788_Xc123,2,6,"[MM,MM,MM,MM,MM,WC]",MM MM MM MM MM WC,2.9860573805715216,False
uid___A001_X3788_Xc12f,2,6,"[MM,MM,MM,MM,MM,WC]",MM MM MM MM MM WC,8.073876111240235,False
uid___A001_X3788_Xc135,2,6,"[MM,MM,MM,MM,MM,WC]",MM MM MM MM MM WC,9.855321993144067,False
uid___A001_X3788_Xc13b,2,6,"[MM,MM,MM,MM,MM,WC]",MM MM MM MM MM WC,14.666065222095424,False
uid___A001_X3788_Xc141,2,6,"[MM,MM,MM,MM,MM,WC]",MM MM MM MM MM WC,12.111485607619978,False
uid___A001_X3788_Xc185,2,4,"[MF,WM,WM,WM]",MF WM WM WM,4.679367152327274,False
uid___A001_X3788_Xc188,1,4,"[MF,WM,WM,WM]",MF WM WM WM,2.3094944653050593,False
uid___A001_X3788_Xc18b,1,4,"[MF,WM,WM,WM]",MF WM WM WM,5.493915856980229,False
uid___A001_X3788_Xc18e,2,8,"[MF,MF,WM,WM,WM,WM,WM,WM]",MF MF WM WM WM WM WM WM,8.804111211392787,False
uid___A001_X3788_Xc191,3,4,"[MF,WM,WM,WM]",MF WM WM WM,12.167795321905027,False
uid___A001_X3788_Xc197,2,4,"[MF,WM,WM,WM]",MF WM WM WM,2.7228270242536494,False
uid___A001_X3788_Xc19b,1,4,"[MF,WM,WM,WM]",MF WM WM WM,11.26022848957855,False
uid___A001_X3788_Xc19e,10,4,"[MF,WM,WM,WM]",MF WM WM WM,17.801465401468832,False
uid___A001_X3788_Xc1a1,1,4,"[MF,WM,WM,WM]",MF WM WM WM,7.302895549822492,False
uid___A001_X3788_Xc1a4,2,4,"[MF,WM,WM,WM]",MF WM WM WM,5.606792705741921,False
uid___A001_X3788_Xc1a7,2,4,"[MF,WM,WM,WM]",MF WM WM WM,46.44226878171397,False
uid___A001_X3788_Xc1aa,1,4,"[MF,WM,WM,WM]",MF WM WM WM,5.877383110531462,False
uid___A001_X3788_Xc1ad,2,4,"[MF,WM,WM,WM]",MF WM WM WM,1.7946760219871387,False
uid___A001_X3788_Xc1b0,1,4,"[MF,WM,WM,WM]",MF WM WM WM,51.21091221071694,False
uid___A001_X3788_Xc1b3,2,4,"[MF,WM,WM,WM]",MF WM WM WM,20.6362098294409,False
uid___A001_X3788_Xc1b6,1,4,"[MF,WM,WM,WM]",MF WM WM WM,1.4088184476732568,False
uid___A001_X3788_Xc1b9,2,4,"[MF,WM,WM,WM]",MF WM WM WM,4.094193532226297,False
uid___A001_X3788_Xc1bf,4,4,"[CONT,CONT,WC,WC]",CONT CONT WC WC,31.29358276774154,False
uid___A001_X3788_Xc1dd,2,4,"[CONT,CONT,WC,WC]",CONT CONT WC WC,31.240033750969474,False
uid___A001_X3788_Xc218,4,4,"[WC,WC,WC,WC]",WC WC WC WC,51.39002250921222,False
uid___A001_X3788_Xc21c,1,4,"[WC,WC,WC,WC]",WC WC WC WC,47.84762208213318,False
uid___A001_X3788_Xc220,4,4,"[WC,WC,WC,WC]",WC WC WC WC,53.45261882800001,False
uid___A001_X3788_Xc224,1,4,"[WC,WC,WC,WC]",WC WC WC WC,52.667208507110864,False
uid___A001_X3788_Xc22c,2,4,"[WC,WC,WC,WC]",WC WC WC WC,54.57735895733321,False
uid___A001_X3788_Xc230,3,4,"[WC,WC,WC,WC]",WC WC WC WC,48.92934399877772,False
uid___A001_X3788_Xc238,3,4,"[WC,WC,WC,WC]",WC WC WC WC,52.94271275939423,False
uid___A001_X3788_Xc23c,1,4,"[WC,WC,WC,WC]",WC WC WC WC,56.088198402667096,False
uid___A001_X3788_Xc240,3,4,"[WC,WC,WC,WC]",WC WC WC WC,52.30888983624275,False
uid___A001_X3788_Xc244,1,4,"[WC,WC,WC,WC]",WC WC WC WC,54.908683304800284,False
uid___A001_X3788_Xc248,2,4,"[WC,WC,WC,WC]",WC WC WC WC,51.18193061733321,False
uid___A001_X3788_Xc24c,1,4,"[WC,WC,WC,WC]",WC WC WC WC,54.33157338693311,False
uid___A001_X3788_Xc250,3,4,"[WC,WC,WC,WC]",WC WC WC WC,50.31817047418194,False
uid___A001_X3788_Xc254,1,4,"[WC,WC,WC,WC]",WC WC WC WC,46.534656605066566,False
uid___A001_X3788_Xc2e5,2,4,"[MC,WC,WC,WC]",MC WC WC WC,6.600895427047526,False
uid___A001_X3788_Xc2f5,2,4,"[MC,MC,WC,WC]",MC MC WC WC,7.076168486399739,False
uid___A001_X3788_Xc2f9,3,4,"[MC,MC,WC,WC]",MC MC WC WC,25.494288482133463,False
uid___A001_X3788_Xc31c,1,4,"[WC,WC,WC,WC]",WC WC WC WC,58.1874287599998,False
uid___A001_X3788_Xc320,3,4,"[WC,WC,WC,WC]",WC WC WC WC,58.929277128000486,False
uid___A001_X3788_Xc324,2,4,"[WC,WC,WC,WC]",WC WC WC WC,57.41087446933349,False
uid___A001_X3788_Xc328,2,4,"[WC,WC,WC,WC]",WC WC WC WC,52.28728266799805,False
uid___A001_X3788_Xc32c,2,4,"[WC,WC,WC,WC]",WC WC WC WC,35.84443245599986,False
uid___A001_X3788_Xc330,3,4,"[WC,WC,WC,WC]",WC WC WC WC,49.94616556133301,False
uid___A001_X3788_Xc334,2,4,"[WC,WC,WC,WC]",WC WC WC WC,3.37594855066569,False
uid___A001_X3788_Xc338,2,4,"[WC,WC,WC,WC]",WC WC WC WC,55.04979269866618,False
uid___A001_X3788_Xc34f,1,4,"[CONT,CONT,CONT,CONT]",CONT CONT CONT CONT,13.279522423750018,False
uid___A001_X3788_Xc352,1,4,"[CONT,CONT,CONT,CONT]",CONT CONT CONT CONT,17.963377649999906,False
uid___A001_X3788_Xc355,1,4,"[CONT,CONT,CONT,CONT]",CONT CONT CONT CONT,16.209171703750037,False
uid___A001_X3788_Xc359,1,4,"[CONT,CONT,CONT,CONT]",CONT CONT CONT CONT,13.27924270375023,False
uid___A001_X3788_Xc35c,1,4,"[CONT,CONT,CONT,CONT]",CONT CONT CONT CONT,13.27648782250023,False
uid___A001_X3788_Xc35f,1,4,"[CONT,CONT,CONT,CONT]",CONT CONT CONT CONT,13.278531332500267,False
uid___A001_X3788_Xc363,1,4,"[CONT,CONT,CONT,CONT]",CONT CONT CONT CONT,13.27809954249878,False
uid___A001_X3788_Xc366,1,4,"[CONT,CONT,CONT,CONT]",CONT CONT CONT CONT,13.273979778749084,False
uid___A001_X3788_Xc369,1,4,"[CONT,CONT,CONT,CONT]",CONT CONT CONT CONT,13.276722726249695,False
uid___A001_X3788_Xc36d,2,4,"[CONT,CONT,CONT,CONT]",CONT CONT CONT CONT,32.41882144000015,False
uid___A001_X3788_Xc370,2,4,"[CONT,CONT,CONT,CONT]",CONT CONT CONT CONT,23.62805451625004,False
uid___A001_X3788_Xc373,2,4,"[CONT,CONT,CONT,CONT]",CONT CONT CONT CONT,14.83902280625,False
uid___A001_X3788_Xc377,2,4,"[CONT,CONT,CONT,CONT]",CONT CONT CONT CONT,14.838509008749389,False
uid___A001_X3788_Xc37a,1,4,"[CONT,CONT,CONT,CONT]",CONT CONT CONT CONT,20.502644629999732,False
uid___A001_X3788_Xc37d,1,4,"[CONT,CONT,CONT,CONT]",CONT CONT CONT CONT,16.790566633750153,False
uid___A001_X3788_Xc381,2,4,"[CONT,CONT,CONT,CONT]",CONT CONT CONT CONT,14.835803218748474,False
uid___A001_X3788_Xc384,2,4,"[CONT,CONT,CONT,CONT]",CONT CONT CONT CONT,14.249381091251374,False
uid___A001_X3788_Xc387,2,4,"[CONT,CONT,CONT,CONT]",CONT CONT CONT CONT,14.44476029624939,False
uid___A001_X3788_Xc394,1,4,"[WM,WM,WM,WM]",WM WM WM WM,40.948905977334796,False
uid___A001_X3788_Xc3ae,1,4,"[CONT,CONT,CONT,CONT]",CONT CONT CONT CONT,17.201407311249923,False
uid___A001_X3788_Xc3b6,1,5,"[CONT,CONT,CONT,MF,MF]",CONT CONT CONT MF MF,16.159036561003095,False
uid___A001_X3788_Xc3d1,1,6,"[CONT,CONT,MF,MF,MF,MF]",CONT CONT MF MF MF MF,26.253574406713014,False
uid___A001_X3788_Xc3ef,2,4,"[WC,WC,WC,WC]",WC WC WC WC,40.31261369733289,False
uid___A001_X3788_Xc3f3,1,4,"[WC,WC,WC,WC]",WC WC WC WC,39.42907907800049,False
uid___A001_X3788_Xc3f7,1,4,"[WC,WC,WC,WC]",WC WC WC WC,55.730975761333006,False
uid___A001_X3788_Xc3fb,2,4,"[WC,WC,WC,WC]",WC WC WC WC,44.0456011635551,False
uid___A001_X3788_Xc403,1,4,"[WC,WC,WC,WC]",WC WC WC WC,38.43989760800008,False
uid___A001_X3788_Xc407,1,4,"[WC,WC,WC,WC]",WC WC WC WC,32.815119239999596,False
uid___A001_X3788_Xc40b,1,4,"[WC,WC,WC,WC]",WC WC WC WC,50.45258161066719,False
uid___A001_X3788_Xc40f,1,4,"[WC,WC,WC,WC]",WC WC WC WC,46.61681495600016,False
uid___A001_X3788_Xc413,1,4,"[WC,WC,WC,WC]",WC WC WC WC,50.62656795066325,False
uid___A001_X3788_Xc41b,1,4,"[WC,WC,WC,WC]",WC WC WC WC,55.365224251332194,False
uid___A001_X3788_Xc41f,2,4,"[WC,WC,WC,WC]",WC WC WC WC,48.43714346333374,False
uid___A001_X3788_Xc423,1,4,"[WC,WC,WC,WC]",WC WC WC WC,66.56319874799723,False
uid___A001_X3788_Xc427,1,4,"[WC,WC,WC,WC]",WC WC WC WC,59.259590014666344,False
uid___A001_X3788_Xc42b,1,4,"[WC,WC,WC,WC]",WC WC WC WC,51.843226388444215,False
uid___A001_X3788_Xc42f,1,4,"[WC,WC,WC,WC]",WC WC WC WC,7.84400543,False
uid___A001_X3788_Xc433,1,4,"[WC,WC,WC,WC]",WC WC WC WC,45.39388809133332,False
uid___A001_X3788_Xc462,1,4,"[WC,WC,WC,WC]",WC WC WC WC,52.9124242826652,False
uid___A001_X3788_Xc466,1,4,"[WC,WC,WC,WC]",WC WC WC WC,53.329361467999675,False
uid___A001_X3788_Xc46a,2,4,"[WC,WC,WC,WC]",WC WC WC WC,55.10202339333252,False
uid___A001_X3788_Xc46e,1,4,"[WC,WC,WC,WC]",WC WC WC WC,18.649994203999025,False
uid___A001_X3788_Xc472,1,4,"[WC,WC,WC,WC]",WC WC WC WC,46.66204606666748,False
uid___A001_X3788_Xc476,1,4,"[WC,WC,WC,WC]",WC WC WC WC,42.389985713335776,False
uid___A001_X3788_Xc47a,1,4,"[WC,WC,WC,WC]",WC WC WC WC,46.14708471599935,False
uid___A001_X3788_Xc47e,2,4,"[WC,WC,WC,WC]",WC WC WC WC,44.2674733293339,False
uid___A001_X3788_Xc482,2,4,"[WC,WC,WC,WC]",WC WC WC WC,51.24501260000081,False
uid___A001_X3788_Xc486,3,4,"[WC,WC,WC,WC]",WC WC WC WC,49.89209803199992,False
uid___A001_X3788_Xc48a,3,4,"[WC,WC,WC,WC]",WC WC WC WC,36.252884403999836,False
uid___A001_X3788_Xc48e,1,4,"[WC,WC,WC,WC]",WC WC WC WC,35.004199042666826,False
uid___A001_X3788_Xc492,2,4,"[WC,WC,WC,WC]",WC WC WC WC,23.220902145332847,False
uid___A001_X3788_Xc496,2,4,"[WC,WC,WC,WC]",WC WC WC WC,62.80787090266723,False
uid___A001_X3788_Xc49a,1,4,"[WC,WC,WC,WC]",WC WC WC WC,32.91404000533447,False
uid___A001_X3788_Xc49e,2,4,"[WC,WC,WC,WC]",WC WC WC WC,nan,False
uid___A001_X3788_Xc4a2,1,4,"[WC,WC,WC,WC]",WC WC WC WC,37.38745127466634,False
uid___A001_X3788_Xc4a6,3,4,"[WC,WC,WC,WC]",WC WC WC WC,33.01286858399902,False
uid___A001_X3788_Xc4aa,1,4,"[WC,WC,WC,WC]",WC WC WC WC,54.89244674666911,False
uid___A001_X3788_Xc4ae,1,4,"[WC,WC,WC,WC]",WC WC WC WC,36.4541259319991,False
uid___A001_X3788_Xc4b2,2,4,"[WC,WC,WC,WC]",WC WC WC WC,61.35417205199951,False
uid___A001_X3788_Xc4b6,2,4,"[WC,WC,WC,WC]",WC WC WC WC,39.791620873334146,False
uid___A001_X3788_Xc4ba,2,4,"[WC,WC,WC,WC]",WC WC WC WC,44.69083864799805,False
uid___A001_X3788_Xc4be,1,4,"[WC,WC,WC,WC]",WC WC WC WC,32.50263292800008,False
uid___A001_X3788_Xc4c2,1,4,"[WC,WC,WC,WC]",WC WC WC WC,54.89566380266764,False
uid___A001_X3788_Xc4c6,4,4,"[WC,WC,WC,WC]",WC WC WC WC,36.98212507199992,False
uid___A001_X3788_Xc4ca,1,4,"[WC,WC,WC,WC]",WC WC WC WC,31.774259773331707,False
uid___A001_X3788_Xc4ce,1,4,"[WC,WC,WC,WC]",WC WC WC WC,31.46306166933268,False
uid___A001_X3788_Xc4d2,1,4,"[WC,WC,WC,WC]",WC WC WC WC,30.21161915333496,False
uid___A001_X3788_Xc4d6,1,4,"[WC,WC,WC,WC]",WC WC WC WC,40.419805066667074,False
uid___A001_X3788_Xc4f3,2,4,"[CONT,CONT,CONT,WM]",CONT CONT CONT WM,11.42983845968192,False
uid___A001_X3788_Xc4f7,1,4,"[CONT,CONT,CONT,WM]",CONT CONT CONT WM,12.965032417778088,False
uid___A001_X3788_Xc4fb,1,4,"[CONT,CONT,CONT,WM]",CONT CONT CONT WM,11.11747649142795,False
uid___A001_X3788_Xc4ff,1,4,"[CONT,CONT,CONT,WM]",CONT CONT CONT WM,10.44461143619094,False
uid___A001_X3788_Xc503,2,4,"[CONT,CONT,CONT,WM]",CONT CONT CONT WM,11.447994977777778,False
uid___A001_X3788_Xc507,2,4,"[CONT,CONT,CONT,WM]",CONT CONT CONT WM,11.524236868572514,False
uid___A001_X3788_Xc50b,2,4,"[CONT,CONT,CONT,WM]",CONT CONT CONT WM,30.064792087620134,False
uid___A001_X3788_Xc50f,1,4,"[CONT,CONT,CONT,WM]",CONT CONT CONT WM,10.733263771429346,False
uid___A001_X3788_Xc53d,2,4,"[WC,WC,WC,WC]",WC WC WC WC,28.620627276001382,False
uid___A001_X3788_Xc53f,5,4,"[WC,WC,WC,WC]",WC WC WC WC,40.77792932666707,False
uid___A001_X3788_Xc543,3,4,"[WC,WC,WM,WM]",WC WC WM WM,28.35443754,False
uid___A001_X3788_Xc545,6,4,"[WC,WC,WM,WM]",WC WC WM WM,41.58405586800049,False
uid___A001_X3788_Xc562,1,4,"[WC,WC,WC,WC]",WC WC WC WC,31.56290331733317,False
uid___A001_X3788_Xc565,2,4,"[WC,WC,WC,WC]",WC WC WC WC,41.139860348000084,False
uid___A001_X3788_Xc568,3,4,"[WC,WC,WC,WC]",WC WC WC WC,29.68713311466634,False
uid___A001_X3788_Xc56f,12,8,"[NF,NF,NF,NF,NF,NF,NF,WM]",NF NF NF NF NF NF NF WM,19.825450258419487,False
uid___A001_X3788_Xc582,2,8,"[WM,WM,WM,WM,WM,WM,WM,WM]",WM WM WM WM WM WM WM WM,32.20025570983383,False
uid___A001_X3788_Xc590,2,4,"[CONT,CONT,CONT,CONT]",CONT CONT CONT CONT,15.030985013749694,False
uid___A001_X3788_Xc594,3,4,"[CONT,CONT,CONT,CONT]",CONT CONT CONT CONT,17.38031743249893,False
uid___A001_X3788_Xc598,2,4,"[CONT,CONT,CONT,CONT]",CONT CONT CONT CONT,14.255154847499847,False
uid___A001_X3788_Xc5a1,3,4,"[WC,WC,WC,WC]",WC WC WC WC,35.82545486400024,False
uid___A001_X3788_Xc5ae,1,8,"[CONT,CONT,CONT,CONT,CONT,CONT,CONT,CONT]",CONT CONT CONT CONT CONT CONT CONT CONT,16.312491795625306,False
uid___A001_X3788_Xc5b7,1,4,"[WM,WM,WM,WM]",WM WM WM WM,nan,False
uid___A001_X3788_Xc5bb,1,4,"[WM,WM,WM,WM]",WM WM WM WM,16.66742854281503,False
uid___A001_X3788_Xc5bf,1,4,"[WM,WM,WM,WM]",WM WM WM WM,17.533917214666115,False
uid___A001_X3788_Xc635,3,4,"[WC,WC,WC,WC]",WC WC WC WC,51.693435889333905,False
uid___A001_X3788_Xc637,1,4,"[WC,WC,WC,WC]",WC WC WC WC,24.734284027999674,False
uid___A001_X3788_Xc65e,2,8,"[NF,NF,NF,NF,NF,NF,NF,WM]",NF NF NF NF NF NF NF WM,54.583108619336855,False
uid___A001_X3788_Xc660,1,8,"[NF,NF,NF,NF,NF,NF,NF,WM]",NF NF NF NF NF NF NF WM,70.52617316467048,False
uid___A001_X3788_Xc662,4,8,"[NF,NF,NF,NF,NF,NF,NF,WM]",NF NF NF NF NF NF NF WM,60.784592644545455,False
uid___A001_X3788_Xc668,3,8,"[NF,NF,NF,NF,NF,NF,NF,WM]",NF NF NF NF NF NF NF WM,80.28249053478329,False
uid___A001_X3788_Xc66a,2,8,"[NF,NF,NF,NF,NF,NF,NF,WM]",NF NF NF NF NF NF NF WM,77.36830839076582,False
uid___A001_X3788_Xc66c,8,8,"[NF,NF,NF,NF,NF,NF,NF,WM]",NF NF NF NF NF NF NF WM,56.58593013712319,False
uid___A001_X37b0_X101,1,4,"[CONT,CONT,WM,WM]",CONT CONT WM WM,45.97530921032242,False
uid___A001_X37b0_X114,2,13,"[MM,NM,NM,NM,NM,NM,NM,NM,NM,NM,NM,NM,NM]",MM NM NM NM NM NM NM NM NM NM NM NM NM,39.7249494741592,False
uid___A001_X37b0_X117,3,13,"[MM,NM,NM,NM,NM,NM,NM,NM,NM,NM,NM,NM,NM]",MM NM NM NM NM NM NM NM NM NM NM NM NM,24.418503824126105,False
uid___A001_X37b0_X11b,2,13,"[MM,NM,NM,NM,NM,NM,NM,NM,NM,NM,NM,NM,NM]",MM NM NM NM NM NM NM NM NM NM NM NM NM,79.33891100443617,False
uid___A001_X37b0_X11e,1,13,"[MM,NM,NM,NM,NM,NM,NM,NM,NM,NM,NM,NM,NM]",MM NM NM NM NM NM NM NM NM NM NM NM NM,37.68730162445824,False
uid___A001_X37b0_X122,1,13,"[MM,MM,MM,MM,MM,MM,MM,MM,NF,NF,NF,NF,WM]",MM MM MM MM MM MM MM MM NF NF NF NF WM,87.42141714567408,False
uid___A001_X37b0_X125,1,13,"[MM,MM,MM,MM,MM,MM,MM,MM,NF,NF,NF,NF,WM]",MM MM MM MM MM MM MM MM NF NF NF NF WM,78.17404280621838,False
uid___A001_X37b0_X129,1,13,"[MF,MF,MF,MF,MM,MM,MM,MM,MM,MM,MM,MM,WM]",MF MF MF MF MM MM MM MM MM MM MM MM WM,91.98618130014756,False
uid___A001_X37b0_X12c,1,13,"[MF,MF,MF,MF,MM,MM,MM,MM,MM,MM,MM,MM,WM]",MF MF MF MF MM MM MM MM MM MM MM MM WM,79.5383399324414,False
uid___A001_X37b0_X130,1,12,"[MF,MF,MF,MF,MF,MF,MF,NF,NF,NF,NF,WM]",MF MF MF MF MF MF MF NF NF NF NF WM,87.98021978248366,False
uid___A001_X37b0_X133,1,12,"[MF,MF,MF,MF,MF,MF,MF,NF,NF,NF,NF,WM]",MF MF MF MF MF MF MF NF NF NF NF WM,nan,False
uid___A001_X37b0_X148,1,4,"[CONT,CONT,CONT,CONT]",CONT CONT CONT CONT,43.16668288625107,False
uid___A001_X37b0_X14c,1,4,"[CONT,CONT,CONT,CONT]",CONT CONT CONT CONT,40.819813871250155,False
uid___A001_X37b0_X150,1,4,"[CONT,CONT,CONT,CONT]",CONT CONT CONT CONT,22.656564884583283,False
uid___A001_X37b0_X154,1,4,"[CONT,CONT,CONT,CONT]",CONT CONT CONT CONT,45.90062619437561,False
uid___A001_X37b0_X15c,1,4,"[CONT,CONT,CONT,CONT]",CONT CONT CONT CONT,40.62759429749985,False
uid___A001_X37b0_X160,1,4,"[CONT,CONT,CONT,CONT]",CONT CONT CONT CONT,37.89294660249939,False
uid___A001_X37b0_X164,1,4,"[CONT,CONT,CONT,CONT]",CONT CONT CONT CONT,17.96874947312584,False
uid___A001_X37b0_X168,1,4,"[CONT,CONT,CONT,CONT]",CONT CONT CONT CONT,27.14944861624985,False
uid___A001_X37b0_X174,1,4,"[CONT,CONT,CONT,CONT]",CONT CONT CONT CONT,47.55923654250031,False
uid___A001_X37b0_X178,1,4,"[CONT,CONT,CONT,CONT]",CONT CONT CONT CONT,41.60135615374832,False
uid___A001_X37b0_X17c,1,4,"[CONT,CONT,CONT,CONT]",CONT CONT CONT CONT,13.672196328749084,False
uid___A001_X37b0_X184,1,4,"[CONT,CONT,CONT,CONT]",CONT CONT CONT CONT,46.48419141624908,False
uid___A001_X37b0_X1b0,4,4,"[MC,WC,WC,WC]",MC WC WC WC,15.47815559466611,False
uid___A001_X37b0_X1b4,3,4,"[MC,WC,WC,WC]",MC WC WC WC,15.001859452952473,False
uid___A001_X37b0_X1b8,3,4,"[MC,WC,WC,WC]",MC WC WC WC,20.835208352000095,False
uid___A001_X37b0_X1bc,3,4,"[MC,WC,WC,WC]",MC WC WC WC,13.869437228190337,False
uid___A001_X37b0_X1c0,4,4,"[MC,WC,WC,WC]",MC WC WC WC,14.70521465752395,False
uid___A001_X37b0_X1c4,3,4,"[MC,WC,WC,WC]",MC WC WC WC,5.536428568380766,False
uid___A001_X37b0_X1c8,3,4,"[MC,WC,WC,WC]",MC WC WC WC,11.547363469714703,False
uid___A001_X37b0_X1cc,4,4,"[MC,WC,WC,WC]",MC WC WC WC,11.30947504914295,False
uid___A001_X37b0_X1d0,3,4,"[MC,WC,WC,WC]",MC WC WC WC,9.883238084571708,False
uid___A001_X37b0_X1d4,4,4,"[MC,WC,WC,WC]",MC WC WC WC,16.016327297523716,False
uid___A001_X37b0_X1d8,3,4,"[MC,WC,WC,WC]",MC WC WC WC,19.047263750095794,False
uid___A001_X37b0_X1dc,4,4,"[MC,WC,WC,WC]",MC WC WC WC,20.357073462857144,False
uid___A001_X37b0_X1e0,3,4,"[MC,WC,WC,WC]",MC WC WC WC,5.361062822095424,False
uid___A001_X37b0_X1e4,3,4,"[MC,WC,WC,WC]",MC WC WC WC,12.91696396952381,False
uid___A001_X37b0_X1e8,4,4,"[MC,WC,WC,WC]",MC WC WC WC,21.130490014476145,False
uid___A001_X37b0_X1ec,3,4,"[MC,WC,WC,WC]",MC WC WC WC,15.952164297142392,False
uid___A001_X37b0_X1f0,3,4,"[MC,WC,WC,WC]",MC WC WC WC,8.692689357713913,False
uid___A001_X37b0_X1f4,4,4,"[MC,WC,WC,WC]",MC WC WC WC,6.728239577904809,False
uid___A001_X37b0_X1f8,4,4,"[MC,WC,WC,WC]",MC WC WC WC,13.514091742476051,False
uid___A001_X37b0_X1fc,3,4,"[MC,WC,WC,WC]",MC WC WC WC,12.202410302476052,False
uid___A001_X37b0_X200,3,4,"[MC,WC,WC,WC]",MC WC WC WC,7.5004828083809985,False
uid___A001_X37b0_X204,4,4,"[MC,WC,WC,WC]",MC WC WC WC,11.847571367619512,False
uid___A001_X37b0_X213,3,4,"[WC,WC,WC,WC]",WC WC WC WC,86.70595118266682,False
uid___A001_X37b0_X21b,2,4,"[WC,WC,WC,WC]",WC WC WC WC,82.89007489866496,False
uid___A001_X37b0_X2bd,10,4,"[WM,WM,WM,WM]",WM WM WM WM,44.4284173766108,False
uid___A001_X37b0_X2c3,2,4,"[CONT,CONT,CONT,CONT]",CONT CONT CONT CONT,41.9926840987503,False
uid___A001_X37b0_X34b,1,4,"[WM,WM,WM,WM]",WM WM WM WM,19.713927919996745,False
uid___A001_X37b0_X354,3,11,"[MF,MF,NF,NF,NF,NF,NF,NF,NF,NF,WM]",MF MF NF NF NF NF NF NF NF NF WM,45.6210430726144,False
uid___A001_X37b0_X356,1,11,"[MF,MF,NF,NF,NF,NF,NF,NF,NF,NF,WM]",MF MF NF NF NF NF NF NF NF NF WM,nan,False
uid___A001_X37b0_X363,2,4,"[NF,WC,WC,WC]",NF WC WC WC,18.48654939239335,False
uid___A001_X37b0_X369,3,4,"[NF,WC,WC,WC]",NF WC WC WC,22.5480342930203,False
uid___A001_X37b0_X36f,2,4,"[NF,WC,WC,WC]",NF WC WC WC,9.307354652964884,False
uid___A001_X37b0_X389,5,4,"[MC,MC,WC,WC]",MC MC WC WC,22.43106070755561,False
uid___A001_X37b0_X3b5,2,4,"[WC,WC,WC,WC]",WC WC WC WC,51.140909317333374,False
uid___A001_X37b0_X3b9,1,4,"[WC,WC,WC,WC]",WC WC WC WC,61.557852263999635,False
uid___A001_X37b0_X3bd,1,4,"[WC,WC,WC,WC]",WC WC WC WC,51.03679767866638,False
uid___A001_X37b0_X3d9,2,4,"[WC,WC,WC,WC]",WC WC WC WC,50.93217583599976,False
uid___A001_X37b0_X3f1,3,4,"[WC,WC,WC,WC]",WC WC WC WC,54.370861941333416,False
uid___A001_X37b0_X400,13,7,"[CONT,CONT,CONT,CONT,WC,WC,WC]",CONT CONT CONT CONT WC WC WC,nan,False
uid___A001_X37b0_X407,2,8,"[CONT,CONT,CONT,CONT,CONT,CONT,CONT,CONT]",CONT CONT CONT CONT CONT CONT CONT CONT,26.60396776062393,False
uid___A001_X37b0_X418,10,4,"[CONT,CONT,CONT,CONT]",CONT CONT CONT CONT,15.614251435000229,False
uid___A001_X37b0_X422,5,5,"[NF,NF,NF,WM,WM]",NF NF NF WM WM,4.507148538635444,False
uid___A001_X37b0_X49d,1,4,"[MF,MF,WM,WM]",MF MF WM WM,12.46255047269483,False
uid___A001_X37b0_X4b5,1,4,"[CONT,CONT,CONT,WC]",CONT CONT CONT WC,20.39294153142826,False
uid___A001_X37b0_X4b9,2,4,"[CONT,CONT,CONT,WC]",CONT CONT CONT WC,13.777622288254317,False
uid___A001_X37b0_X4bb,1,4,"[CONT,CONT,CONT,WC]",CONT CONT CONT WC,14.07642575746024,False
uid___A001_X37b0_X4e3,1,4,"[WM,WM,WM,WM]",WM WM WM WM,59.5166098293335,False
uid___A001_X37b0_X51e,2,8,"[CONT,CONT,CONT,CONT,CONT,CONT,CONT,CONT]",CONT CONT CONT CONT CONT CONT CONT CONT,nan,False
uid___A001_X37b0_X53e,2,4,"[CONT,CONT,WC,WC]",CONT CONT WC WC,35.706293824516244,False
uid___A001_X37b0_X546,1,4,"[CONT,CONT,CONT,WC]",CONT CONT CONT WC,20.482428157460433,False
uid___A001_X37b0_X552,1,4,"[CONT,CONT,CONT,WC]",CONT CONT CONT WC,17.65455685968231,False
uid___A001_X37b0_X55a,4,4,"[CONT,CONT,CONT,WC]",CONT CONT CONT WC,16.910035212698606,False
uid___A001_X37b0_X55e,2,4,"[CONT,CONT,CONT,WC]",CONT CONT CONT WC,15.416341904761905,False
uid___A001_X37b0_X562,5,4,"[CONT,CONT,CONT,WC]",CONT CONT CONT WC,19.416020893968078,False
uid___A001_X37b0_X571,8,5,"[MM,MM,MM,WM,WM]",MM MM MM WM WM,25.159725767111002,False
uid___A001_X37b0_X582,1,4,"[CONT,CONT,CONT,WC]",CONT CONT CONT WC,19.733681837461248,False
uid___A001_X37b0_X586,1,4,"[CONT,CONT,CONT,WC]",CONT CONT CONT WC,24.99151299428556,False
uid___A001_X37b0_X58a,1,4,"[CONT,CONT,CONT,WC]",CONT CONT CONT WC,20.72470593142981,False
uid___A001_X37b0_X58e,1,4,"[CONT,CONT,CONT,WC]",CONT CONT CONT WC,14.177314556191872,False
uid___A001_X37b0_X592,1,4,"[CONT,CONT,CONT,WC]",CONT CONT CONT WC,22.113738759364924,False
uid___A001_X37b0_X59a,1,4,"[CONT,CONT,CONT,WC]",CONT CONT CONT WC,21.026536887620132,False
uid___A001_X37b0_X59e,1,4,"[CONT,CONT,CONT,WC]",CONT CONT CONT WC,18.346688430475727,False
uid___A001_X37b0_X5a2,1,4,"[CONT,CONT,CONT,WC]",CONT CONT CONT WC,25.091518629841733,False
uid___A001_X37b0_X5a6,1,4,"[CONT,CONT,CONT,WC]",CONT CONT CONT WC,11.195573922539218,False
uid___A001_X37b0_X5aa,1,4,"[CONT,CONT,CONT,WC]",CONT CONT CONT WC,19.336914937141927,False
uid___A001_X37b0_X693,2,10,"[CONT,CONT,NM,NM,NM,NM,NM,NM,NM,NM]",CONT CONT NM NM NM NM NM NM NM NM,49.65193260737997,False
uid___A001_X37b0_X695,1,10,"[CONT,CONT,NM,NM,NM,NM,NM,NM,NM,NM]",CONT CONT NM NM NM NM NM NM NM NM,48.70357528135874,False
uid___A001_X37b0_X697,2,10,"[CONT,CONT,NM,NM,NM,NM,NM,NM,NM,NM]",CONT CONT NM NM NM NM NM NM NM NM,45.774909585463426,False
uid___A001_X37b0_X69b,2,10,"[CONT,CONT,NM,NM,NM,NM,NM,NM,NM,NM]",CONT CONT NM NM NM NM NM NM NM NM,52.22971048685133,False
uid___A001_X37b0_X69d,1,10,"[CONT,CONT,NM,NM,NM,NM,NM,NM,NM,NM]",CONT CONT NM NM NM NM NM NM NM NM,52.129188598225966,False
uid___A001_X37b0_X69f,3,10,"[CONT,CONT,NM,NM,NM,NM,NM,NM,NM,NM]",CONT CONT NM NM NM NM NM NM NM NM,41.63097960673776,False
uid___A001_X37b0_X6a3,1,10,"[CONT,MM,MM,MM,MM,MM,MM,MM,MM,MM]",CONT MM MM MM MM MM MM MM MM MM,32.119529586317455,False
uid___A001_X37b0_X6a5,1,10,"[CONT,MM,MM,MM,MM,MM,MM,MM,MM,MM]",CONT MM MM MM MM MM MM MM MM MM,29.776069883134927,False
uid___A001_X37b0_X6a7,2,10,"[CONT,MM,MM,MM,MM,MM,MM,MM,MM,MM]",CONT MM MM MM MM MM MM MM MM MM,37.91675371933408,False
uid___A001_X37b0_X6ad,1,10,"[CONT,MM,MM,MM,MM,MM,MM,MM,MM,MM]",CONT MM MM MM MM MM MM MM MM MM,27.217485757717395,False
uid___A001_X37b0_X6af,1,10,"[CONT,MM,MM,MM,MM,MM,MM,MM,MM,MM]",CONT MM MM MM MM MM MM MM MM MM,31.926055239140904,False
uid___A001_X37b0_X6b1,2,10,"[CONT,MM,MM,MM,MM,MM,MM,MM,MM,MM]",CONT MM MM MM MM MM MM MM MM MM,29.224083868885003,False
uid___A001_X37b0_X7c,4,13,"[NF,NF,NF,NF,NF,NF,NF,NF,NF,NF,NF,NF,WM]",NF NF NF NF NF NF NF NF NF NF NF NF WM,21.156068123676324,False
uid___A001_X37b0_X7e,1,13,"[NF,NF,NF,NF,NF,NF,NF,NF,NF,NF,NF,NF,WM]",NF NF NF NF NF NF NF NF NF NF NF NF WM,35.404340277291034,False
uid___A001_X37b0_X81,2,13,"[NF,NF,NF,NF,NF,NF,NF,NF,NF,NF,NF,NF,WM]",NF NF NF NF NF NF NF NF NF NF NF NF WM,35.886976332724146,False
uid___A001_X37b0_X83,1,13,"[NF,NF,NF,NF,NF,NF,NF,NF,NF,NF,NF,NF,WM]",NF NF NF NF NF NF NF NF NF NF NF NF WM,27.3905526868066,False
uid___A001_X37b0_X86,3,13,"[NF,NF,NF,NF,NF,NF,NF,NF,NF,NF,NF,NF,WM]",NF NF NF NF NF NF NF NF NF NF NF NF WM,31.07286703177055,False
uid___A001_X37b0_X88,1,13,"[NF,NF,NF,NF,NF,NF,NF,NF,NF,NF,NF,NF,WM]",NF NF NF NF NF NF NF NF NF NF NF NF WM,17.321588370257047,False
uid___A001_X37b0_X8d,1,13,"[NF,NF,NF,NF,NF,NF,NF,NF,NF,NF,NF,NF,WM]",NF NF NF NF NF NF NF NF NF NF NF NF WM,59.6397601109849,False
uid___A001_X37b0_X90,2,13,"[NF,NF,NF,NF,NF,NF,NF,NF,NF,NF,NF,NF,WM]",NF NF NF NF NF NF NF NF NF NF NF NF WM,33.25984251505786,False
uid___A001_X37b0_X92,1,13,"[NF,NF,NF,NF,NF,NF,NF,NF,NF,NF,NF,NF,WM]",NF NF NF NF NF NF NF NF NF NF NF NF WM,23.4867332452632,False
uid___A001_X37b0_X97,2,13,"[NF,NF,NF,NF,NF,NF,NF,NF,NF,NF,NF,NF,WM]",NF NF NF NF NF NF NF NF NF NF NF NF WM,21.968736854142893,False
uid___A001_X37b0_X9a,1,13,"[NF,NF,NF,NF,NF,NF,NF,NF,NF,NF,NF,NF,WM]",NF NF NF NF NF NF NF NF NF NF NF NF WM,32.78806436738428,False
uid___A001_X37b0_X9c,2,13,"[NF,NF,NF,NF,NF,NF,NF,NF,NF,NF,NF,NF,WM]",NF NF NF NF NF NF NF NF NF NF NF NF WM,31.88597394945127,False
uid___A001_X37b0_X9f,2,13,"[NF,NF,NF,NF,NF,NF,NF,NF,NF,NF,NF,NF,WM]",NF NF NF NF NF NF NF NF NF NF NF NF WM,32.188992801600975,False
uid___A001_X37b0_Xa1,1,13,"[NF,NF,NF,NF,NF,NF,NF,NF,NF,NF,NF,NF,WM]",NF NF NF NF NF NF NF NF NF NF NF NF WM,17.941280005907696,False
uid___A001_X37b0_Xa4,1,13,"[NF,NF,NF,NF,NF,NF,NF,NF,NF,NF,NF,NF,WM]",NF NF NF NF NF NF NF NF NF NF NF NF WM,28.36177708330934,False
uid___A001_X37b0_Xa6,1,13,"[NF,NF,NF,NF,NF,NF,NF,NF,NF,NF,NF,NF,WM]",NF NF NF NF NF NF NF NF NF NF NF NF WM,18.301549470661648,False
uid___A001_X37b0_Xab,1,13,"[NF,NF,NF,NF,NF,NF,NF,NF,NF,NF,NF,NF,WM]",NF NF NF NF NF NF NF NF NF NF NF NF WM,18.343550162970278,False
uid___A001_X37b0_Xae,3,13,"[NF,NF,NF,NF,NF,NF,NF,NF,NF,NF,NF,NF,WM]",NF NF NF NF NF NF NF NF NF NF NF NF WM,35.819505867622226,False
uid___A001_X37b0_Xb0,1,13,"[NF,NF,NF,NF,NF,NF,NF,NF,NF,NF,NF,NF,WM]",NF NF NF NF NF NF NF NF NF NF NF NF WM,38.850199848034144,False
uid___A001_X37b0_Xb3,1,13,"[NF,NF,NF,NF,NF,NF,NF,NF,NF,NF,NF,NF,WM]",NF NF NF NF NF NF NF NF NF NF NF NF WM,25.296679455803083,False
uid___A001_X37b0_Xb5,1,13,"[NF,NF,NF,NF,NF,NF,NF,NF,NF,NF,NF,NF,WM]",NF NF NF NF NF NF NF NF NF NF NF NF WM,8.73106007713511,False
uid___A001_X37b0_Xb8,2,13,"[NF,NF,NF,NF,NF,NF,NF,NF,NF,NF,NF,NF,WM]",NF NF NF NF NF NF NF NF NF NF NF NF WM,29.308146494101486,False
uid___A001_X37b0_Xba,1,13,"[NF,NF,NF,NF,NF,NF,NF,NF,NF,NF,NF,NF,WM]",NF NF NF NF NF NF NF NF NF NF NF NF WM,27.540374776544738,False
uid___A001_X37b0_Xd2,3,4,"[MC,WC,WC,WC]",MC WC WC WC,37.255993784381275,False
uid___A001_X37b0_Xd6,2,4,"[MC,WC,WC,WC]",MC WC WC WC,37.31974824533331,False
uid___A001_X37b0_Xda,3,4,"[MC,WC,WC,WC]",MC WC WC WC,43.269297464380934,False
uid___A001_X37b0_Xde,2,4,"[MC,WC,WC,WC]",MC WC WC WC,33.15370965180966,False
uid___A001_X37b0_Xe2,3,4,"[MC,WC,WC,WC]",MC WC WC WC,49.46561961142846,False
uid___A001_X37b0_Xe6,1,4,"[MC,WC,WC,WC]",MC WC WC WC,38.14839308038109,False
uid___A001_X37b0_Xea,3,4,"[MC,WC,WC,WC]",MC WC WC WC,25.946878730666736,False
uid___A001_X37b0_Xee,2,4,"[MC,WC,WC,WC]",MC WC WC WC,31.659556557714378,False
uid___A001_X37b0_Xf2,2,4,"[MC,WC,WC,WC]",MC WC WC WC,22.492687379809453,False
uid___A001_X37b0_Xff,1,4,"[CONT,CONT,WM,WM]",CONT CONT WM WM,45.43671294451668,False
uid___A001_X37b5_X187,6,4,"[CONT,CONT,CONT,CONT]",CONT CONT CONT CONT,18.28207461104166,False
uid___A001_X37b5_X18b,5,4,"[CONT,CONT,CONT,CONT]",CONT CONT CONT CONT,16.462227835833342,False
uid___A001_X37b5_X18f,5,4,"[CONT,CONT,CONT,CONT]",CONT CONT CONT CONT,19.45074244962495,False
uid___A001_X37b5_X193,6,4,"[CONT,CONT,CONT,CONT]",CONT CONT CONT CONT,15.451733776895814,False
uid___A001_X37b5_X19f,1,4,"[CONT,CONT,CONT,CONT]",CONT CONT CONT CONT,19.14378830625,False
uid___A001_X37b5_X1b2,1,4,"[CONT,CONT,CONT,CONT]",CONT CONT CONT CONT,14.856667998750114,False
uid___A001_X37b5_X1b5,1,4,"[CONT,CONT,CONT,CONT]",CONT CONT CONT CONT,14.856832997500229,False
uid___A001_X37b5_X1dc,5,7,"[MM,NF,NF,NF,NF,NF,NF]",MM NF NF NF NF NF NF,22.159428966532897,False
uid___A001_X37b5_X1e1,7,7,"[MM,NF,NF,NF,NF,NF,NF]",MM NF NF NF NF NF NF,27.34941939601545,False
uid___A001_X37b5_X1e6,1,7,"[MM,NF,NF,NF,NF,NF,NF]",MM NF NF NF NF NF NF,15.886600730397967,False
uid___A001_X37b5_X1f1,4,6,"[MM,NF,NF,NF,NF,NF]",MM NF NF NF NF NF,24.854426913641735,False
uid___A001_X37b5_X1f6,6,6,"[MM,NF,NF,NF,NF,NF]",MM NF NF NF NF NF,19.47719931180452,False
uid___A001_X37b5_X1fb,5,6,"[MM,NF,NF,NF,NF,NF]",MM NF NF NF NF NF,20.495910380513447,False
uid___A001_X37b5_X200,9,6,"[MM,NF,NF,NF,NF,NF]",MM NF NF NF NF NF,27.010148333684644,False
uid___A001_X37b5_X209,2,10,"[MF,MF,MF,NF,NF,NF,NF,NF,NF,WM]",MF MF MF NF NF NF NF NF NF WM,22.39936558166994,False
uid___A001_X37b5_X20b,1,10,"[MF,MF,MF,NF,NF,NF,NF,NF,NF,WM]",MF MF MF NF NF NF NF NF NF WM,19.062734231727006,False
uid___A001_X37b5_X233,1,6,"[MF,MF,MF,MF,MF,MF]",MF MF MF MF MF MF,28.834756000000812,False
uid___A001_X37b5_X236,2,6,"[MF,MF,MF,MF,MF,MF]",MF MF MF MF MF MF,34.60965577600098,False
uid___A001_X37b5_X239,3,6,"[MF,MF,MF,MF,MF,MF]",MF MF MF MF MF MF,43.80013915200358,False
uid___A001_X37b5_X23c,3,6,"[MF,MF,MF,MF,MF,MF]",MF MF MF MF MF MF,33.8180805360083,False
uid___A001_X37b5_X23f,1,6,"[MF,MF,MF,MF,MF,MF]",MF MF MF MF MF MF,37.89377486666992,False
uid___A001_X37b5_X242,2,6,"[MF,MF,MF,MF,MF,MF]",MF MF MF MF MF MF,35.53575721065837,False
uid___A001_X37b5_X245,2,6,"[MF,MF,MF,MF,MF,MF]",MF MF MF MF MF MF,21.734213978671875,False
uid___A001_X37b5_X248,2,6,"[MF,MF,MF,MF,MF,MF]",MF MF MF MF MF MF,42.19695454666585,False
uid___A001_X37b5_X24b,2,6,"[MF,MF,MF,MF,MF,MF]",MF MF MF MF MF MF,30.004019813331706,False
uid___A001_X37b5_X24e,2,6,"[MF,MF,MF,MF,MF,MF]",MF MF MF MF MF MF,39.15804523466146,False
uid___A001_X37b5_X252,1,8,"[MF,MF,MF,MF,MF,MF,MF,MF]",MF MF MF MF MF MF MF MF,46.94229366246652,False
uid___A001_X37b5_X255,2,8,"[MF,MF,MF,MF,MF,MF,MF,MF]",MF MF MF MF MF MF MF MF,52.47904833828125,False
uid___A001_X37b5_X259,1,7,"[MF,MF,MF,MF,MF,MF,MF]",MF MF MF MF MF MF MF,32.415062404265626,False
uid___A001_X37b5_X285,1,4,"[CONT,MF,MF,WF]",CONT MF MF WF,56.833753431948345,False
uid___A001_X37b5_X345,1,4,"[MM,WC,WC,WC]",MM WC WC WC,9.117803101538962,False
uid___A001_X37b5_X34d,1,4,"[MM,WC,WC,WC]",MM WC WC WC,9.87847034748698,False
uid___A001_X37b5_X34f,3,4,"[MM,WC,WC,WC]",MM WC WC WC,13.958912973128005,False
uid___A001_X37b5_X36,1,12,"[MF,NF,NF,NF,NF,NF,NF,NF,NF,NF,NF,WM]",MF NF NF NF NF NF NF NF NF NF NF WM,22.997227537992707,False
uid___A001_X37b5_X379,1,4,"[CONT,CONT,CONT,CONT]",CONT CONT CONT CONT,16.403441532499887,False
uid___A001_X37b5_X37d,1,4,"[CONT,CONT,CONT,CONT]",CONT CONT CONT CONT,13.276842606249618,False
uid___A001_X37b5_X39,2,12,"[MF,NF,NF,NF,NF,NF,NF,NF,NF,NF,NF,WM]",MF NF NF NF NF NF NF NF NF NF NF WM,39.637827262492166,False
uid___A001_X37b5_X3b,1,12,"[MF,NF,NF,NF,NF,NF,NF,NF,NF,NF,NF,WM]",MF NF NF NF NF NF NF NF NF NF NF WM,24.770644836714666,False
uid___A001_X37b5_X3e,1,12,"[MF,NF,NF,NF,NF,NF,NF,NF,NF,NF,NF,WM]",MF NF NF NF NF NF NF NF NF NF NF WM,40.61921220281756,False
uid___A001_X37b5_X40,1,12,"[MF,NF,NF,NF,NF,NF,NF,NF,NF,NF,NF,WM]",MF NF NF NF NF NF NF NF NF NF NF WM,17.910167926266674,False
uid___A001_X37b5_X43,1,12,"[MF,NF,NF,NF,NF,NF,NF,NF,NF,NF,NF,WM]",MF NF NF NF NF NF NF NF NF NF NF WM,50.59374672023974,False
uid___A001_X37b5_X45,1,12,"[MF,NF,NF,NF,NF,NF,NF,NF,NF,NF,NF,WM]",MF NF NF NF NF NF NF NF NF NF NF WM,32.3381350791524,False
uid___A001_X37b5_X45b,5,5,"[CONT,MM,MM,MM,WM]",CONT MM MM MM WM,26.53236448747764,False
uid___A001_X37b5_X45d,2,5,"[CONT,MM,MM,MM,WM]",CONT MM MM MM WM,23.483418320746477,False
uid___A001_X37b5_X45f,8,5,"[CONT,MM,MM,MM,WM]",CONT MM MM MM WM,15.894623068411397,False
uid___A001_X37b5_X465,4,5,"[CONT,MM,MM,MM,WM]",CONT MM MM MM WM,15.937873943923865,False
uid___A001_X37b5_X467,2,5,"[CONT,MM,MM,MM,WM]",CONT MM MM MM WM,17.41421280897114,False
uid___A001_X37b5_X469,8,5,"[CONT,MM,MM,MM,WM]",CONT MM MM MM WM,21.92399320822412,False
uid___A001_X37b5_X46f,3,5,"[CONT,MM,MM,MM,WM]",CONT MM MM MM WM,41.39465551252236,False
uid___A001_X37b5_X471,3,5,"[CONT,MM,MM,MM,WM]",CONT MM MM MM WM,44.06742961644823,False
uid___A001_X37b5_X473,8,5,"[CONT,MM,MM,MM,WM]",CONT MM MM MM WM,41.66810984373814,False
uid___A001_X37b5_X479,4,5,"[CONT,MM,MM,MM,WM]",CONT MM MM MM WM,17.37124590205626,False
uid___A001_X37b5_X47d,6,5,"[CONT,MM,MM,MM,WM]",CONT MM MM MM WM,26.206532170466286,False
uid___A001_X37b5_X48,1,12,"[MF,NF,NF,NF,NF,NF,NF,NF,NF,NF,NF,WM]",MF NF NF NF NF NF NF NF NF NF NF WM,25.667000213923632,False
uid___A001_X37b5_X483,5,5,"[CONT,MM,MM,MM,WM]",CONT MM MM MM WM,32.36729175476553,False
uid___A001_X37b5_X485,3,5,"[CONT,MM,MM,MM,WM]",CONT MM MM MM WM,21.473815681495054,False
uid___A001_X37b5_X487,8,5,"[CONT,MM,MM,MM,WM]",CONT MM MM MM WM,14.441468586167037,False
uid___A001_X37b5_X4a,1,12,"[MF,NF,NF,NF,NF,NF,NF,NF,NF,NF,NF,WM]",MF NF NF NF NF NF NF NF NF NF NF WM,32.636767058096694,False
uid___A001_X37b5_X4d,3,12,"[MF,NF,NF,NF,NF,NF,NF,NF,NF,NF,NF,WM]",MF NF NF NF NF NF NF NF NF NF NF WM,23.511544992667854,False
uid___A001_X37b5_X4f,1,12,"[MF,NF,NF,NF,NF,NF,NF,NF,NF,NF,NF,WM]",MF NF NF NF NF NF NF NF NF NF NF WM,23.56884441169728,False
uid___A001_X37b5_X52,1,12,"[MF,NF,NF,NF,NF,NF,NF,NF,NF,NF,NF,WM]",MF NF NF NF NF NF NF NF NF NF NF WM,40.24248149673276,False
uid___A001_X37b5_X54,2,12,"[MF,NF,NF,NF,NF,NF,NF,NF,NF,NF,NF,WM]",MF NF NF NF NF NF NF NF NF NF NF WM,22.48518240867864,False
uid___A001_X37b5_X57,1,12,"[MF,NF,NF,NF,NF,NF,NF,NF,NF,NF,NF,WM]",MF NF NF NF NF NF NF NF NF NF NF WM,36.19975011301248,False
uid___A001_X37b5_X59,1,12,"[MF,NF,NF,NF,NF,NF,NF,NF,NF,NF,NF,WM]",MF NF NF NF NF NF NF NF NF NF NF WM,56.46908664066388,False
uid___A001_X37b5_X5e,1,12,"[MF,NF,NF,NF,NF,NF,NF,NF,NF,NF,NF,WM]",MF NF NF NF NF NF NF NF NF NF NF WM,18.750869924693976,False
uid___A001_X37b5_X61,1,12,"[MF,NF,NF,NF,NF,NF,NF,NF,NF,NF,NF,WM]",MF NF NF NF NF NF NF NF NF NF NF WM,41.17108085312277,False
uid___A001_X37b5_X63,1,12,"[MF,NF,NF,NF,NF,NF,NF,NF,NF,NF,NF,WM]",MF NF NF NF NF NF NF NF NF NF NF WM,16.728638733839762,False
uid___A001_X37b5_X66,3,12,"[MF,NF,NF,NF,NF,NF,NF,NF,NF,NF,NF,WM]",MF NF NF NF NF NF NF NF NF NF NF WM,44.62611817643008,False
uid___A001_X37b5_X68,1,12,"[MF,NF,NF,NF,NF,NF,NF,NF,NF,NF,NF,WM]",MF NF NF NF NF NF NF NF NF NF NF WM,19.184535892452228,False
uid___A001_X37b5_X6b,1,12,"[MF,NF,NF,NF,NF,NF,NF,NF,NF,NF,NF,WM]",MF NF NF NF NF NF NF NF NF NF NF WM,27.692225378475136,False
uid___A001_X37b5_X6d,1,12,"[MF,NF,NF,NF,NF,NF,NF,NF,NF,NF,NF,WM]",MF NF NF NF NF NF NF NF NF NF NF WM,8.397040481546979,False
uid___A001_X37b5_X70,2,12,"[MF,NF,NF,NF,NF,NF,NF,NF,NF,NF,NF,WM]",MF NF NF NF NF NF NF NF NF NF NF WM,37.992817479207844,False
uid___A001_X37b5_X72,1,12,"[MF,NF,NF,NF,NF,NF,NF,NF,NF,NF,NF,WM]",MF NF NF NF NF NF NF NF NF NF NF WM,18.060959090247945,False
uid___A001_X37b5_Xc8,1,8,"[WC,WC,WC,WC,WC,WC,WC,WC]",WC WC WC WC WC WC WC WC,46.956155519453645,False
uid___A001_X37bf_X110,1,4,"[CONT,CONT,CONT,CONT]",CONT CONT CONT CONT,17.573436326250075,False
uid___A001_X37bf_X114,1,4,"[CONT,CONT,CONT,CONT]",CONT CONT CONT CONT,17.572071289999773,False
uid___A001_X37bf_X1b5,6,4,"[WC,WC,WC,WC]",WC WC WC WC,32.766690077332356,False
uid___A001_X37bf_X1b9,2,4,"[WC,WC,WC,WC]",WC WC WC WC,25.904090798666584,False
uid___A001_X37bf_X1bd,2,4,"[WC,WC,WC,WC]",WC WC WC WC,27.611503357332357,False
uid___A001_X37bf_X1c1,3,4,"[WC,WC,WC,WC]",WC WC WC WC,23.860840398665772,False
uid___A001_X37bf_X1c5,2,4,"[WC,WC,WC,WC]",WC WC WC WC,30.80177811600118,False
uid___A001_X37bf_X1c9,1,4,"[WC,WC,WC,WC]",WC WC WC WC,20.34258328266642,False
uid___A001_X37bf_X1cd,1,4,"[WC,WC,WC,WC]",WC WC WC WC,20.3984535986674,False
uid___A001_X37bf_X1d1,2,4,"[WC,WC,WC,WC]",WC WC WC WC,23.824200141333414,False
uid___A001_X37bf_X1d5,3,4,"[WC,WC,WC,WC]",WC WC WC WC,23.177264134666952,False
uid___A001_X37bf_X1d9,2,4,"[WC,WC,WC,WC]",WC WC WC WC,31.74742629733378,False
uid___A001_X37bf_X1dd,2,4,"[WC,WC,WC,WC]",WC WC WC WC,29.934097415999958,False
uid___A001_X37bf_X1e1,2,4,"[WC,WC,WC,WC]",WC WC WC WC,30.813104040000407,False
uid___A001_X37bf_X1e5,2,4,"[WC,WC,WC,WC]",WC WC WC WC,16.16119939200012,False
uid___A001_X37bf_X1e9,1,4,"[WC,WC,WC,WC]",WC WC WC WC,25.535798389333294,False
uid___A001_X37bf_X1ed,2,4,"[WC,WC,WC,WC]",WC WC WC WC,27.439091540000202,False
uid___A001_X37bf_X201,6,4,"[WC,WC,WC,WC]",WC WC WC WC,34.2369841106663,False
uid___A001_X37bf_X209,5,4,"[WC,WC,WC,WC]",WC WC WC WC,28.7926176506663,False
uid___A001_X37bf_X21a,1,4,"[CONT,CONT,MC,MC]",CONT CONT MC MC,44.75461583148895,False
uid___A001_X37bf_X242,4,6,"[MM,MM,MM,MM,WM,WM]",MM MM MM MM WM WM,79.04695122133073,False
uid___A001_X37bf_X24d,2,5,"[MF,MF,MF,MF,WM]",MF MF MF MF WM,23.16677168213151,False
uid___A001_X37bf_X251,2,5,"[MF,MF,MF,MF,WM]",MF MF MF MF WM,62.96354210133854,False
uid___A001_X37bf_X2a,4,5,"[CONT,MM,MM,MM,WM]",CONT MM MM MM WM,30.031054411963346,False
uid___A001_X37bf_X2b3,2,5,"[MF,MF,MF,WM,WM]",MF MF MF WM WM,48.51908169481192,False
uid___A001_X37bf_X2cb,2,5,"[MF,MF,MF,WM,WM]",MF MF MF WM WM,13.845625493334056,False
uid___A001_X37bf_X30d,3,5,"[MF,MF,MF,WM,WM]",MF MF MF WM WM,14.909510347854456,False
uid___A001_X37bf_X319,2,5,"[MF,MF,MF,WM,WM]",MF MF MF WM WM,14.867407798519242,False
uid___A001_X37bf_X32,6,5,"[CONT,MM,MM,MM,WM]",CONT MM MM MM WM,20.76135123887951,False
uid___A001_X37bf_X325,1,5,"[MF,MF,MF,WM,WM]",MF MF MF WM WM,14.46682130014974,False
uid___A001_X37bf_X32b,2,5,"[MF,MF,MF,WM,WM]",MF MF MF WM WM,9.30205264118562,False
uid___A001_X37bf_X34,21,5,"[CONT,MM,MM,MM,WM]",CONT MM MM MM WM,23.506037806354044,False
uid___A001_X37bf_X355,2,5,"[MF,MF,MF,WM,WM]",MF MF MF WM WM,9.965942492447917,False
uid___A001_X37bf_X37f,1,5,"[MF,MF,MF,WM,WM]",MF MF MF WM WM,14.547173677038483,False
uid___A001_X37bf_X38b,2,5,"[MF,MF,MF,WM,WM]",MF MF MF WM WM,16.173407943111254,False
uid___A001_X37bf_X391,2,5,"[MF,MF,MF,WM,WM]",MF MF MF WM WM,12.925002199704862,False
uid___A001_X37bf_X3a,5,5,"[CONT,MM,MM,MM,WM]",CONT MM MM MM WM,18.985516302055345,False
uid___A001_X37bf_X3c,22,5,"[CONT,MM,MM,MM,WM]",CONT MM MM MM WM,24.89753964859859,False
uid___A001_X37bf_X42,1,5,"[CONT,MM,MM,MM,WM]",CONT MM MM MM WM,22.135888814954185,False
uid___A001_X37bf_X44,26,5,"[CONT,MM,MM,MM,WM]",CONT MM MM MM WM,30.685464716263873,False
uid___A001_X37bf_X4a,6,5,"[CONT,MM,MM,MM,WM]",CONT MM MM MM WM,26.378859377945204,False
uid___A001_X37bf_X4c,20,5,"[CONT,MM,MM,MM,WM]",CONT MM MM MM WM,23.21364251065457,False
uid___A001_X37bf_X4f1,4,9,"[MF,MF,NF,NF,NF,NF,NF,NF,WM]",MF MF NF NF NF NF NF NF WM,18.87790855177217,False
uid___A001_X37bf_X4f7,3,9,"[MF,MF,NF,NF,NF,NF,NF,NF,WM]",MF MF NF NF NF NF NF NF WM,23.920932873634197,False
uid___A001_X37bf_X4fd,5,9,"[MF,MF,NF,NF,NF,NF,NF,NF,WM]",MF MF NF NF NF NF NF NF WM,21.832483417500683,False
uid___A001_X37bf_X503,3,9,"[MF,MF,NF,NF,NF,NF,NF,NF,WM]",MF MF NF NF NF NF NF NF WM,52.36743843342799,False
uid___A001_X37bf_X509,3,9,"[MF,MF,NF,NF,NF,NF,NF,NF,WM]",MF MF NF NF NF NF NF NF WM,17.793573722181954,False
uid___A001_X37bf_X50f,3,9,"[MF,MF,NF,NF,NF,NF,NF,NF,WM]",MF MF NF NF NF NF NF NF WM,10.839618542980082,False
uid___A001_X37bf_X515,3,9,"[MF,MF,NF,NF,NF,NF,NF,NF,WM]",MF MF NF NF NF NF NF NF WM,21.7024022102518,False
uid___A001_X37bf_X51b,3,9,"[MF,MF,NF,NF,NF,NF,NF,NF,WM]",MF MF NF NF NF NF NF NF WM,45.61985994932575,False
uid___A001_X37bf_X52,3,5,"[CONT,MM,MM,MM,WM]",CONT MM MM MM WM,30.381274551028127,False
uid___A001_X37bf_X521,4,9,"[MF,MF,NF,NF,NF,NF,NF,NF,WM]",MF MF NF NF NF NF NF NF WM,15.807585364409881,False
uid___A001_X37bf_X527,3,9,"[MF,MF,NF,NF,NF,NF,NF,NF,WM]",MF MF NF NF NF NF NF NF WM,12.0121995119094,False
uid___A001_X37bf_X52d,4,9,"[MF,MF,NF,NF,NF,NF,NF,NF,WM]",MF MF NF NF NF NF NF NF WM,32.00103863250732,False
uid___A001_X37bf_X533,3,9,"[MF,MF,NF,NF,NF,NF,NF,NF,WM]",MF MF NF NF NF NF NF NF WM,10.014348806377052,False
uid___A001_X37bf_X54,9,5,"[CONT,MM,MM,MM,WM]",CONT MM MM MM WM,22.59167015476599,False
uid___A001_X37bf_X64c,1,4,"[CONT,CONT,MM,MM]",CONT CONT MM MM,21.388555138960328,False
uid___A001_X37bf_X668,1,4,"[CONT,CONT,CONT,WC]",CONT CONT CONT WC,17.90322307428579,False
uid___A001_X37bf_X671,1,4,"[CONT,CONT,CONT,WC]",CONT CONT CONT WC,21.52573648888889,False
uid___A001_X37bf_X675,1,4,"[CONT,CONT,CONT,CONT]",CONT CONT CONT CONT,13.286810961249923,False
uid___A001_X37bf_X678,1,4,"[CONT,CONT,CONT,CONT]",CONT CONT CONT CONT,13.286790011249828,False
uid___A001_X37bf_X94,10,6,"[WC,WC,WC,WC,WC,WC]",WC WC WC WC WC WC,nan,False
uid___A001_X37bf_Xc1,1,4,"[CONT,CONT,CONT,CONT]",CONT CONT CONT CONT,14.82521727500019,False
uid___A001_X37bf_Xc4,1,4,"[CONT,CONT,CONT,CONT]",CONT CONT CONT CONT,14.825131573750115,False
uid___A001_X37bf_Xc7,1,4,"[CONT,CONT,CONT,CONT]",CONT CONT CONT CONT,14.825123535000229,False
uid___A001_X37bf_Xcb,1,5,"[CONT,CONT,CONT,MF,MF]",CONT CONT CONT MF MF,15.995485662958176,False
uid___A001_X37bf_Xcf,3,6,"[CONT,CONT,MF,MF,MF,MF]",CONT CONT MF MF MF MF,22.803541836086374,False
uid___A001_X37bf_Xf6,1,6,"[MM,MM,NF,NF,WM,WM]",MM MM NF NF WM WM,16.980512160666652,False
uid___A001_X37c7_X11,6,5,"[NF,NF,NF,NF,WM]",NF NF NF NF WM,17.104024542435834,False
uid___A001_X37c7_X22,8,4,"[CONT,MM,MM,MM]",CONT MM MM MM,13.426203743308088,False
uid___A001_X37c7_X24,21,4,"[CONT,MM,MM,MM]",CONT MM MM MM,15.39746859050416,False
uid___A001_X37c7_X2a,8,4,"[CONT,MM,MM,MM]",CONT MM MM MM,17.198067979279312,False
uid___A001_X37c7_X63,1,8,"[MM,MM,MM,MM,MM,MM,MM,WM]",MM MM MM MM MM MM MM WM,12.108057215999814,False
uid___A001_X37c7_X69,1,6,"[MM,MM,MM,MM,MM,WC]",MM MM MM MM MM WC,6.153143850667318,False
uid___A001_X37c7_Xa6,1,7,"[NF,NF,NF,NF,NF,NF,WM]",NF NF NF NF NF NF WM,6.113766492462718,False
uid___A001_X37c7_Xb7,2,4,"[WM,WM,WM,WM]",WM WM WM WM,43.6908999799998,False
uid___A001_X37c8_X113,1,4,"[CONT,CONT,CONT,CONT]",CONT CONT CONT CONT,13.2867667,False
uid___A001_X37c8_X116,1,4,"[CONT,CONT,CONT,CONT]",CONT CONT CONT CONT,13.286517227500152,False
uid___A001_X37c8_X144,3,11,"[MF,MF,NF,NF,NF,NF,NF,NF,NF,NF,WM]",MF MF NF NF NF NF NF NF NF NF WM,60.84894360840822,False
uid___A001_X37c8_X148,4,12,"[MF,NF,NF,NF,NF,NF,NF,NF,NF,NF,NF,WM]",MF NF NF NF NF NF NF NF NF NF NF WM,67.61671014851588,False
uid___A001_X37c8_X153,1,12,"[MM,MM,MM,MM,MM,MM,MM,MM,MM,MM,MM,MM]",MM MM MM MM MM MM MM MM MM MM MM MM,44.04837944746745,False
uid___A001_X37c8_X160,1,4,"[WC,WC,WC,WC]",WC WC WC WC,11.230166114666545,False
uid___A001_X37c8_X16a,1,6,"[MF,NF,NF,NF,WM,WM]",MF NF NF NF WM WM,20.178247485405176,False
uid___A001_X37c8_X16c,1,5,"[CONT,MF,MF,NF,WM]",CONT MF MF NF WM,20.080835084466962,False
uid___A001_X37c8_X173,1,4,"[MF,MF,MF,WM]",MF MF MF WM,62.856512224558664,False
uid___A001_X37c8_X17d,2,4,"[CONT,CONT,CONT,WC]",CONT CONT CONT WC,29.16723621587224,False
uid___A001_X37c8_X1de,1,4,"[CONT,CONT,CONT,CONT]",CONT CONT CONT CONT,13.270993322500038,False
uid___A001_X37c8_X1e2,4,4,"[CONT,CONT,CONT,CONT]",CONT CONT CONT CONT,14.24416340249977,False
uid___A001_X37c8_X24a,1,8,"[WM,WM,WM,WM,WM,WM,WM,WM]",WM WM WM WM WM WM WM WM,26.788367672668457,False
uid___A001_X37c8_X2c1,2,4,"[WM,WM,WM,WM]",WM WM WM WM,nan,False
uid___A001_X37c8_X319,2,4,"[MF,WM,WM,WM]",MF WM WM WM,11.00033822720052,False
uid___A001_X37c8_X31d,1,5,"[MF,MF,WM,WM,WM]",MF MF WM WM WM,24.39611154090573,False
uid___A001_X37c8_X39a,4,4,"[WM,WM,WM,WM]",WM WM WM WM,61.48843831800049,False
uid___A001_X37c8_X39f,3,4,"[WM,WM,WM,WM]",WM WM WM WM,27.09863247599935,False
uid___A001_X37c8_X3a2,3,4,"[WM,WM,WM,WM]",WM WM WM WM,89.30823837466471,False
uid___A001_X37c8_X3a6,1,13,"[MM,MM,MM,MM,MM,MM,MM,MM,MM,MM,MM,MM,MM]",MM MM MM MM MM MM MM MM MM MM MM MM MM,34.2041882,False
uid___A001_X37c8_X3a8,1,13,"[MM,MM,MM,MM,MM,MM,MM,MM,MM,MM,MM,MM,MM]",MM MM MM MM MM MM MM MM MM MM MM MM MM,28.277827870221355,False
uid___A001_X37c8_X3ab,1,13,"[MM,MM,MM,MM,MM,MM,MM,MM,MM,MM,MM,MM,MM]",MM MM MM MM MM MM MM MM MM MM MM MM MM,19.642732991997274,False
uid___A001_X37c8_X3ad,1,13,"[MM,MM,MM,MM,MM,MM,MM,MM,MM,MM,MM,MM,MM]",MM MM MM MM MM MM MM MM MM MM MM MM MM,11.954677911999513,False
uid___A001_X37c8_X3b0,1,13,"[MM,MM,MM,MM,MM,MM,MM,MM,MM,MM,MM,MM,MM]",MM MM MM MM MM MM MM MM MM MM MM MM MM,15.292874514667155,False
uid___A001_X37c8_X3b2,1,13,"[MM,MM,MM,MM,MM,MM,MM,MM,MM,MM,MM,MM,MM]",MM MM MM MM MM MM MM MM MM MM MM MM MM,23.948451917331138,False
uid___A001_X37c8_X3b5,1,13,"[MM,MM,MM,MM,MM,MM,MM,MM,MM,MM,MM,MM,MM]",MM MM MM MM MM MM MM MM MM MM MM MM MM,54.32255917599731,False
uid___A001_X37c8_X3b7,1,13,"[MM,MM,MM,MM,MM,MM,MM,MM,MM,MM,MM,MM,MM]",MM MM MM MM MM MM MM MM MM MM MM MM MM,43.36305794400228,False
uid___A001_X37c8_X3c7,1,4,"[CONT,CONT,CONT,MC]",CONT CONT CONT MC,54.5012373131528,False
uid___A001_X37c8_X3d7,1,4,"[CONT,CONT,CONT,CONT]",CONT CONT CONT CONT,20.32930857999954,False
uid___A001_X37c8_X3dd,1,4,"[CONT,CONT,CONT,CONT]",CONT CONT CONT CONT,28.140160616250228,False
uid___A001_X37c8_X3e8,1,4,"[CONT,CONT,CONT,CONT]",CONT CONT CONT CONT,24.211162590000534,False
uid___A001_X37c8_X3f2,1,4,"[CONT,CONT,CONT,CONT]",CONT CONT CONT CONT,13.290016641250038,False
uid___A001_X37c8_X3f9,1,4,"[CONT,CONT,CONT,CONT]",CONT CONT CONT CONT,16.60915341000023,False
uid___A001_X37c8_X403,2,4,"[WM,WM,WM,WM]",WM WM WM WM,14.666106924001465,False
uid___A001_X37c8_X415,2,4,"[CONT,CONT,CONT,CONT]",CONT CONT CONT CONT,31.63471736875,False
uid___A001_X37c8_X419,1,4,"[CONT,CONT,CONT,CONT]",CONT CONT CONT CONT,13.272492516249848,False
uid___A001_X37c8_X41d,2,4,"[CONT,CONT,CONT,CONT]",CONT CONT CONT CONT,17.570418915000914,False
uid___A001_X37c8_X437,1,4,"[CONT,CONT,WM,WM]",CONT CONT WM WM,33.50468488387018,False
uid___A001_X37c8_X454,1,4,"[CONT,CONT,CONT,CONT]",CONT CONT CONT CONT,13.290272773749924,False
uid___A001_X37c8_X46a,2,4,"[WC,WC,WC,WC]",WC WC WC WC,38.43020716666667,False
uid___A001_X37c8_X46e,7,6,"[WC,WC,WC,WC,WC,WC]",WC WC WC WC WC WC,nan,False
uid___A001_X37c8_X4d5,2,6,"[MF,MF,MF,MF,MF,WM]",MF MF MF MF MF WM,82.6060276092081,False
uid___A001_X37c8_X4d9,2,7,"[MF,MF,MF,MF,MF,MF,WM]",MF MF MF MF MF MF WM,68.11053047466518,False
uid___A001_X37c8_X4e9,3,4,"[WM,WM,WM,WM]",WM WM WM WM,19.239926573332518,False
uid___A001_X37c8_X4ed,2,4,"[WM,WM,WM,WM]",WM WM WM WM,13.95000388666748,False
uid___A001_X37c8_X72,6,5,"[CONT,CONT,MM,MM,MM]",CONT CONT MM MM MM,63.41878434870451,False
uid___A001_X37c8_X8e,2,14,"[MF,MF,MF,MF,MF,MM,MM,MM,MM,MM,MM,MM,MM,MM]",MF MF MF MF MF MM MM MM MM MM MM MM MM MM,24.693820103999023,False
uid___A001_X37c8_X94,2,14,"[MF,MF,MF,MF,MF,MM,MM,MM,MM,MM,MM,MM,MM,MM]",MF MF MF MF MF MM MM MM MM MM MM MM MM MM,25.250799589335937,False
uid___A001_X37c8_X9a,2,14,"[MF,MF,MF,MF,MF,MM,MM,MM,MM,MM,MM,MM,MM,MM]",MF MF MF MF MF MM MM MM MM MM MM MM MM MM,25.037754034668783,False
uid___A001_X37c8_Xa0,2,14,"[MF,MF,MF,MF,MF,MM,MM,MM,MM,MM,MM,MM,MM,MM]",MF MF MF MF MF MM MM MM MM MM MM MM MM MM,31.22268977600179,False
uid___A001_X37c8_Xa6,2,14,"[MF,MF,MF,MF,MF,MM,MM,MM,MM,MM,MM,MM,MM,MM]",MF MF MF MF MF MM MM MM MM MM MM MM MM MM,23.931239218667805,False
uid___A001_X37c8_Xac,2,14,"[MF,MF,MF,MF,MF,MM,MM,MM,MM,MM,MM,MM,MM,MM]",MF MF MF MF MF MM MM MM MM MM MM MM MM MM,24.47915933066732,False
uid___A001_X37c8_Xb2,2,14,"[MF,MF,MF,MF,MF,MM,MM,MM,MM,MM,MM,MM,MM,MM]",MF MF MF MF MF MM MM MM MM MM MM MM MM MM,22.90994552533203,False
uid___A001_X37c8_Xb8,2,14,"[MF,MF,MF,MF,MF,MM,MM,MM,MM,MM,MM,MM,MM,MM]",MF MF MF MF MF MM MM MM MM MM MM MM MM MM,23.329666856000976,False
uid___A001_X37c8_Xbe,2,14,"[MF,MF,MF,MF,MF,MM,MM,MM,MM,MM,MM,MM,MM,MM]",MF MF MF MF MF MM MM MM MM MM MM MM MM MM,22.630682738662923,False
uid___A001_X37c8_Xc4,2,14,"[MF,MF,MF,MF,MF,MM,MM,MM,MM,MM,MM,MM,MM,MM]",MF MF MF MF MF MM MM MM MM MM MM MM MM MM,23.223548767994792,False
uid___A001_X37c8_Xda,13,4,"[CONT,CONT,WM,WM]",CONT CONT WM WM,18.484183401288828,False
uid___A001_X37dc_X100,3,4,"[CONT,CONT,MC,MC]",CONT CONT MC MC,31.37596851234053,False
uid___A001_X37dc_X104,2,4,"[CONT,CONT,MC,MC]",CONT CONT MC MC,33.30737568765947,False
uid___A001_X37dc_X108,2,4,"[CONT,CONT,MC,MC]",CONT CONT MC MC,26.325849415319563,False
uid___A001_X37dc_X10c,2,4,"[CONT,CONT,MC,MC]",CONT CONT MC MC,29.027188792057462,False
uid___A001_X37dc_X110,2,4,"[CONT,CONT,MC,MC]",CONT CONT MC MC,31.785236472341463,False
uid___A001_X37dc_X120,2,4,"[CONT,CONT,MC,MC]",CONT CONT MC MC,25.52243674723342,False
uid___A001_X37dc_X124,3,4,"[CONT,CONT,MC,MC]",CONT CONT MC MC,33.239919407659265,False
uid___A001_X37dc_X12e,1,4,"[CONT,CONT,MC,MC]",CONT CONT MC MC,28.58498603404411,False
uid___A001_X37dc_X144,4,4,"[WC,WC,WC,WC]",WC WC WC WC,27.90670365866699,False
uid___A001_X37dc_X154,4,4,"[WC,WC,WC,WC]",WC WC WC WC,35.19917430933349,False
uid___A001_X37dc_X168,2,6,"[MM,MM,MM,MM,MM,MM]",MM MM MM MM MM MM,33.53520698879687,False
uid___A001_X37dc_X16e,2,6,"[MM,MM,MM,MM,MM,MM]",MM MM MM MM MM MM,45.569646404266926,False
uid___A001_X37dc_X174,2,6,"[MM,MM,MM,MM,MM,MM]",MM MM MM MM MM MM,79.2344042709349,False
uid___A001_X37dc_X29,1,4,"[WC,WC,WC,WC]",WC WC WC WC,4.040001850667013,False
uid___A001_X37dc_X2d,1,4,"[WC,WC,WC,WC]",WC WC WC WC,4.49944161466685,False
uid___A001_X37dc_X2f,1,4,"[WC,WC,WC,WC]",WC WC WC WC,2.1958071733335367,False
uid___A001_X37dc_X89,1,4,"[CONT,CONT,CONT,CONT]",CONT CONT CONT CONT,17.189278481249715,False
uid___A001_X37dc_X8d,1,4,"[CONT,CONT,CONT,CONT]",CONT CONT CONT CONT,17.185425977500056,False
uid___A001_X37dc_X95,1,4,"[CONT,CONT,CONT,CONT]",CONT CONT CONT CONT,17.19168223000021,False
uid___A001_X37dc_X99,1,4,"[CONT,CONT,CONT,CONT]",CONT CONT CONT CONT,17.190602751249884,False
uid___A001_X37dc_X9d,1,4,"[CONT,CONT,CONT,CONT]",CONT CONT CONT CONT,17.1955878,False
uid___A001_X37dc_Xa1,1,4,"[CONT,CONT,CONT,CONT]",CONT CONT CONT CONT,17.180917003749467,False
uid___A001_X37dc_Xa5,1,4,"[CONT,CONT,CONT,CONT]",CONT CONT CONT CONT,24.407814940000343,False
uid___A001_X37dc_Xa9,1,4,"[CONT,CONT,CONT,CONT]",CONT CONT CONT CONT,17.961979090000153,False
uid___A001_X37dc_Xad,1,4,"[CONT,CONT,CONT,CONT]",CONT CONT CONT CONT,17.180574490000154,False
uid___A001_X37dc_Xc5,1,4,"[CONT,CONT,CONT,CONT]",CONT CONT CONT CONT,31.6423953125,False
uid___A001_X37dc_Xc9,1,4,"[CONT,CONT,CONT,CONT]",CONT CONT CONT CONT,21.103886612499238,False
uid___A001_X37dc_Xcd,1,4,"[CONT,CONT,CONT,CONT]",CONT CONT CONT CONT,33.98246380874901,False
uid___A001_X37dc_Xd1,1,4,"[CONT,CONT,CONT,CONT]",CONT CONT CONT CONT,29.29622135249958,False
uid___A001_X37fb_X19f,2,4,"[WC,WC,WC,WC]",WC WC WC WC,61.87178746133545,False
uid___A001_X37fb_X1a1,1,4,"[WC,WC,WC,WC]",WC WC WC WC,60.72554748533366,False
uid___A001_X37fb_X1a5,4,4,"[WC,WC,WC,WC]",WC WC WC WC,70.5184444959969,False
uid___A001_X37fb_X1a9,3,4,"[WC,WC,WC,WC]",WC WC WC WC,40.51336331600016,False
uid___A001_X37fb_X1b6,2,4,"[WC,WC,WC,WC]",WC WC WC WC,19.948489458666586,False
uid___A001_X37fb_X1c3,1,4,"[MF,WM,WM,WM]",MF WM WM WM,81.78252662482572,False
uid___A001_X37fb_X1c6,1,4,"[MF,WM,WM,WM]",MF WM WM WM,78.9915236356921,False
uid___A001_X37fb_X22,7,4,"[CONT,CONT,MF,MF]",CONT CONT MF MF,17.63682329977946,False
uid___A001_X37fb_X25b,3,4,"[NF,NF,WM,WM]",NF NF WM WM,47.6273181782071,False
uid___A001_X37fb_X281,1,4,"[CONT,CONT,CONT,CONT]",CONT CONT CONT CONT,13.272086533748627,False
uid___A001_X37fb_X284,1,4,"[CONT,CONT,CONT,CONT]",CONT CONT CONT CONT,13.270957247499085,False
uid___A001_X37fb_X287,1,4,"[CONT,CONT,CONT,CONT]",CONT CONT CONT CONT,13.273091222499847,False
uid___A001_X37fb_X2b4,4,4,"[MC,NF,NF,NF]",MC NF NF NF,12.936252460521708,False
uid___A001_X37fb_X2b8,4,4,"[MC,NF,NF,NF]",MC NF NF NF,46.19432180399039,False
uid___A001_X37fb_X2ba,2,4,"[MC,NF,NF,NF]",MC NF NF NF,23.90367515347741,False
uid___A001_X37fb_X2c3,1,4,"[CONT,CONT,CONT,CONT]",CONT CONT CONT CONT,13.29084525625019,False
uid___A001_X37fb_X2c6,1,4,"[CONT,CONT,CONT,CONT]",CONT CONT CONT CONT,13.289457478750037,False
uid___A001_X37fb_X2ca,1,4,"[CONT,CONT,CONT,CONT]",CONT CONT CONT CONT,13.289658527500915,False
uid___A001_X37fb_X2cd,1,4,"[CONT,CONT,CONT,CONT]",CONT CONT CONT CONT,17.58478221624985,False
uid___A001_X37fb_X2fd,1,4,"[MF,MM,MM,WM]",MF MM MM WM,6.235745279998958,False
uid___A001_X37fb_X301,2,4,"[MF,MM,MM,WM]",MF MM MM WM,35.09395485013229,False
uid___A001_X37fb_X388,1,4,"[CONT,CONT,CONT,CONT]",CONT CONT CONT CONT,26.561061392500115,False
uid___A001_X37fb_X38b,1,4,"[CONT,CONT,CONT,CONT]",CONT CONT CONT CONT,25.777269824999617,False
uid___A001_X37fb_X3f,1,4,"[WC,WC,WC,WC]",WC WC WC WC,13.583608491999716,False
uid___A001_X37fb_X3fc,1,4,"[MF,WM,WM,WM]",MF WM WM WM,15.135873100624469,False
uid___A001_X37fb_X402,1,4,"[MF,WM,WM,WM]",MF WM WM WM,16.68895312109003,False
uid___A001_X37fb_X408,1,4,"[MF,WM,WM,WM]",MF WM WM WM,11.9470443746402,False
uid___A001_X37fb_X411,1,12,"[WC,WC,WC,WC,WM,WM,WM,WM,WM,WM,WM,WM]",WC WC WC WC WM WM WM WM WM WM WM WM,nan,False
uid___A001_X37fb_X41a,1,4,"[CONT,CONT,CONT,WM]",CONT CONT CONT WM,36.813383301586526,False
uid___A001_X37fb_X43,1,4,"[WM,WM,WM,WM]",WM WM WM WM,25.741186252002766,False
uid___A001_X37fb_X485,7,4,"[CONT,MM,MM,MM]",CONT MM MM MM,15.597917120001265,False
uid___A001_X37fb_X52,11,6,"[NM,NM,NM,NM,WC,WC]",NM NM NM NM WC WC,80.89154043022883,False
uid___A001_X37fb_X7,2,6,"[MF,NF,NF,NF,NF,WM]",MF NF NF NF NF WM,14.036187348328435,False
uid___A001_X37fb_X96,1,4,"[CONT,CONT,CONT,CONT]",CONT CONT CONT CONT,15.04261411875,False
uid___A001_X37fb_X9a,1,4,"[CONT,CONT,CONT,CONT]",CONT CONT CONT CONT,13.283422547500134,False
uid___A001_X37fb_Xa0,2,4,"[CONT,CONT,CONT,CONT]",CONT CONT CONT CONT,16.409050997499847,False
uid___A001_X37fb_Xb,2,6,"[MF,NF,NF,NF,NF,WM]",MF NF NF NF NF WM,32.731880153209296,False
uid___A001_X3819_X101,2,7,"[MF,NF,NF,NF,NF,WM,WM]",MF NF NF NF NF WM WM,26.672491389683486,False
uid___A001_X3819_X155,7,6,"[MM,MM,MM,MM,MM,MM]",MM MM MM MM MM MM,38.49159995555572,False
uid___A001_X3819_X177,2,4,"[MF,MF,WM,WM]",MF MF WM WM,36.36541239467231,False
uid___A001_X3819_X180,4,4,"[MF,MF,WM,WM]",MF MF WM WM,33.83184554133572,False
uid___A001_X3819_X189,4,4,"[MF,MF,WM,WM]",MF MF WM WM,65.19179408089084,False
uid___A001_X3819_X19b,2,4,"[MF,MF,WM,WM]",MF MF WM WM,33.81074924266819,False
uid___A001_X3819_X1e3,5,4,"[CONT,CONT,CONT,CONT]",CONT CONT CONT CONT,28.129623870000458,False
uid___A001_X3819_X1e6,5,4,"[CONT,CONT,CONT,CONT]",CONT CONT CONT CONT,21.098689910000992,False
uid___A001_X3819_X1e9,5,4,"[CONT,CONT,CONT,CONT]",CONT CONT CONT CONT,19.14554238624916,False
uid___A001_X3819_X1ef,5,4,"[CONT,CONT,CONT,CONT]",CONT CONT CONT CONT,18.75395921500015,False
uid___A001_X3819_X1f2,5,4,"[CONT,CONT,CONT,CONT]",CONT CONT CONT CONT,18.753470740000154,False
uid___A001_X3819_X1f5,5,4,"[CONT,CONT,CONT,CONT]",CONT CONT CONT CONT,28.90874395249939,False
uid___A001_X3819_X27,2,5,"[MF,MF,NF,NF,WM]",MF MF NF NF WM,40.871974567438514,False
uid___A001_X3819_X6c,5,4,"[MC,MC,MC,WC]",MC MC MC WC,21.755930743466145,False
uid___A001_X3827_X102,1,4,"[MF,MF,MF,MF]",MF MF MF MF,66.44161343467854,False
uid___A001_X3827_X1de,1,4,"[CONT,CONT,CONT,CONT]",CONT CONT CONT CONT,13.284185811249733,False
uid___A001_X3827_X248,1,4,"[CONT,CONT,CONT,WC]",CONT CONT CONT WC,32.48689386412722,False
uid___A001_X3827_X24b,1,4,"[CONT,CONT,CONT,WC]",CONT CONT CONT WC,35.93635199238088,False
uid___A001_X3827_X24e,1,4,"[CONT,CONT,CONT,WC]",CONT CONT CONT WC,27.578169982222494,False
uid___A001_X3827_X257,1,4,"[CONT,CONT,CONT,WC]",CONT CONT CONT WC,27.342318958730157,False
uid___A001_X3827_X25b,1,4,"[CONT,CONT,CONT,WC]",CONT CONT CONT WC,24.00375057777739,False
uid___A001_X3827_X25e,1,4,"[CONT,CONT,CONT,WC]",CONT CONT CONT WC,22.66430595682625,False
uid___A001_X3827_X261,1,4,"[CONT,CONT,CONT,WC]",CONT CONT CONT WC,16.492566830476115,False
uid___A001_X3827_X29a,2,4,"[NF,NF,WC,WC]",NF NF WC WC,64.4093794518801,False
uid___A001_X3827_X2e3,2,4,"[CONT,CONT,CONT,CONT]",CONT CONT CONT CONT,29.680133800000764,False
uid___A001_X3827_X2e7,4,4,"[CONT,CONT,CONT,CONT]",CONT CONT CONT CONT,26.16827861500168,False
uid___A001_X3827_X2eb,3,4,"[CONT,CONT,CONT,CONT]",CONT CONT CONT CONT,18.74514514999924,False
uid___A001_X3827_X3c9,2,4,"[CONT,CONT,CONT,CONT]",CONT CONT CONT CONT,22.843814418750764,False
uid___A001_X3827_X3cc,2,4,"[CONT,CONT,CONT,CONT]",CONT CONT CONT CONT,14.838107069999694,False
uid___A001_X3827_X3cf,1,4,"[CONT,CONT,CONT,CONT]",CONT CONT CONT CONT,20.890586975,False
uid___A001_X3827_X3d2,1,4,"[CONT,CONT,CONT,CONT]",CONT CONT CONT CONT,14.446956927500915,False
uid___A001_X3827_X3d5,3,4,"[CONT,CONT,CONT,CONT]",CONT CONT CONT CONT,19.719144786249544,False
uid___A001_X3827_X3d8,2,4,"[CONT,CONT,CONT,CONT]",CONT CONT CONT CONT,15.0318477875,False
uid___A001_X3827_X3de,1,4,"[CONT,CONT,CONT,CONT]",CONT CONT CONT CONT,14.4458334375,False
uid___A001_X3827_X3e1,2,4,"[CONT,CONT,CONT,CONT]",CONT CONT CONT CONT,23.23754793250046,False
uid___A001_X3827_X3e4,2,4,"[CONT,CONT,CONT,CONT]",CONT CONT CONT CONT,15.2280970875,False
uid___A001_X3827_X3e7,1,4,"[CONT,CONT,CONT,CONT]",CONT CONT CONT CONT,20.114314815000153,False
uid___A001_X3827_X3ea,2,4,"[CONT,CONT,CONT,CONT]",CONT CONT CONT CONT,17.964698837501526,False
uid___A001_X3827_X3ed,1,4,"[CONT,CONT,CONT,CONT]",CONT CONT CONT CONT,20.89740804000015,False
uid___A001_X3827_X3f0,1,4,"[CONT,CONT,CONT,CONT]",CONT CONT CONT CONT,13.476009988749695,False
uid___A001_X3827_X3f3,1,4,"[CONT,CONT,CONT,CONT]",CONT CONT CONT CONT,13.281672632501222,False
uid___A001_X3827_X3f6,1,4,"[CONT,CONT,CONT,CONT]",CONT CONT CONT CONT,13.284913832498932,False
uid___A001_X3827_X406,1,4,"[CONT,CONT,CONT,CONT]",CONT CONT CONT CONT,19.132887656249427,False
uid___A001_X3827_X409,1,4,"[CONT,CONT,CONT,CONT]",CONT CONT CONT CONT,13.275894251249504,False
uid___A001_X3827_X40c,1,4,"[CONT,CONT,CONT,CONT]",CONT CONT CONT CONT,13.858964267500497,False
uid___A001_X3827_X40f,1,4,"[CONT,CONT,CONT,CONT]",CONT CONT CONT CONT,13.275347573749924,False
uid___A001_X3827_X412,1,4,"[CONT,CONT,CONT,CONT]",CONT CONT CONT CONT,13.273704497499848,False
uid___A001_X3827_X415,1,4,"[CONT,CONT,CONT,CONT]",CONT CONT CONT CONT,13.274340388749314,False
uid___A001_X3827_X418,1,4,"[CONT,CONT,CONT,CONT]",CONT CONT CONT CONT,13.470065621249962,False
uid___A001_X3827_X41b,1,4,"[CONT,CONT,CONT,CONT]",CONT CONT CONT CONT,13.274087447499467,False
uid___A001_X3827_X41e,1,4,"[CONT,CONT,CONT,CONT]",CONT CONT CONT CONT,13.667028636249542,False
uid___A001_X3827_X421,1,4,"[CONT,CONT,CONT,CONT]",CONT CONT CONT CONT,13.275144722499848,False
uid___A001_X3827_X424,1,4,"[CONT,CONT,CONT,CONT]",CONT CONT CONT CONT,13.278335972499848,False
uid___A001_X3827_X427,1,4,"[CONT,CONT,CONT,CONT]",CONT CONT CONT CONT,13.277273980000306,False
uid___A001_X3827_X42a,1,4,"[CONT,CONT,CONT,CONT]",CONT CONT CONT CONT,13.280399601249886,False
uid___A001_X3827_X42d,1,4,"[CONT,CONT,CONT,CONT]",CONT CONT CONT CONT,13.280840687500383,False
uid___A001_X3827_X430,1,4,"[CONT,CONT,CONT,CONT]",CONT CONT CONT CONT,13.282054888750459,False
uid___A001_X3827_X433,1,4,"[CONT,CONT,CONT,CONT]",CONT CONT CONT CONT,13.28516802250042,False
uid___A001_X3827_X443,2,4,"[CONT,CONT,CONT,CONT]",CONT CONT CONT CONT,14.835661382499886,False
uid___A001_X3827_X446,1,4,"[CONT,CONT,CONT,CONT]",CONT CONT CONT CONT,13.2758345875,False
uid___A001_X3827_X449,1,4,"[CONT,CONT,CONT,CONT]",CONT CONT CONT CONT,13.273344579999923,False
uid___A001_X3827_X44c,1,4,"[CONT,CONT,CONT,CONT]",CONT CONT CONT CONT,13.275229637500095,False
uid___A001_X3827_X44f,1,4,"[CONT,CONT,CONT,CONT]",CONT CONT CONT CONT,13.469419123750018,False
uid___A001_X3827_X452,1,4,"[CONT,CONT,CONT,CONT]",CONT CONT CONT CONT,13.274280865000152,False
uid___A001_X3827_X455,1,4,"[CONT,CONT,CONT,CONT]",CONT CONT CONT CONT,13.274813803749847,False
uid___A001_X3827_X458,1,4,"[CONT,CONT,CONT,CONT]",CONT CONT CONT CONT,13.274155157499981,False
uid___A001_X3827_X45b,1,4,"[CONT,CONT,CONT,CONT]",CONT CONT CONT CONT,13.276457297500134,False
uid___A001_X3827_X45e,1,4,"[CONT,CONT,CONT,CONT]",CONT CONT CONT CONT,13.275203274999905,False
uid___A001_X3827_X461,1,4,"[CONT,CONT,CONT,CONT]",CONT CONT CONT CONT,13.278409510000133,False
uid___A001_X3827_X464,1,4,"[CONT,CONT,CONT,CONT]",CONT CONT CONT CONT,13.277282027499771,False
uid___A001_X3827_X467,1,4,"[CONT,CONT,CONT,CONT]",CONT CONT CONT CONT,13.280458292500018,False
uid___A001_X3827_X46a,1,4,"[CONT,CONT,CONT,CONT]",CONT CONT CONT CONT,13.280894383750153,False
uid___A001_X3827_X46d,1,4,"[CONT,CONT,CONT,CONT]",CONT CONT CONT CONT,13.4774432375,False
uid___A001_X3827_X470,1,4,"[CONT,CONT,CONT,CONT]",CONT CONT CONT CONT,13.285394739999962,False
uid___A001_X3827_X4d8,1,6,"[MF,MF,MF,MF,WM,WM]",MF MF MF MF WM WM,41.787649083262444,False
uid___A001_X3827_X6,4,4,"[CONT,CONT,CONT,WC]",CONT CONT CONT WC,28.862077205080062,False
uid___A001_X3827_X6e,1,4,"[CONT,CONT,CONT,CONT]",CONT CONT CONT CONT,13.273827707499885,False
uid___A001_X3827_X72,1,4,"[CONT,CONT,CONT,CONT]",CONT CONT CONT CONT,13.272068635000133,False
uid___A001_X3827_X76,1,4,"[CONT,CONT,CONT,CONT]",CONT CONT CONT CONT,13.273417562500095,False
uid___A001_X3827_X7e,1,4,"[CONT,CONT,CONT,CONT]",CONT CONT CONT CONT,13.286191303750039,False
uid___A001_X3827_X82,1,4,"[CONT,CONT,CONT,CONT]",CONT CONT CONT CONT,13.274435987499904,False
uid___A001_X3827_X86,1,4,"[CONT,CONT,CONT,CONT]",CONT CONT CONT CONT,13.288482621250058,False
uid___A001_X3827_X96,1,4,"[CONT,CONT,CONT,CONT]",CONT CONT CONT CONT,13.483366942500114,False
uid___A001_X3827_X9a,1,4,"[CONT,CONT,CONT,CONT]",CONT CONT CONT CONT,13.272140785000133,False
uid___A001_X3827_X9e,1,4,"[CONT,CONT,CONT,CONT]",CONT CONT CONT CONT,13.277546623750114,False
uid___A001_X3827_Xa2,1,4,"[CONT,CONT,CONT,CONT]",CONT CONT CONT CONT,13.273571851249981,False
uid___A001_X3827_Xa6,1,4,"[CONT,CONT,CONT,CONT]",CONT CONT CONT CONT,13.278163645000076,False
uid___A001_X3827_Xaa,1,4,"[CONT,CONT,CONT,CONT]",CONT CONT CONT CONT,13.27731005500021,False
uid___A001_X3827_Xae,2,4,"[CONT,CONT,CONT,CONT]",CONT CONT CONT CONT,14.445545223749829,False
uid___A001_X3827_Xba,1,4,"[CONT,CONT,CONT,CONT]",CONT CONT CONT CONT,13.276730773750115,False
uid___A001_X3827_Xbe,1,4,"[CONT,CONT,CONT,CONT]",CONT CONT CONT CONT,13.274989740000153,False
uid___A001_X3827_Xc6,1,4,"[CONT,CONT,CONT,CONT]",CONT CONT CONT CONT,13.271940291249942,False
uid___A001_X3827_Xca,1,4,"[CONT,CONT,CONT,CONT]",CONT CONT CONT CONT,13.275377545000076,False
uid___A001_X3827_Xce,2,4,"[CONT,CONT,CONT,CONT]",CONT CONT CONT CONT,15.227366562499808,False
uid___A001_X3827_Xd2,1,4,"[CONT,CONT,CONT,CONT]",CONT CONT CONT CONT,13.277161870000267,False
uid___A001_X3827_Xee,2,4,"[MF,MF,MF,MF]",MF MF MF MF,54.782497029319664,False
uid___A001_X3827_Xf2,1,4,"[MF,MF,MF,MF]",MF MF MF MF,44.8914399680013,False
uid___A001_X3827_Xfa,1,4,"[MF,MF,MF,MF]",MF MF MF MF,53.008960042663574,False
uid___A001_X3832_X61,1,4,"[WM,WM,WM,WM]",WM WM WM WM,21.04644174666504,False
uid___A001_X3832_X65,1,4,"[WM,WM,WM,WM]",WM WM WM WM,3.051444645330404,False
uid___A001_X3835_X10,4,4,"[WC,WC,WC,WC]",WC WC WC WC,38.11933026000041,False
uid___A001_X3835_X132,1,4,"[CONT,CONT,CONT,CONT]",CONT CONT CONT CONT,16.603537551250078,False
uid___A001_X3835_X14,3,4,"[WC,WC,WC,WC]",WC WC WC WC,40.35899841066772,False
uid___A001_X3835_X14e,1,6,"[MF,MF,MF,WM,WM,WM]",MF MF MF WM WM WM,17.57316195774289,False
uid___A001_X3835_X151,1,6,"[MF,MF,MF,WM,WM,WM]",MF MF MF WM WM WM,17.818133448207632,False
uid___A001_X3835_X154,2,6,"[MF,MF,MF,WM,WM,WM]",MF MF MF WM WM WM,16.500508489845252,False
uid___A001_X3835_X157,1,6,"[MF,MF,MF,WM,WM,WM]",MF MF MF WM WM WM,15.444551007178987,False
uid___A001_X3835_X15a,1,6,"[MF,MF,MF,WM,WM,WM]",MF MF MF WM WM WM,16.25406969436148,False
uid___A001_X3835_X15d,1,6,"[MF,MF,MF,WM,WM,WM]",MF MF MF WM WM WM,18.637834546870494,False
uid___A001_X3835_X160,1,6,"[MF,MF,MF,WM,WM,WM]",MF MF MF WM WM WM,18.93402347979367,False
uid___A001_X3835_X166,1,7,"[MF,MF,MF,MF,MF,MF,MF]",MF MF MF MF MF MF MF,41.71699959040625,False
uid___A001_X3835_X18,4,4,"[WC,WC,WC,WC]",WC WC WC WC,46.93116138133545,False
uid___A001_X3835_X1c5,1,4,"[WC,WC,WC,WC]",WC WC WC WC,47.183705233333335,False
uid___A001_X3835_X1d9,1,6,"[MF,MF,MF,MF,MF,WM]",MF MF MF MF MF WM,48.79507708120028,False
uid___A001_X3835_X1dc,1,6,"[MF,MF,MF,MF,MF,WM]",MF MF MF MF MF WM,5.386876633212594,False
uid___A001_X3835_X1df,1,6,"[MF,MF,MF,MF,MF,WM]",MF MF MF MF MF WM,15.484718603638731,False
uid___A001_X3835_X1e2,2,6,"[MF,MF,MF,MF,MF,WM]",MF MF MF MF MF WM,14.559421862786458,False
uid___A001_X3835_X1e5,1,6,"[MF,MF,MF,MF,MF,WM]",MF MF MF MF MF WM,6.3382515742992425,False
uid___A001_X3835_X1e8,1,6,"[MF,MF,MF,MF,MF,WM]",MF MF MF MF MF WM,16.547376698181818,False
uid___A001_X3835_X1eb,1,6,"[MF,MF,MF,MF,MF,WM]",MF MF MF MF MF WM,9.967765930665246,False
uid___A001_X3835_X1ee,2,6,"[MF,MF,MF,MF,MF,WM]",MF MF MF MF MF WM,17.64152876217803,False
uid___A001_X3835_X213,3,4,"[WM,WM,WM,WM]",WM WM WM WM,28.039367002666015,False
uid___A001_X3835_X22,1,4,"[WM,WM,WM,WM]",WM WM WM WM,3.0185337160009764,False
uid___A001_X3835_X24,2,4,"[WM,WM,WM,WM]",WM WM WM WM,18.53160857866862,False
uid___A001_X3835_X284,1,4,"[WM,WM,WM,WM]",WM WM WM WM,20.95810437599772,False
uid___A001_X3835_X46,1,4,"[CONT,CONT,CONT,CONT]",CONT CONT CONT CONT,16.797378752500915,False
uid___A001_X3835_X8f,3,4,"[CONT,CONT,CONT,CONT]",CONT CONT CONT CONT,14.05533020000019,False
uid___A001_X3835_X92,2,4,"[CONT,CONT,CONT,CONT]",CONT CONT CONT CONT,14.44598423125,False
uid___A001_X3835_X95,3,4,"[CONT,CONT,CONT,CONT]",CONT CONT CONT CONT,14.055110200000192,False
uid___A001_X3835_X98,3,4,"[CONT,CONT,CONT,CONT]",CONT CONT CONT CONT,14.05498438749981,False
uid___A001_X3835_X9b,3,4,"[CONT,CONT,CONT,CONT]",CONT CONT CONT CONT,14.250249925,False
uid___A001_X3845_X1021,1,4,"[CONT,CONT,CONT,CONT]",CONT CONT CONT CONT,22.46515155624962,False
uid___A001_X3845_X1025,1,4,"[CONT,CONT,CONT,CONT]",CONT CONT CONT CONT,23.440770794999693,False
uid___A001_X3845_X1134,1,4,"[CONT,CONT,CONT,CONT]",CONT CONT CONT CONT,22.258746573750305,False
uid___A001_X3845_X1137,1,4,"[CONT,CONT,CONT,CONT]",CONT CONT CONT CONT,17.18027371500015,False
uid___A001_X3845_X113a,1,4,"[CONT,CONT,CONT,CONT]",CONT CONT CONT CONT,17.181286676250267,False
uid___A001_X3845_X33d,1,4,"[CONT,CONT,CONT,CONT]",CONT CONT CONT CONT,17.572627613749887,False
uid___A001_X3845_X340,1,4,"[CONT,CONT,CONT,CONT]",CONT CONT CONT CONT,17.18077390249996,False
uid___A001_X3845_X94e,1,4,"[CONT,CONT,CONT,CONT]",CONT CONT CONT CONT,17.179981817499733,False
uid___A001_X3845_Xc51,3,4,"[WM,WM,WM,WM]",WM WM WM WM,19.105060415996093,False
uid___A001_X3845_Xff6,1,4,"[CONT,CONT,CONT,CONT]",CONT CONT CONT CONT,13.285277635000229,False
uid___A001_X3845_Xffa,1,4,"[CONT,CONT,CONT,CONT]",CONT CONT CONT CONT,15.627867803749847,False
uid___A001_X3845_Xffe,2,4,"[CONT,CONT,CONT,CONT]",CONT CONT CONT CONT,14.456110483750152,False
uid___A001_X3873_X5e2,1,4,"[CONT,CONT,CONT,CONT]",CONT CONT CONT CONT,28.509187332500456,False
uid___A001_X3873_X7e0,1,4,"[CONT,CONT,CONT,CONT]",CONT CONT CONT CONT,13.280012072499847,False
